{
  "experiment": "physics",
  "problem": "burgers",
  "experiment_type": "comparison",
  "timestamp": "2026-06-12T12:35:00",
  "seed": 123,
  "test_idx": 2,
  "prior": {
    "n_prior": 500,
    "a_err": 0.988912045955658,
    "crps_a": 0.0518378358876027,
    "coverage_95": 0.9921875,
    "ci_width": 0.5937180768084882,
    "mean_std": 0.15028668313661503
  },
  "prior_ood": null,
  "condition": null,
  "conditions": {
    "data_only": {
      "sigma": 0.01,
      "num_warmup": 5000,
      "num_samples": 3000,
      "num_chains": 4,
      "ess_min": 5212.598597081361,
      "rhat_max": 1.0009556923530316,
      "rhat_mean": 1.000271210882837,
      "n_div": 0,
      "reliability_flag": "PASS",
      "reliability_explanation": "All diagnostics within thresholds",
      "a_err": 0.23024493103400534,
      "crps_a": 0.01175661157575962,
      "coverage_95": 0.8828125,
      "ci_width": 0.07997460040512983,
      "mean_std": 0.020443136299122637,
      "cal_levels": [
        0.1,
        0.19444444444444445,
        0.28888888888888886,
        0.3833333333333333,
        0.47777777777777775,
        0.5722222222222222,
        0.6666666666666666,
        0.7611111111111111,
        0.8555555555555555,
        0.95
      ],
      "cal_empirical": [
        0.0859375,
        0.125,
        0.2265625,
        0.328125,
        0.3671875,
        0.546875,
        0.6484375,
        0.734375,
        0.8203125,
        0.8828125
      ],
      "nll_a": -2.6866136586094735,
      "u_err": 0.04944947253772489,
      "chi2_ppc": 0.6455708162146668,
      "chi2_ppc_pvalue": 1.0,
      "map_a_err": 0.146553635597229,
      "map_u_err": 0.023965472355484962,
      "label": "data_only",
      "warmup_time_s": 298.20056533813477,
      "sampling_time_s": 180.12807655334473,
      "step_time_s": 0.014947770059108734,
      "spearman_rho_error_std": 0.179042299945065,
      "spearman_pvalue_error_std": 0.04316274821326532,
      "a_err_per_sample": null
    },
    "physics": {
      "sigma": 0.01,
      "num_warmup": 5000,
      "num_samples": 3000,
      "num_chains": 4,
      "ess_min": 5020.606580802276,
      "rhat_max": 1.0005486329521789,
      "rhat_mean": 1.0001494302079748,
      "n_div": 0,
      "reliability_flag": "PASS",
      "reliability_explanation": "All diagnostics within thresholds",
      "a_err": 0.23185942698250087,
      "crps_a": 0.011814058408891714,
      "coverage_95": 0.8828125,
      "ci_width": 0.07975052092818977,
      "mean_std": 0.020425076302710413,
      "cal_levels": [
        0.1,
        0.19444444444444445,
        0.28888888888888886,
        0.3833333333333333,
        0.47777777777777775,
        0.5722222222222222,
        0.6666666666666666,
        0.7611111111111111,
        0.8555555555555555,
        0.95
      ],
      "cal_empirical": [
        0.1015625,
        0.125,
        0.21875,
        0.3125,
        0.3828125,
        0.5390625,
        0.6328125,
        0.7265625,
        0.8359375,
        0.8828125
      ],
      "nll_a": -2.679055823511495,
      "u_err": 0.05012532496828982,
      "chi2_ppc": 0.6551541362864185,
      "chi2_ppc_pvalue": 1.0,
      "map_a_err": 0.146553635597229,
      "map_u_err": 0.023965472355484962,
      "label": "physics",
      "warmup_time_s": 373.11141657829285,
      "sampling_time_s": 233.67679142951965,
      "step_time_s": 0.01896213150024414,
      "spearman_rho_error_std": 0.18716237868522248,
      "spearman_pvalue_error_std": 0.03439079781122011,
      "a_err_per_sample": null
    }
  },
  "sweep_var": null,
  "baseline": null,
  "sweep_conditions": null,
  "laplace": null,
  "map_time_s": 6.881580352783203,
  "total_time_s": 2649.532060146332,
  "sweep_value": null,
  "is_sweep_baseline": null
}