{
  "experiment": "physics",
  "problem": "burgers",
  "experiment_type": "comparison",
  "timestamp": "2026-06-12T14:07:21",
  "seed": 7,
  "test_idx": 0,
  "prior": {
    "n_prior": 500,
    "a_err": 0.9936088919639587,
    "crps_a": 0.06449103603242046,
    "coverage_95": 0.9921875,
    "ci_width": 0.5922809739021584,
    "mean_std": 0.15069773006675605
  },
  "prior_ood": null,
  "condition": null,
  "conditions": {
    "data_only": {
      "sigma": 0.002,
      "num_warmup": 5000,
      "num_samples": 3000,
      "num_chains": 4,
      "ess_min": 4832.006815415329,
      "rhat_max": 1.0005996291549766,
      "rhat_mean": 1.0001017640838463,
      "n_div": 0,
      "reliability_flag": "PASS",
      "reliability_explanation": "All diagnostics within thresholds",
      "a_err": 0.07112131518099936,
      "crps_a": 0.004632501444811671,
      "coverage_95": 0.9375,
      "ci_width": 0.03859609255131183,
      "mean_std": 0.009879705418562642,
      "cal_levels": [
        0.1,
        0.19444444444444445,
        0.28888888888888886,
        0.3833333333333333,
        0.47777777777777775,
        0.5722222222222222,
        0.6666666666666666,
        0.7611111111111111,
        0.8555555555555555,
        0.95
      ],
      "cal_empirical": [
        0.21875,
        0.3359375,
        0.4140625,
        0.453125,
        0.578125,
        0.6171875,
        0.6953125,
        0.765625,
        0.84375,
        0.9375
      ],
      "nll_a": -3.5800435459809528,
      "u_err": 0.01607393589517698,
      "chi2_ppc": 1.7846881188652262,
      "chi2_ppc_pvalue": 1.0,
      "map_a_err": 0.08626629412174225,
      "map_u_err": 0.019194714725017548,
      "label": "data_only",
      "warmup_time_s": 887.342257976532,
      "sampling_time_s": 575.0534565448761,
      "step_time_s": 0.045699866078794005,
      "spearman_rho_error_std": -0.0012646493316242446,
      "spearman_pvalue_error_std": 0.9886963315157112,
      "a_err_per_sample": null
    },
    "physics": {
      "sigma": 0.002,
      "num_warmup": 5000,
      "num_samples": 3000,
      "num_chains": 4,
      "ess_min": 5279.287229306167,
      "rhat_max": 1.0007259629041438,
      "rhat_mean": 1.000291714311675,
      "n_div": 0,
      "reliability_flag": "PASS",
      "reliability_explanation": "All diagnostics within thresholds",
      "a_err": 0.07085551456607735,
      "crps_a": 0.004615150498563952,
      "coverage_95": 0.9375,
      "ci_width": 0.038470068892611245,
      "mean_std": 0.009850395938589815,
      "cal_levels": [
        0.1,
        0.19444444444444445,
        0.28888888888888886,
        0.3833333333333333,
        0.47777777777777775,
        0.5722222222222222,
        0.6666666666666666,
        0.7611111111111111,
        0.8555555555555555,
        0.95
      ],
      "cal_empirical": [
        0.2265625,
        0.3125,
        0.4140625,
        0.4609375,
        0.578125,
        0.609375,
        0.703125,
        0.765625,
        0.8515625,
        0.9375
      ],
      "nll_a": -3.5889155119268437,
      "u_err": 0.016036147057001796,
      "chi2_ppc": 1.7869576501860092,
      "chi2_ppc_pvalue": 1.0,
      "map_a_err": 0.08626629412174225,
      "map_u_err": 0.019194714725017548,
      "label": "physics",
      "warmup_time_s": 1121.689326286316,
      "sampling_time_s": 717.0710017681122,
      "step_time_s": 0.057461260251700876,
      "spearman_rho_error_std": 0.014059924922175424,
      "spearman_pvalue_error_std": 0.874837229569527,
      "a_err_per_sample": null
    }
  },
  "sweep_var": null,
  "baseline": null,
  "sweep_conditions": null,
  "laplace": null,
  "map_time_s": 7.370942115783691,
  "total_time_s": 4702.826634645462,
  "sweep_value": null,
  "is_sweep_baseline": null
}