{
  "experiment": "physics",
  "problem": "burgers",
  "experiment_type": "comparison",
  "timestamp": "2026-06-12T11:10:09",
  "seed": 123,
  "test_idx": 1,
  "prior": {
    "n_prior": 500,
    "a_err": 1.0229862928390503,
    "crps_a": 0.13913603282408557,
    "coverage_95": 0.6953125,
    "ci_width": 0.5937180768084882,
    "mean_std": 0.15028668313661503
  },
  "prior_ood": null,
  "condition": null,
  "conditions": {
    "data_only": {
      "sigma": 0.01,
      "num_warmup": 5000,
      "num_samples": 3000,
      "num_chains": 4,
      "ess_min": 5067.934196844495,
      "rhat_max": 1.0017583730719894,
      "rhat_mean": 1.0004988577626153,
      "n_div": 0,
      "reliability_flag": "PASS",
      "reliability_explanation": "All diagnostics within thresholds",
      "a_err": 0.08607411227946836,
      "crps_a": 0.01168127936466867,
      "coverage_95": 0.890625,
      "ci_width": 0.07675482086264718,
      "mean_std": 0.01966779445721099,
      "cal_levels": [
        0.1,
        0.19444444444444445,
        0.28888888888888886,
        0.3833333333333333,
        0.47777777777777775,
        0.5722222222222222,
        0.6666666666666666,
        0.7611111111111111,
        0.8555555555555555,
        0.95
      ],
      "cal_empirical": [
        0.0546875,
        0.1171875,
        0.1640625,
        0.265625,
        0.375,
        0.5,
        0.5859375,
        0.71875,
        0.828125,
        0.890625
      ],
      "nll_a": -2.711786816029398,
      "u_err": 0.023498833760244038,
      "chi2_ppc": 2.241146686746755,
      "chi2_ppc_pvalue": 1.0,
      "map_a_err": 0.10017198324203491,
      "map_u_err": 0.02305612526834011,
      "label": "data_only",
      "warmup_time_s": 326.0181248188019,
      "sampling_time_s": 220.15666675567627,
      "step_time_s": 0.01706796223670244,
      "spearman_rho_error_std": 0.308854834279436,
      "spearman_pvalue_error_std": 0.0003894283027035617,
      "a_err_per_sample": null
    },
    "physics": {
      "sigma": 0.01,
      "num_warmup": 5000,
      "num_samples": 3000,
      "num_chains": 4,
      "ess_min": 5230.879854464305,
      "rhat_max": 1.0007194318496404,
      "rhat_mean": 1.0001934881520667,
      "n_div": 0,
      "reliability_flag": "PASS",
      "reliability_explanation": "All diagnostics within thresholds",
      "a_err": 0.08670833042913405,
      "crps_a": 0.011769267876392694,
      "coverage_95": 0.890625,
      "ci_width": 0.07672321996779963,
      "mean_std": 0.019660013211447395,
      "cal_levels": [
        0.1,
        0.19444444444444445,
        0.28888888888888886,
        0.3833333333333333,
        0.47777777777777775,
        0.5722222222222222,
        0.6666666666666666,
        0.7611111111111111,
        0.8555555555555555,
        0.95
      ],
      "cal_empirical": [
        0.046875,
        0.109375,
        0.15625,
        0.2578125,
        0.3828125,
        0.4921875,
        0.6015625,
        0.7265625,
        0.8125,
        0.890625
      ],
      "nll_a": -2.7031190895652264,
      "u_err": 0.023695457665516347,
      "chi2_ppc": 2.2327233556004806,
      "chi2_ppc_pvalue": 1.0,
      "map_a_err": 0.10017198324203491,
      "map_u_err": 0.02305612526834011,
      "label": "physics",
      "warmup_time_s": 414.16477727890015,
      "sampling_time_s": 260.9388403892517,
      "step_time_s": 0.021096988052129746,
      "spearman_rho_error_std": 0.3121223219190624,
      "spearman_pvalue_error_std": 0.00033494946949110774,
      "a_err_per_sample": null
    }
  },
  "sweep_var": null,
  "baseline": null,
  "sweep_conditions": null,
  "laplace": null,
  "map_time_s": 7.177145957946777,
  "total_time_s": 2691.0102047920227,
  "sweep_value": null,
  "is_sweep_baseline": null
}