{
  "experiment": "physics",
  "problem": "burgers",
  "experiment_type": "comparison",
  "timestamp": "2026-06-12T13:23:26",
  "seed": 7,
  "test_idx": 1,
  "prior": {
    "n_prior": 500,
    "a_err": 0.9966800212860107,
    "crps_a": 0.1357999513195558,
    "coverage_95": 0.7109375,
    "ci_width": 0.5922809739021584,
    "mean_std": 0.15069773006675605
  },
  "prior_ood": null,
  "condition": null,
  "conditions": {
    "data_only": {
      "sigma": 0.01,
      "num_warmup": 5000,
      "num_samples": 3000,
      "num_chains": 4,
      "ess_min": 7219.770322820876,
      "rhat_max": 1.0005780203992343,
      "rhat_mean": 1.0000910196462447,
      "n_div": 0,
      "reliability_flag": "PASS",
      "reliability_explanation": "All diagnostics within thresholds",
      "a_err": 0.08466506997849052,
      "crps_a": 0.011105851005902188,
      "coverage_95": 0.890625,
      "ci_width": 0.06453748318127198,
      "mean_std": 0.016482575637882607,
      "cal_levels": [
        0.1,
        0.19444444444444445,
        0.28888888888888886,
        0.3833333333333333,
        0.47777777777777775,
        0.5722222222222222,
        0.6666666666666666,
        0.7611111111111111,
        0.8555555555555555,
        0.95
      ],
      "cal_empirical": [
        0.015625,
        0.1015625,
        0.1796875,
        0.2421875,
        0.359375,
        0.4765625,
        0.59375,
        0.703125,
        0.7890625,
        0.890625
      ],
      "nll_a": -2.8217252314477426,
      "u_err": 0.02057687188927369,
      "chi2_ppc": 1.2409601974401843,
      "chi2_ppc_pvalue": 1.0,
      "map_a_err": 0.08970635384321213,
      "map_u_err": 0.020799247547984123,
      "label": "data_only",
      "warmup_time_s": 292.2384536266327,
      "sampling_time_s": 164.7616322040558,
      "step_time_s": 0.014281252682209014,
      "spearman_rho_error_std": 0.4901059787584692,
      "spearman_pvalue_error_std": 4.308950371538554e-09,
      "a_err_per_sample": null
    },
    "physics": {
      "sigma": 0.01,
      "num_warmup": 5000,
      "num_samples": 3000,
      "num_chains": 4,
      "ess_min": 7988.071656407692,
      "rhat_max": 1.0003756204555319,
      "rhat_mean": 1.0000038351679672,
      "n_div": 0,
      "reliability_flag": "PASS",
      "reliability_explanation": "All diagnostics within thresholds",
      "a_err": 0.08434661397139123,
      "crps_a": 0.011046186932606571,
      "coverage_95": 0.890625,
      "ci_width": 0.06442918020129036,
      "mean_std": 0.016462438809409164,
      "cal_levels": [
        0.1,
        0.19444444444444445,
        0.28888888888888886,
        0.3833333333333333,
        0.47777777777777775,
        0.5722222222222222,
        0.6666666666666666,
        0.7611111111111111,
        0.8555555555555555,
        0.95
      ],
      "cal_empirical": [
        0.0234375,
        0.09375,
        0.1796875,
        0.25,
        0.359375,
        0.453125,
        0.59375,
        0.703125,
        0.7890625,
        0.890625
      ],
      "nll_a": -2.8234657791592976,
      "u_err": 0.020513886372274436,
      "chi2_ppc": 1.2302933103686027,
      "chi2_ppc_pvalue": 1.0,
      "map_a_err": 0.08970635384321213,
      "map_u_err": 0.020799247547984123,
      "label": "physics",
      "warmup_time_s": 372.9090437889099,
      "sampling_time_s": 205.46165132522583,
      "step_time_s": 0.018074084222316742,
      "spearman_rho_error_std": 0.47867263321735937,
      "spearman_pvalue_error_std": 1.096473459985946e-08,
      "a_err_per_sample": null
    }
  },
  "sweep_var": null,
  "baseline": null,
  "sweep_conditions": null,
  "laplace": null,
  "map_time_s": 7.219787836074829,
  "total_time_s": 2423.6622409820557,
  "sweep_value": null,
  "is_sweep_baseline": null
}