{
  "experiment": "physics",
  "problem": "burgers",
  "experiment_type": "comparison",
  "timestamp": "2026-06-12T11:31:11",
  "seed": 123,
  "test_idx": 0,
  "prior": {
    "n_prior": 500,
    "a_err": 0.9602197408676147,
    "crps_a": 0.06393076147802378,
    "coverage_95": 0.9921875,
    "ci_width": 0.5937180768084882,
    "mean_std": 0.15028668313661503
  },
  "prior_ood": null,
  "condition": null,
  "conditions": {
    "data_only": {
      "sigma": 0.005,
      "num_warmup": 5000,
      "num_samples": 3000,
      "num_chains": 4,
      "ess_min": 4803.391194847993,
      "rhat_max": 1.0004158141926802,
      "rhat_mean": 1.0000526993766456,
      "n_div": 0,
      "reliability_flag": "PASS",
      "reliability_explanation": "All diagnostics within thresholds",
      "a_err": 0.10327024874479718,
      "crps_a": 0.00676016571153101,
      "coverage_95": 0.953125,
      "ci_width": 0.06244365298997951,
      "mean_std": 0.01597036202151986,
      "cal_levels": [
        0.1,
        0.19444444444444445,
        0.28888888888888886,
        0.3833333333333333,
        0.47777777777777775,
        0.5722222222222222,
        0.6666666666666666,
        0.7611111111111111,
        0.8555555555555555,
        0.95
      ],
      "cal_empirical": [
        0.125,
        0.265625,
        0.3359375,
        0.46875,
        0.5546875,
        0.6953125,
        0.78125,
        0.859375,
        0.921875,
        0.953125
      ],
      "nll_a": -3.2398157957867006,
      "u_err": 0.026996586738000476,
      "chi2_ppc": 0.4123046357083093,
      "chi2_ppc_pvalue": 1.0,
      "map_a_err": 0.13728231191635132,
      "map_u_err": 0.03045090101659298,
      "label": "data_only",
      "warmup_time_s": 519.1669754981995,
      "sampling_time_s": 294.56682872772217,
      "step_time_s": 0.025429181382060052,
      "spearman_rho_error_std": 0.23036073979124705,
      "spearman_pvalue_error_std": 0.008898001968548001,
      "a_err_per_sample": null
    },
    "physics": {
      "sigma": 0.005,
      "num_warmup": 5000,
      "num_samples": 3000,
      "num_chains": 4,
      "ess_min": 5734.50003960779,
      "rhat_max": 1.0009257277655457,
      "rhat_mean": 1.0003163268200832,
      "n_div": 0,
      "reliability_flag": "PASS",
      "reliability_explanation": "All diagnostics within thresholds",
      "a_err": 0.1027425820800561,
      "crps_a": 0.006718934140850764,
      "coverage_95": 0.953125,
      "ci_width": 0.062053098735764756,
      "mean_std": 0.015859406122283398,
      "cal_levels": [
        0.1,
        0.19444444444444445,
        0.28888888888888886,
        0.3833333333333333,
        0.47777777777777775,
        0.5722222222222222,
        0.6666666666666666,
        0.7611111111111111,
        0.8555555555555555,
        0.95
      ],
      "cal_empirical": [
        0.1328125,
        0.2734375,
        0.3515625,
        0.4375,
        0.5703125,
        0.6953125,
        0.796875,
        0.859375,
        0.921875,
        0.953125
      ],
      "nll_a": -3.2438137077647555,
      "u_err": 0.0266438306521912,
      "chi2_ppc": 0.40388327176558425,
      "chi2_ppc_pvalue": 1.0,
      "map_a_err": 0.13728231191635132,
      "map_u_err": 0.03045090101659298,
      "label": "physics",
      "warmup_time_s": 642.8882462978363,
      "sampling_time_s": 376.36257696151733,
      "step_time_s": 0.0318515882268548,
      "spearman_rho_error_std": 0.21874427760483428,
      "spearman_pvalue_error_std": 0.01311428065895055,
      "a_err_per_sample": null
    }
  },
  "sweep_var": null,
  "baseline": null,
  "sweep_conditions": null,
  "laplace": null,
  "map_time_s": 7.559316635131836,
  "total_time_s": 3406.271472454071,
  "sweep_value": null,
  "is_sweep_baseline": null
}