{
  "experiment": "physics",
  "problem": "burgers",
  "experiment_type": "comparison",
  "timestamp": "2026-06-12T11:02:21",
  "seed": 42,
  "test_idx": 2,
  "prior": {
    "n_prior": 500,
    "a_err": 0.9377694129943848,
    "crps_a": 0.051359853787119866,
    "coverage_95": 0.9921875,
    "ci_width": 0.6128114267302585,
    "mean_std": 0.15381072323505676
  },
  "prior_ood": null,
  "condition": null,
  "conditions": {
    "data_only": {
      "sigma": 0.007,
      "num_warmup": 5000,
      "num_samples": 3000,
      "num_chains": 4,
      "ess_min": 6041.889965581989,
      "rhat_max": 1.0006900225982773,
      "rhat_mean": 1.0001506178464652,
      "n_div": 0,
      "reliability_flag": "PASS",
      "reliability_explanation": "All diagnostics within thresholds",
      "a_err": 0.18299733868494197,
      "crps_a": 0.008978340726644224,
      "coverage_95": 0.9453125,
      "ci_width": 0.0601873110836584,
      "mean_std": 0.015371609285219363,
      "cal_levels": [
        0.1,
        0.19444444444444445,
        0.28888888888888886,
        0.3833333333333333,
        0.47777777777777775,
        0.5722222222222222,
        0.6666666666666666,
        0.7611111111111111,
        0.8555555555555555,
        0.95
      ],
      "cal_empirical": [
        0.078125,
        0.1640625,
        0.296875,
        0.3203125,
        0.4140625,
        0.5078125,
        0.6328125,
        0.7109375,
        0.8046875,
        0.9453125
      ],
      "nll_a": -3.0565490412129583,
      "u_err": 0.03392327667467772,
      "chi2_ppc": 1.2589833449311023,
      "chi2_ppc_pvalue": 1.0,
      "map_a_err": 0.11106017976999283,
      "map_u_err": 0.01702774688601494,
      "label": "data_only",
      "warmup_time_s": 305.867116689682,
      "sampling_time_s": 200.57875728607178,
      "step_time_s": 0.015826433561742306,
      "spearman_rho_error_std": 0.3480589635597876,
      "spearman_pvalue_error_std": 5.67744215012735e-05,
      "a_err_per_sample": null
    },
    "physics": {
      "sigma": 0.007,
      "num_warmup": 5000,
      "num_samples": 3000,
      "num_chains": 4,
      "ess_min": 5999.733168483161,
      "rhat_max": 1.0005383813244975,
      "rhat_mean": 1.0000904874131324,
      "n_div": 0,
      "reliability_flag": "PASS",
      "reliability_explanation": "All diagnostics within thresholds",
      "a_err": 0.1844062213755303,
      "crps_a": 0.009049166105054187,
      "coverage_95": 0.9453125,
      "ci_width": 0.06049635725769528,
      "mean_std": 0.01543960297498096,
      "cal_levels": [
        0.1,
        0.19444444444444445,
        0.28888888888888886,
        0.3833333333333333,
        0.47777777777777775,
        0.5722222222222222,
        0.6666666666666666,
        0.7611111111111111,
        0.8555555555555555,
        0.95
      ],
      "cal_empirical": [
        0.0859375,
        0.171875,
        0.296875,
        0.3203125,
        0.4140625,
        0.5078125,
        0.6328125,
        0.7109375,
        0.8046875,
        0.9453125
      ],
      "nll_a": -3.050972644678425,
      "u_err": 0.03426924647202235,
      "chi2_ppc": 1.264201721914355,
      "chi2_ppc_pvalue": 1.0,
      "map_a_err": 0.11106017976999283,
      "map_u_err": 0.01702774688601494,
      "label": "physics",
      "warmup_time_s": 386.55001187324524,
      "sampling_time_s": 244.8200991153717,
      "step_time_s": 0.01973031596839428,
      "spearman_rho_error_std": 0.3565738875663797,
      "spearman_pvalue_error_std": 3.608164627677251e-05,
      "a_err_per_sample": null
    }
  },
  "sweep_var": null,
  "baseline": null,
  "sweep_conditions": null,
  "laplace": null,
  "map_time_s": 6.957451581954956,
  "total_time_s": 2518.7652218341827,
  "sweep_value": null,
  "is_sweep_baseline": null
}