{
  "experiment": "physics",
  "problem": "burgers",
  "experiment_type": "comparison",
  "timestamp": "2026-06-12T13:30:08",
  "seed": 7,
  "test_idx": 2,
  "prior": {
    "n_prior": 500,
    "a_err": 1.03684401512146,
    "crps_a": 0.05374271776860842,
    "coverage_95": 0.9921875,
    "ci_width": 0.5922809739021584,
    "mean_std": 0.15069773006675605
  },
  "prior_ood": null,
  "condition": null,
  "conditions": {
    "data_only": {
      "sigma": 0.01,
      "num_warmup": 5000,
      "num_samples": 3000,
      "num_chains": 4,
      "ess_min": 9180.553240174519,
      "rhat_max": 1.0007690079997356,
      "rhat_mean": 1.0000956698546513,
      "n_div": 0,
      "reliability_flag": "PASS",
      "reliability_explanation": "All diagnostics within thresholds",
      "a_err": 0.18176929368042477,
      "crps_a": 0.008810626549746129,
      "coverage_95": 0.9609375,
      "ci_width": 0.06689404924845754,
      "mean_std": 0.017072976682782664,
      "cal_levels": [
        0.1,
        0.19444444444444445,
        0.28888888888888886,
        0.3833333333333333,
        0.47777777777777775,
        0.5722222222222222,
        0.6666666666666666,
        0.7611111111111111,
        0.8555555555555555,
        0.95
      ],
      "cal_empirical": [
        0.1015625,
        0.15625,
        0.328125,
        0.40625,
        0.46875,
        0.5859375,
        0.6640625,
        0.8046875,
        0.8984375,
        0.9609375
      ],
      "nll_a": -3.0525826154344466,
      "u_err": 0.03219124532684654,
      "chi2_ppc": 0.48811230914731324,
      "chi2_ppc_pvalue": 1.0,
      "map_a_err": 0.13474242389202118,
      "map_u_err": 0.02203241176903248,
      "label": "data_only",
      "warmup_time_s": 252.80899786949158,
      "sampling_time_s": 149.22647213935852,
      "step_time_s": 0.012563608437776565,
      "spearman_rho_error_std": 0.3471777147042666,
      "spearman_pvalue_error_std": 5.945760375501288e-05,
      "a_err_per_sample": null
    },
    "physics": {
      "sigma": 0.01,
      "num_warmup": 5000,
      "num_samples": 3000,
      "num_chains": 4,
      "ess_min": 8732.978880815703,
      "rhat_max": 1.0005344578371884,
      "rhat_mean": 1.000086517722635,
      "n_div": 0,
      "reliability_flag": "PASS",
      "reliability_explanation": "All diagnostics within thresholds",
      "a_err": 0.1826175855947168,
      "crps_a": 0.008873354732594024,
      "coverage_95": 0.9609375,
      "ci_width": 0.0674206221421754,
      "mean_std": 0.017191259972792867,
      "cal_levels": [
        0.1,
        0.19444444444444445,
        0.28888888888888886,
        0.3833333333333333,
        0.47777777777777775,
        0.5722222222222222,
        0.6666666666666666,
        0.7611111111111111,
        0.8555555555555555,
        0.95
      ],
      "cal_empirical": [
        0.09375,
        0.15625,
        0.3203125,
        0.4140625,
        0.5,
        0.5703125,
        0.6640625,
        0.796875,
        0.8984375,
        0.9609375
      ],
      "nll_a": -3.0449373664136394,
      "u_err": 0.03243426865123507,
      "chi2_ppc": 0.48061509234338623,
      "chi2_ppc_pvalue": 1.0,
      "map_a_err": 0.13474242389202118,
      "map_u_err": 0.02203241176903248,
      "label": "physics",
      "warmup_time_s": 317.4896364212036,
      "sampling_time_s": 189.11101174354553,
      "step_time_s": 0.01583127025514841,
      "spearman_rho_error_std": 0.342050448635781,
      "spearman_pvalue_error_std": 7.75734050251742e-05,
      "a_err_per_sample": null
    }
  },
  "sweep_var": null,
  "baseline": null,
  "sweep_conditions": null,
  "laplace": null,
  "map_time_s": 7.15665864944458,
  "total_time_s": 2320.192197084427,
  "sweep_value": null,
  "is_sweep_baseline": null
}