{
  "experiment": "physics",
  "problem": "burgers",
  "experiment_type": "comparison",
  "timestamp": "2026-06-12T11:07:36",
  "seed": 42,
  "test_idx": 0,
  "prior": {
    "n_prior": 500,
    "a_err": 0.9434337019920349,
    "crps_a": 0.06372308686693665,
    "coverage_95": 0.9921875,
    "ci_width": 0.6128114267302585,
    "mean_std": 0.15381072323505676
  },
  "prior_ood": null,
  "condition": null,
  "conditions": {
    "data_only": {
      "sigma": 0.002,
      "num_warmup": 5000,
      "num_samples": 3000,
      "num_chains": 4,
      "ess_min": 5266.736403177477,
      "rhat_max": 1.0012183637152174,
      "rhat_mean": 1.0003290662025264,
      "n_div": 0,
      "reliability_flag": "PASS",
      "reliability_explanation": "All diagnostics within thresholds",
      "a_err": 0.06633432064266764,
      "crps_a": 0.004231583174256946,
      "coverage_95": 0.953125,
      "ci_width": 0.034997144797168485,
      "mean_std": 0.008924748675362758,
      "cal_levels": [
        0.1,
        0.19444444444444445,
        0.28888888888888886,
        0.3833333333333333,
        0.47777777777777775,
        0.5722222222222222,
        0.6666666666666666,
        0.7611111111111111,
        0.8555555555555555,
        0.95
      ],
      "cal_empirical": [
        0.0625,
        0.1328125,
        0.2421875,
        0.3671875,
        0.515625,
        0.6484375,
        0.6953125,
        0.8203125,
        0.890625,
        0.953125
      ],
      "nll_a": -3.6763981412494413,
      "u_err": 0.015895648564599164,
      "chi2_ppc": 3.339769938708899,
      "chi2_ppc_pvalue": 1.0,
      "map_a_err": 0.09284250438213348,
      "map_u_err": 0.019918134436011314,
      "label": "data_only",
      "warmup_time_s": 798.0501666069031,
      "sampling_time_s": 559.6834855079651,
      "step_time_s": 0.04242917662858963,
      "spearman_rho_error_std": 0.35185291155466025,
      "spearman_pvalue_error_std": 4.6465510806254245e-05,
      "a_err_per_sample": null
    },
    "physics": {
      "sigma": 0.002,
      "num_warmup": 5000,
      "num_samples": 3000,
      "num_chains": 4,
      "ess_min": 5336.270047155534,
      "rhat_max": 1.0009997108708009,
      "rhat_mean": 1.00031901841536,
      "n_div": 0,
      "reliability_flag": "PASS",
      "reliability_explanation": "All diagnostics within thresholds",
      "a_err": 0.06582030045641007,
      "crps_a": 0.004213180327552702,
      "coverage_95": 0.953125,
      "ci_width": 0.03542925320370562,
      "mean_std": 0.00903771400600287,
      "cal_levels": [
        0.1,
        0.19444444444444445,
        0.28888888888888886,
        0.3833333333333333,
        0.47777777777777775,
        0.5722222222222222,
        0.6666666666666666,
        0.7611111111111111,
        0.8555555555555555,
        0.95
      ],
      "cal_empirical": [
        0.0703125,
        0.1328125,
        0.25,
        0.375,
        0.5234375,
        0.6484375,
        0.7109375,
        0.84375,
        0.8984375,
        0.953125
      ],
      "nll_a": -3.680023537689621,
      "u_err": 0.015756294639939328,
      "chi2_ppc": 3.3324609135959755,
      "chi2_ppc_pvalue": 1.0,
      "map_a_err": 0.09284250438213348,
      "map_u_err": 0.019918134436011314,
      "label": "physics",
      "warmup_time_s": 1008.5593898296356,
      "sampling_time_s": 713.0148956775665,
      "step_time_s": 0.053799196422100064,
      "spearman_rho_error_std": 0.34150682109503755,
      "spearman_pvalue_error_std": 7.977052104643848e-05,
      "a_err_per_sample": null
    }
  },
  "sweep_var": null,
  "baseline": null,
  "sweep_conditions": null,
  "laplace": null,
  "map_time_s": 6.979278087615967,
  "total_time_s": 4413.559993267059,
  "sweep_value": null,
  "is_sweep_baseline": null
}