{
  "experiment": "physics",
  "problem": "burgers",
  "experiment_type": "comparison",
  "timestamp": "2026-06-12T10:59:36",
  "seed": 42,
  "test_idx": 1,
  "prior": {
    "n_prior": 500,
    "a_err": 1.0232372283935547,
    "crps_a": 0.13955658975440613,
    "coverage_95": 0.6796875,
    "ci_width": 0.6128114267302585,
    "mean_std": 0.15381072323505676
  },
  "prior_ood": null,
  "condition": null,
  "conditions": {
    "data_only": {
      "sigma": 0.01,
      "num_warmup": 5000,
      "num_samples": 3000,
      "num_chains": 4,
      "ess_min": 6593.032915378402,
      "rhat_max": 1.0003927984721308,
      "rhat_mean": 1.0000220125793673,
      "n_div": 0,
      "reliability_flag": "PASS",
      "reliability_explanation": "All diagnostics within thresholds",
      "a_err": 0.07248341160750384,
      "crps_a": 0.009637969545734152,
      "coverage_95": 0.9375,
      "ci_width": 0.06955263985847156,
      "mean_std": 0.017763405624049093,
      "cal_levels": [
        0.1,
        0.19444444444444445,
        0.28888888888888886,
        0.3833333333333333,
        0.47777777777777775,
        0.5722222222222222,
        0.6666666666666666,
        0.7611111111111111,
        0.8555555555555555,
        0.95
      ],
      "cal_empirical": [
        0.1015625,
        0.25,
        0.3046875,
        0.3671875,
        0.4453125,
        0.5625,
        0.6640625,
        0.7578125,
        0.8515625,
        0.9375
      ],
      "nll_a": -2.920822342506826,
      "u_err": 0.017343634599476597,
      "chi2_ppc": 2.4375827810462227,
      "chi2_ppc_pvalue": 1.0,
      "map_a_err": 0.07033275812864304,
      "map_u_err": 0.014785137958824635,
      "label": "data_only",
      "warmup_time_s": 309.4561071395874,
      "sampling_time_s": 180.28687834739685,
      "step_time_s": 0.015304468296468258,
      "spearman_rho_error_std": 0.19678172495879873,
      "spearman_pvalue_error_std": 0.025993659022037627,
      "a_err_per_sample": null
    },
    "physics": {
      "sigma": 0.01,
      "num_warmup": 5000,
      "num_samples": 3000,
      "num_chains": 4,
      "ess_min": 6717.461929423246,
      "rhat_max": 1.0009920245501704,
      "rhat_mean": 1.0002229138436984,
      "n_div": 0,
      "reliability_flag": "PASS",
      "reliability_explanation": "All diagnostics within thresholds",
      "a_err": 0.07223980696388471,
      "crps_a": 0.009599163192393997,
      "coverage_95": 0.9375,
      "ci_width": 0.06991137370000552,
      "mean_std": 0.017861109891268302,
      "cal_levels": [
        0.1,
        0.19444444444444445,
        0.28888888888888886,
        0.3833333333333333,
        0.47777777777777775,
        0.5722222222222222,
        0.6666666666666666,
        0.7611111111111111,
        0.8555555555555555,
        0.95
      ],
      "cal_empirical": [
        0.109375,
        0.2421875,
        0.3125,
        0.3828125,
        0.4609375,
        0.578125,
        0.6796875,
        0.7734375,
        0.8515625,
        0.9375
      ],
      "nll_a": -2.9220562664693057,
      "u_err": 0.017257464966305563,
      "chi2_ppc": 2.4391472235409704,
      "chi2_ppc_pvalue": 1.0,
      "map_a_err": 0.07033275812864304,
      "map_u_err": 0.014785137958824635,
      "label": "physics",
      "warmup_time_s": 391.88217091560364,
      "sampling_time_s": 218.3876612186432,
      "step_time_s": 0.019070932254195212,
      "spearman_rho_error_std": 0.19992331990477932,
      "spearman_pvalue_error_std": 0.023661686159609865,
      "a_err_per_sample": null
    }
  },
  "sweep_var": null,
  "baseline": null,
  "sweep_conditions": null,
  "laplace": null,
  "map_time_s": 7.606947422027588,
  "total_time_s": 2478.8652913570404,
  "sweep_value": null,
  "is_sweep_baseline": null
}