{
  "experiment": "physics",
  "problem": "darcy_continuous",
  "experiment_type": "comparison",
  "timestamp": "2026-06-12T14:45:47",
  "seed": 42,
  "test_idx": 2,
  "prior": {
    "n_prior": 500,
    "a_err": 0.24828274548053741,
    "crps_a": 0.36335743047088426,
    "coverage_95": 0.7598097502972652,
    "ci_width": 2.150789741377436,
    "mean_std": 0.5866110464851197
  },
  "prior_ood": null,
  "condition": null,
  "conditions": {
    "data_only": {
      "sigma": 0.005,
      "num_warmup": 5000,
      "num_samples": 2000,
      "num_chains": 4,
      "ess_min": 2689.8224324945722,
      "rhat_max": 1.0019656797064547,
      "rhat_mean": 1.0013179771226668,
      "n_div": 0,
      "reliability_flag": "PASS",
      "reliability_explanation": "All diagnostics within thresholds",
      "a_err": 0.012127636053281876,
      "crps_a": 0.013569329500243161,
      "coverage_95": 0.9583828775267539,
      "ci_width": 0.0924200534453487,
      "mean_std": 0.02362629930298814,
      "cal_levels": [
        0.1,
        0.19444444444444445,
        0.28888888888888886,
        0.3833333333333333,
        0.47777777777777775,
        0.5722222222222222,
        0.6666666666666666,
        0.7611111111111111,
        0.8555555555555555,
        0.95
      ],
      "cal_empirical": [
        0.02140309155766944,
        0.04756242568370987,
        0.08799048751486326,
        0.13079667063020214,
        0.19976218787158145,
        0.2544589774078478,
        0.46135552913198574,
        0.7086801426872771,
        0.8799048751486326,
        0.9583828775267539
      ],
      "nll_a": -2.4767832032071504,
      "u_err": 0.0017325981205008284,
      "chi2_ppc": 0.3613818578954219,
      "chi2_ppc_pvalue": 1.0,
      "map_a_err": 0.007053209003061056,
      "map_u_err": 0.0016114788595587015,
      "label": "data_only",
      "warmup_time_s": 92.83411622047424,
      "sampling_time_s": 25.94958519935608,
      "step_time_s": 0.004242275050708226,
      "spearman_rho_error_std": 0.8366193759186774,
      "spearman_pvalue_error_std": 1.624987341423105e-221,
      "a_err_per_sample": null
    },
    "physics": {
      "sigma": 0.005,
      "num_warmup": 5000,
      "num_samples": 2000,
      "num_chains": 4,
      "ess_min": 3005.4847009903638,
      "rhat_max": 1.0018831162599713,
      "rhat_mean": 1.0015176756396353,
      "n_div": 0,
      "reliability_flag": "PASS",
      "reliability_explanation": "All diagnostics within thresholds",
      "a_err": 0.011808963923477392,
      "crps_a": 0.013327812771983083,
      "coverage_95": 0.9571938168846611,
      "ci_width": 0.09084962091439595,
      "mean_std": 0.023078936112602005,
      "cal_levels": [
        0.1,
        0.19444444444444445,
        0.28888888888888886,
        0.3833333333333333,
        0.47777777777777775,
        0.5722222222222222,
        0.6666666666666666,
        0.7611111111111111,
        0.8555555555555555,
        0.95
      ],
      "cal_empirical": [
        0.020214030915576695,
        0.04994054696789536,
        0.08085612366230678,
        0.13436385255648037,
        0.20214030915576695,
        0.26397146254458975,
        0.4637336504161712,
        0.7110582639714625,
        0.8787158145065398,
        0.9571938168846611
      ],
      "nll_a": -2.491161823141502,
      "u_err": 0.0017103078304310842,
      "chi2_ppc": 0.35213665053535537,
      "chi2_ppc_pvalue": 1.0,
      "map_a_err": 0.007053209003061056,
      "map_u_err": 0.0016114788595587015,
      "label": "physics",
      "warmup_time_s": 218.72987055778503,
      "sampling_time_s": 66.84228181838989,
      "step_time_s": 0.010199005442006248,
      "spearman_rho_error_std": 0.8295334298730604,
      "spearman_pvalue_error_std": 1.7591088333602602e-214,
      "a_err_per_sample": null
    }
  },
  "sweep_var": null,
  "baseline": null,
  "sweep_conditions": null,
  "laplace": null,
  "map_time_s": 8.230821132659912,
  "total_time_s": 3049.3343300819397,
  "sweep_value": null,
  "is_sweep_baseline": null
}