{
  "experiment": "physics",
  "problem": "darcy_continuous",
  "experiment_type": "comparison",
  "timestamp": "2026-06-12T16:15:57",
  "seed": 7,
  "test_idx": 2,
  "prior": {
    "n_prior": 500,
    "a_err": 0.25039029121398926,
    "crps_a": 0.36472523220092556,
    "coverage_95": 0.7740784780023782,
    "ci_width": 2.1838220653656473,
    "mean_std": 0.5966345994520127
  },
  "prior_ood": null,
  "condition": null,
  "conditions": {
    "data_only": {
      "sigma": 0.15,
      "num_warmup": 5000,
      "num_samples": 2000,
      "num_chains": 4,
      "ess_min": 148.73214022934846,
      "rhat_max": 1.042028036352908,
      "rhat_mean": 1.0335372286633797,
      "n_div": 60,
      "reliability_flag": "PASS",
      "reliability_explanation": "All diagnostics within thresholds",
      "a_err": 0.16322863258638592,
      "crps_a": 0.23835724338342276,
      "coverage_95": 0.8347205707491082,
      "ci_width": 1.3383381322191397,
      "mean_std": 0.3395440320405248,
      "cal_levels": [
        0.1,
        0.19444444444444445,
        0.28888888888888886,
        0.3833333333333333,
        0.47777777777777775,
        0.5722222222222222,
        0.6666666666666666,
        0.7611111111111111,
        0.8555555555555555,
        0.95
      ],
      "cal_empirical": [
        0.12128418549346016,
        0.19500594530321047,
        0.23543400713436385,
        0.2794292508917955,
        0.29369797859690844,
        0.33531510107015455,
        0.3686087990487515,
        0.4482758620689655,
        0.5529131985731273,
        0.8347205707491082
      ],
      "nll_a": 0.6223481116858076,
      "u_err": 0.12080841913046397,
      "chi2_ppc": 2.4181070675511,
      "chi2_ppc_pvalue": 1.0,
      "map_a_err": 0.009566056542098522,
      "map_u_err": 0.00202377000823617,
      "label": "data_only",
      "warmup_time_s": 1156.5471682548523,
      "sampling_time_s": 304.10258889198303,
      "step_time_s": 0.052166062755244116,
      "spearman_rho_error_std": -0.2163533563828993,
      "spearman_pvalue_error_std": 2.2953306062697537e-10,
      "a_err_per_sample": null
    },
    "physics": {
      "sigma": 0.15,
      "num_warmup": 5000,
      "num_samples": 2000,
      "num_chains": 4,
      "ess_min": 312.8213468500018,
      "rhat_max": 1.0135656782211775,
      "rhat_mean": 1.0108243569349067,
      "n_div": 21,
      "reliability_flag": "PASS",
      "reliability_explanation": "All diagnostics within thresholds",
      "a_err": 0.16097235306779864,
      "crps_a": 0.2281955282481627,
      "coverage_95": 0.83115338882283,
      "ci_width": 1.27921995915707,
      "mean_std": 0.33571653937458484,
      "cal_levels": [
        0.1,
        0.19444444444444445,
        0.28888888888888886,
        0.3833333333333333,
        0.47777777777777775,
        0.5722222222222222,
        0.6666666666666666,
        0.7611111111111111,
        0.8555555555555555,
        0.95
      ],
      "cal_empirical": [
        0.08799048751486326,
        0.17479191438763378,
        0.23543400713436385,
        0.26872770511296074,
        0.29607609988109396,
        0.3412604042806183,
        0.37217598097502974,
        0.4577883472057075,
        0.5838287752675386,
        0.83115338882283
      ],
      "nll_a": 0.5491791154699562,
      "u_err": 0.11721900180069947,
      "chi2_ppc": 2.2741153071177487,
      "chi2_ppc_pvalue": 1.0,
      "map_a_err": 0.009566056542098522,
      "map_u_err": 0.00202377000823617,
      "label": "physics",
      "warmup_time_s": 2918.8221294879913,
      "sampling_time_s": 1177.6194643974304,
      "step_time_s": 0.1463014854959079,
      "spearman_rho_error_std": -0.07063587105853832,
      "spearman_pvalue_error_std": 0.04056469947366665,
      "a_err_per_sample": null
    }
  },
  "sweep_var": null,
  "baseline": null,
  "sweep_conditions": null,
  "laplace": null,
  "map_time_s": 8.311301946640015,
  "total_time_s": 8282.311480283737,
  "sweep_value": null,
  "is_sweep_baseline": null
}