{
  "experiment": "physics",
  "problem": "darcy_piecewise",
  "experiment_type": "comparison",
  "timestamp": "2026-06-13T01:22:33",
  "seed": 7,
  "test_idx": 1,
  "prior": {
    "n_prior": 500,
    "a_err": 0.4703604578971863,
    "crps_a": 1.2822982639714624,
    "coverage_95": 1.0,
    "ci_width": 5.0,
    "mean_std": 2.4910889213360643
  },
  "prior_ood": null,
  "condition": null,
  "conditions": {
    "data_only": {
      "sigma": 0.01183766100393081,
      "num_warmup": 15000,
      "num_samples": 5000,
      "num_chains": 4,
      "ess_min": 19842.875725388287,
      "rhat_max": 1.0002446382675172,
      "rhat_mean": 0.9999679456123651,
      "n_div": 0,
      "reliability_flag": "PASS",
      "reliability_explanation": "All diagnostics within thresholds",
      "a_err": 0.8880730271339417,
      "crps_a": 0.39665862315695605,
      "coverage_95": 1.0,
      "ci_width": 4.8513674197384065,
      "mean_std": 1.7158180833484369,
      "cal_levels": [
        0.1,
        0.19444444444444445,
        0.28888888888888886,
        0.3833333333333333,
        0.47777777777777775,
        0.5722222222222222,
        0.6666666666666666,
        0.7611111111111111,
        0.8555555555555555,
        0.95
      ],
      "cal_empirical": [
        0.9239001189060642,
        0.9346016646848989,
        0.9441141498216409,
        0.9571938168846611,
        0.976218787158145,
        0.9916765755053508,
        1.0,
        1.0,
        1.0,
        1.0
      ],
      "nll_a": 0.2761870749688226,
      "u_err": 0.04725734839127818,
      "chi2_ppc": 3.4349336047625965,
      "chi2_ppc_pvalue": 1.0,
      "map_a_err": 0.6637077927589417,
      "map_u_err": 0.15910930931568146,
      "label": "data_only",
      "warmup_time_s": 1567.2263329029083,
      "sampling_time_s": 565.2230138778687,
      "step_time_s": 0.026655616834759713,
      "spearman_rho_error_std": 0.9761533425348556,
      "spearman_pvalue_error_std": 0.0,
      "a_err_per_sample": 0.7821514431968332
    },
    "physics": {
      "sigma": 0.01183766100393081,
      "num_warmup": 15000,
      "num_samples": 5000,
      "num_chains": 4,
      "ess_min": 9.598986976506984,
      "rhat_max": 1.2434111917641115,
      "rhat_mean": 1.0039996047719688,
      "n_div": 151,
      "reliability_flag": "FAIL",
      "reliability_explanation": "ESS_min=9.6 < 10; R-hat_max=1.243 > 1.2",
      "a_err": 0.8445088267326355,
      "crps_a": 0.5614518576991676,
      "coverage_95": 0.9928656220436096,
      "ci_width": 3.2106123662306776,
      "mean_std": 1.247072289018082,
      "cal_levels": [
        0.1,
        0.19444444444444445,
        0.28888888888888886,
        0.3833333333333333,
        0.47777777777777775,
        0.5722222222222222,
        0.6666666666666666,
        0.7611111111111111,
        0.8555555555555555,
        0.95
      ],
      "cal_empirical": [
        0.8632580261593341,
        0.8799048751486326,
        0.8870392390011891,
        0.9024970273483948,
        0.915576694411415,
        0.9286563614744352,
        0.9476813317479191,
        0.9619500594530321,
        0.9797859690844233,
        0.9928656361474435
      ],
      "nll_a": 0.36222146136785643,
      "u_err": 0.06263108978058154,
      "chi2_ppc": 5.973870025969607,
      "chi2_ppc_pvalue": 1.0,
      "map_a_err": 0.6637077927589417,
      "map_u_err": 0.15910930931568146,
      "label": "physics",
      "warmup_time_s": 19252.971341133118,
      "sampling_time_s": 6568.586238622665,
      "step_time_s": 0.3227694697469473,
      "spearman_rho_error_std": 0.9054026240482481,
      "spearman_pvalue_error_std": 0.0,
      "a_err_per_sample": 0.791812045904994
    }
  },
  "sweep_var": null,
  "baseline": null,
  "sweep_conditions": null,
  "laplace": null,
  "map_time_s": 4.185310363769531,
  "total_time_s": 31951.14341521263,
  "sweep_value": null,
  "is_sweep_baseline": null
}