{
  "experiment": "physics",
  "problem": "darcy_piecewise",
  "experiment_type": "comparison",
  "timestamp": "2026-06-12T22:46:19",
  "seed": 42,
  "test_idx": 1,
  "prior": {
    "n_prior": 500,
    "a_err": 0.5303352475166321,
    "crps_a": 1.2523829488703921,
    "coverage_95": 1.0,
    "ci_width": 5.0,
    "mean_std": 2.4941394804185433
  },
  "prior_ood": null,
  "condition": null,
  "conditions": {
    "data_only": {
      "sigma": 0.01183766100393081,
      "num_warmup": 15000,
      "num_samples": 5000,
      "num_chains": 4,
      "ess_min": 19655.560585440304,
      "rhat_max": 1.000272148411377,
      "rhat_mean": 0.9999639174444678,
      "n_div": 0,
      "reliability_flag": "PASS",
      "reliability_explanation": "All diagnostics within thresholds",
      "a_err": 0.9045829176902771,
      "crps_a": 0.39178237259215226,
      "coverage_95": 1.0,
      "ci_width": 4.988258026159334,
      "mean_std": 1.7008134500889394,
      "cal_levels": [
        0.1,
        0.19444444444444445,
        0.28888888888888886,
        0.3833333333333333,
        0.47777777777777775,
        0.5722222222222222,
        0.6666666666666666,
        0.7611111111111111,
        0.8555555555555555,
        0.95
      ],
      "cal_empirical": [
        0.9274673008323424,
        0.9357907253269917,
        0.9453032104637337,
        0.9607609988109393,
        0.9750297265160524,
        0.9833531510107015,
        0.990487514863258,
        0.9988109393579072,
        1.0,
        1.0
      ],
      "nll_a": 0.2745038510680639,
      "u_err": 0.04747582019737435,
      "chi2_ppc": 3.742666039171334,
      "chi2_ppc_pvalue": 1.0,
      "map_a_err": 0.6728066802024841,
      "map_u_err": 0.18707488477230072,
      "label": "data_only",
      "warmup_time_s": 1495.679353237152,
      "sampling_time_s": 562.81400847435,
      "step_time_s": 0.025731167021393775,
      "spearman_rho_error_std": 0.970693022636891,
      "spearman_pvalue_error_std": 0.0,
      "a_err_per_sample": 0.7862006114155055
    },
    "physics": {
      "sigma": 0.01183766100393081,
      "num_warmup": 15000,
      "num_samples": 5000,
      "num_chains": 4,
      "ess_min": 1360.8906714445354,
      "rhat_max": 1.006131237331895,
      "rhat_mean": 1.000488934338322,
      "n_div": 235,
      "reliability_flag": "WARN",
      "reliability_explanation": "divergences=1.2% > 1%",
      "a_err": 0.8431679010391235,
      "crps_a": 0.5078114780321047,
      "coverage_95": 0.9928656220436096,
      "ci_width": 2.7586206896551726,
      "mean_std": 1.0948054390060495,
      "cal_levels": [
        0.1,
        0.19444444444444445,
        0.28888888888888886,
        0.3833333333333333,
        0.47777777777777775,
        0.5722222222222222,
        0.6666666666666666,
        0.7611111111111111,
        0.8555555555555555,
        0.95
      ],
      "cal_empirical": [
        0.8656361474435196,
        0.8775267538644471,
        0.8941736028537456,
        0.915576694411415,
        0.9262782401902497,
        0.9381688466111772,
        0.9536266349583828,
        0.9667063020214031,
        0.9809750297265161,
        0.9928656361474435
      ],
      "nll_a": 0.3243886794291315,
      "u_err": 0.05774601849922631,
      "chi2_ppc": 5.260883375628947,
      "chi2_ppc_pvalue": 1.0,
      "map_a_err": 0.6728066802024841,
      "map_u_err": 0.18707488477230072,
      "label": "physics",
      "warmup_time_s": 19407.29630923271,
      "sampling_time_s": 5817.341706037521,
      "step_time_s": 0.3153079751908779,
      "spearman_rho_error_std": 0.9372524397213962,
      "spearman_pvalue_error_std": 0.0,
      "a_err_per_sample": 0.8194371307343244
    }
  },
  "sweep_var": null,
  "baseline": null,
  "sweep_conditions": null,
  "laplace": null,
  "map_time_s": 4.291501045227051,
  "total_time_s": 30997.328892946243,
  "sweep_value": null,
  "is_sweep_baseline": null
}