{
  "experiment": "physics",
  "problem": "darcy_piecewise",
  "experiment_type": "comparison",
  "timestamp": "2026-06-12T18:33:27",
  "seed": 7,
  "test_idx": 2,
  "prior": {
    "n_prior": 500,
    "a_err": 0.42433470487594604,
    "crps_a": 1.300110392390012,
    "coverage_95": 1.0,
    "ci_width": 5.0,
    "mean_std": 2.4910889213360643
  },
  "prior_ood": null,
  "condition": null,
  "conditions": {
    "data_only": {
      "sigma": 0.014624012348992528,
      "num_warmup": 15000,
      "num_samples": 5000,
      "num_chains": 4,
      "ess_min": 13304.947377723596,
      "rhat_max": 1.0005629291945397,
      "rhat_mean": 1.0000398697967716,
      "n_div": 0,
      "reliability_flag": "PASS",
      "reliability_explanation": "All diagnostics within thresholds",
      "a_err": 0.9717370867729187,
      "crps_a": 0.18304395215517244,
      "coverage_95": 1.0,
      "ci_width": 3.906064209274673,
      "mean_std": 1.3828982922231001,
      "cal_levels": [
        0.1,
        0.19444444444444445,
        0.28888888888888886,
        0.3833333333333333,
        0.47777777777777775,
        0.5722222222222222,
        0.6666666666666666,
        0.7611111111111111,
        0.8555555555555555,
        0.95
      ],
      "cal_empirical": [
        0.9916765755053508,
        0.9988109393579072,
        0.9988109393579072,
        1.0,
        1.0,
        1.0,
        1.0,
        1.0,
        1.0,
        1.0
      ],
      "nll_a": 0.15635563846615214,
      "u_err": 0.03239688354407304,
      "chi2_ppc": 1.7362347409259122,
      "chi2_ppc_pvalue": 1.0,
      "map_a_err": 0.6692389249801636,
      "map_u_err": 0.2022579312324524,
      "label": "data_only",
      "warmup_time_s": 1059.0309121608734,
      "sampling_time_s": 356.5104260444641,
      "step_time_s": 0.01769426672756672,
      "spearman_rho_error_std": 0.9997981783661449,
      "spearman_pvalue_error_std": 0.0,
      "a_err_per_sample": 0.8519428094357252
    },
    "physics": {
      "sigma": 0.014624012348992528,
      "num_warmup": 15000,
      "num_samples": 5000,
      "num_chains": 4,
      "ess_min": 12125.841147174715,
      "rhat_max": 1.0006170020969207,
      "rhat_mean": 1.0000530793220634,
      "n_div": 0,
      "reliability_flag": "PASS",
      "reliability_explanation": "All diagnostics within thresholds",
      "a_err": 0.9717370867729187,
      "crps_a": 0.1830607314952438,
      "coverage_95": 1.0,
      "ci_width": 3.8347205707491083,
      "mean_std": 1.3805652937734123,
      "cal_levels": [
        0.1,
        0.19444444444444445,
        0.28888888888888886,
        0.3833333333333333,
        0.47777777777777775,
        0.5722222222222222,
        0.6666666666666666,
        0.7611111111111111,
        0.8555555555555555,
        0.95
      ],
      "cal_empirical": [
        0.9916765755053508,
        0.9988109393579072,
        0.9988109393579072,
        1.0,
        1.0,
        1.0,
        1.0,
        1.0,
        1.0,
        1.0
      ],
      "nll_a": 0.15618578970658092,
      "u_err": 0.03233870759874347,
      "chi2_ppc": 1.724841916395555,
      "chi2_ppc_pvalue": 1.0,
      "map_a_err": 0.6692389249801636,
      "map_u_err": 0.2022579312324524,
      "label": "physics",
      "warmup_time_s": 1573.0641531944275,
      "sampling_time_s": 640.7053780555725,
      "step_time_s": 0.027672119140625,
      "spearman_rho_error_std": 0.9998030302079044,
      "spearman_pvalue_error_std": 0.0,
      "a_err_per_sample": 0.8521349876731634
    }
  },
  "sweep_var": null,
  "baseline": null,
  "sweep_conditions": null,
  "laplace": null,
  "map_time_s": 4.292186498641968,
  "total_time_s": 7209.957101821899,
  "sweep_value": null,
  "is_sweep_baseline": null
}