{
  "experiment": "physics",
  "problem": "darcy_continuous",
  "experiment_type": "comparison",
  "timestamp": "2026-06-12T15:03:38",
  "seed": 42,
  "test_idx": 0,
  "prior": {
    "n_prior": 500,
    "a_err": 0.2782851755619049,
    "crps_a": 0.33523553348381974,
    "coverage_95": 0.9726516052318668,
    "ci_width": 2.150789741377436,
    "mean_std": 0.5866110464851197
  },
  "prior_ood": null,
  "condition": null,
  "conditions": {
    "data_only": {
      "sigma": 0.08,
      "num_warmup": 5000,
      "num_samples": 2000,
      "num_chains": 4,
      "ess_min": 364.08377619849466,
      "rhat_max": 1.0190080244163189,
      "rhat_mean": 1.0115431327573958,
      "n_div": 66,
      "reliability_flag": "PASS",
      "reliability_explanation": "All diagnostics within thresholds",
      "a_err": 0.012181804592960309,
      "crps_a": 0.020511359168431,
      "coverage_95": 0.9988109393579072,
      "ci_width": 0.289757742485648,
      "mean_std": 0.07499996068522832,
      "cal_levels": [
        0.1,
        0.19444444444444445,
        0.28888888888888886,
        0.3833333333333333,
        0.47777777777777775,
        0.5722222222222222,
        0.6666666666666666,
        0.7611111111111111,
        0.8555555555555555,
        0.95
      ],
      "cal_empirical": [
        0.2437574316290131,
        0.45659928656361476,
        0.6956004756242569,
        0.8489892984542212,
        0.9310344827586207,
        0.9678953626634959,
        0.9845422116527943,
        0.9916765755053508,
        0.9988109393579072,
        0.9988109393579072
      ],
      "nll_a": -1.7012459635584904,
      "u_err": 0.02568482275615714,
      "chi2_ppc": 0.6864321057015492,
      "chi2_ppc_pvalue": 1.0,
      "map_a_err": 0.015096025541424751,
      "map_u_err": 0.024975385516881943,
      "label": "data_only",
      "warmup_time_s": 359.513973236084,
      "sampling_time_s": 169.4143877029419,
      "step_time_s": 0.01889029860496521,
      "spearman_rho_error_std": 0.3417166815887657,
      "spearman_pvalue_error_std": 1.9069779162317867e-24,
      "a_err_per_sample": null
    },
    "physics": {
      "sigma": 0.08,
      "num_warmup": 5000,
      "num_samples": 2000,
      "num_chains": 4,
      "ess_min": 640.3913440313253,
      "rhat_max": 1.0046175684875835,
      "rhat_mean": 1.0035309378144202,
      "n_div": 19,
      "reliability_flag": "PASS",
      "reliability_explanation": "All diagnostics within thresholds",
      "a_err": 0.011761160325386674,
      "crps_a": 0.020586519637797365,
      "coverage_95": 0.9988109393579072,
      "ci_width": 0.29603746139915554,
      "mean_std": 0.07599777851394565,
      "cal_levels": [
        0.1,
        0.19444444444444445,
        0.28888888888888886,
        0.3833333333333333,
        0.47777777777777775,
        0.5722222222222222,
        0.6666666666666666,
        0.7611111111111111,
        0.8555555555555555,
        0.95
      ],
      "cal_empirical": [
        0.2806183115338882,
        0.5077288941736029,
        0.703923900118906,
        0.8549346016646849,
        0.9441141498216409,
        0.9678953626634959,
        0.9821640903686087,
        0.9916765755053508,
        0.9976218787158145,
        0.9988109393579072
      ],
      "nll_a": -1.699390746282933,
      "u_err": 0.02525408213453579,
      "chi2_ppc": 0.6847525781447947,
      "chi2_ppc_pvalue": 1.0,
      "map_a_err": 0.015096025541424751,
      "map_u_err": 0.024975385516881943,
      "label": "physics",
      "warmup_time_s": 798.0724647045135,
      "sampling_time_s": 291.8793885707855,
      "step_time_s": 0.038926851902689255,
      "spearman_rho_error_std": 0.370811970657195,
      "spearman_pvalue_error_std": 8.283584557345302e-29,
      "a_err_per_sample": null
    }
  },
  "sweep_var": null,
  "baseline": null,
  "sweep_conditions": null,
  "laplace": null,
  "map_time_s": 8.08664345741272,
  "total_time_s": 4246.277107715607,
  "sweep_value": null,
  "is_sweep_baseline": null
}