{
  "experiment": "physics",
  "problem": "darcy_continuous",
  "experiment_type": "comparison",
  "timestamp": "2026-06-12T14:54:48",
  "seed": 123,
  "test_idx": 0,
  "prior": {
    "n_prior": 500,
    "a_err": 0.259484201669693,
    "crps_a": 0.31065228385335036,
    "coverage_95": 0.9714625445897741,
    "ci_width": 2.1495130922084154,
    "mean_std": 0.5992359166959564
  },
  "prior_ood": null,
  "condition": null,
  "conditions": {
    "data_only": {
      "sigma": 0.04,
      "num_warmup": 5000,
      "num_samples": 2000,
      "num_chains": 4,
      "ess_min": 457.43927721350724,
      "rhat_max": 1.0177883016112177,
      "rhat_mean": 1.0130637012867973,
      "n_div": 35,
      "reliability_flag": "PASS",
      "reliability_explanation": "All diagnostics within thresholds",
      "a_err": 0.009038896925463141,
      "crps_a": 0.012832568702088548,
      "coverage_95": 1.0,
      "ci_width": 0.1455427612051735,
      "mean_std": 0.03834310894751913,
      "cal_levels": [
        0.1,
        0.19444444444444445,
        0.28888888888888886,
        0.3833333333333333,
        0.47777777777777775,
        0.5722222222222222,
        0.6666666666666666,
        0.7611111111111111,
        0.8555555555555555,
        0.95
      ],
      "cal_empirical": [
        0.20332936979785968,
        0.3686087990487515,
        0.5041617122473246,
        0.6468489892984542,
        0.7324613555291319,
        0.8680142687277052,
        0.9655172413793104,
        0.995243757431629,
        0.9988109393579072,
        1.0
      ],
      "nll_a": -2.30062506991297,
      "u_err": 0.02307038566360053,
      "chi2_ppc": 2.7168985870833278,
      "chi2_ppc_pvalue": 1.0,
      "map_a_err": 0.008618151769042015,
      "map_u_err": 0.021399984136223793,
      "label": "data_only",
      "warmup_time_s": 224.3289930820465,
      "sampling_time_s": 60.22077298164368,
      "step_time_s": 0.010162491645131793,
      "spearman_rho_error_std": 0.5383855162972321,
      "spearman_pvalue_error_std": 2.2214871150813856e-64,
      "a_err_per_sample": null
    },
    "physics": {
      "sigma": 0.04,
      "num_warmup": 5000,
      "num_samples": 2000,
      "num_chains": 4,
      "ess_min": 303.4177399995882,
      "rhat_max": 1.0115597576656392,
      "rhat_mean": 1.0063852434409046,
      "n_div": 72,
      "reliability_flag": "PASS",
      "reliability_explanation": "All diagnostics within thresholds",
      "a_err": 0.007949932160391774,
      "crps_a": 0.0116304879651563,
      "coverage_95": 0.9988109393579072,
      "ci_width": 0.14790359006410475,
      "mean_std": 0.03850790205350903,
      "cal_levels": [
        0.1,
        0.19444444444444445,
        0.28888888888888886,
        0.3833333333333333,
        0.47777777777777775,
        0.5722222222222222,
        0.6666666666666666,
        0.7611111111111111,
        0.8555555555555555,
        0.95
      ],
      "cal_empirical": [
        0.2556480380499406,
        0.4173602853745541,
        0.549346016646849,
        0.7122473246135553,
        0.8573127229488704,
        0.9429250891795482,
        0.9892984542211652,
        0.9964328180737217,
        0.9988109393579072,
        0.9988109393579072
      ],
      "nll_a": -2.324790814602967,
      "u_err": 0.02228935081200277,
      "chi2_ppc": 2.645085462319298,
      "chi2_ppc_pvalue": 1.0,
      "map_a_err": 0.008618151769042015,
      "map_u_err": 0.021399984136223793,
      "label": "physics",
      "warmup_time_s": 567.7390475273132,
      "sampling_time_s": 186.87360000610352,
      "step_time_s": 0.026950451697622026,
      "spearman_rho_error_std": 0.5430559584768888,
      "spearman_pvalue_error_std": 1.102829576590535e-65,
      "a_err_per_sample": null
    }
  },
  "sweep_var": null,
  "baseline": null,
  "sweep_conditions": null,
  "laplace": null,
  "map_time_s": 8.141774415969849,
  "total_time_s": 3593.4374129772186,
  "sweep_value": null,
  "is_sweep_baseline": null
}