{
  "experiment": "physics",
  "problem": "darcy_piecewise",
  "experiment_type": "comparison",
  "timestamp": "2026-06-12T16:13:06",
  "seed": 42,
  "test_idx": 2,
  "prior": {
    "n_prior": 500,
    "a_err": 0.2481994330883026,
    "crps_a": 1.3352366944114151,
    "coverage_95": 1.0,
    "ci_width": 5.0,
    "mean_std": 2.4941394804185433
  },
  "prior_ood": null,
  "condition": null,
  "conditions": {
    "data_only": {
      "sigma": 0.014624012348992528,
      "num_warmup": 15000,
      "num_samples": 5000,
      "num_chains": 4,
      "ess_min": 16598.931622195476,
      "rhat_max": 1.0007038711309062,
      "rhat_mean": 1.0000046174574957,
      "n_div": 0,
      "reliability_flag": "PASS",
      "reliability_explanation": "All diagnostics within thresholds",
      "a_err": 0.9731938242912292,
      "crps_a": 0.18201928252080854,
      "coverage_95": 1.0,
      "ci_width": 3.8347205707491083,
      "mean_std": 1.3862071691000897,
      "cal_levels": [
        0.1,
        0.19444444444444445,
        0.28888888888888886,
        0.3833333333333333,
        0.47777777777777775,
        0.5722222222222222,
        0.6666666666666666,
        0.7611111111111111,
        0.8555555555555555,
        0.95
      ],
      "cal_empirical": [
        0.9916765755053508,
        0.9964328180737217,
        0.9988109393579072,
        1.0,
        1.0,
        1.0,
        1.0,
        1.0,
        1.0,
        1.0
      ],
      "nll_a": 0.1562376604939987,
      "u_err": 0.03313028763003368,
      "chi2_ppc": 1.7785528305498333,
      "chi2_ppc_pvalue": 1.0,
      "map_a_err": 0.6773340106010437,
      "map_u_err": 0.2618124186992645,
      "label": "data_only",
      "warmup_time_s": 1031.5133209228516,
      "sampling_time_s": 481.62744307518005,
      "step_time_s": 0.018914259549975394,
      "spearman_rho_error_std": 0.999768396328754,
      "spearman_pvalue_error_std": 0.0,
      "a_err_per_sample": 0.8518247086375952
    },
    "physics": {
      "sigma": 0.014624012348992528,
      "num_warmup": 15000,
      "num_samples": 5000,
      "num_chains": 4,
      "ess_min": 11898.169459196408,
      "rhat_max": 1.0006246424413385,
      "rhat_mean": 1.000067151104396,
      "n_div": 0,
      "reliability_flag": "PASS",
      "reliability_explanation": "All diagnostics within thresholds",
      "a_err": 0.9731938242912292,
      "crps_a": 0.18059764805291317,
      "coverage_95": 1.0,
      "ci_width": 3.8112366230677504,
      "mean_std": 1.380049549315741,
      "cal_levels": [
        0.1,
        0.19444444444444445,
        0.28888888888888886,
        0.3833333333333333,
        0.47777777777777775,
        0.5722222222222222,
        0.6666666666666666,
        0.7611111111111111,
        0.8555555555555555,
        0.95
      ],
      "cal_empirical": [
        0.9916765755053508,
        0.9964328180737217,
        0.9988109393579072,
        1.0,
        1.0,
        1.0,
        1.0,
        1.0,
        1.0,
        1.0
      ],
      "nll_a": 0.15520704170740487,
      "u_err": 0.033125799818252255,
      "chi2_ppc": 1.7835399250368638,
      "chi2_ppc_pvalue": 1.0,
      "map_a_err": 0.6773340106010437,
      "map_u_err": 0.2618124186992645,
      "label": "physics",
      "warmup_time_s": 1563.9992611408234,
      "sampling_time_s": 421.07377529144287,
      "step_time_s": 0.02481341295540333,
      "spearman_rho_error_std": 0.9997734196924529,
      "spearman_pvalue_error_std": 0.0,
      "a_err_per_sample": 0.8529518766790628
    }
  },
  "sweep_var": null,
  "baseline": null,
  "sweep_conditions": null,
  "laplace": null,
  "map_time_s": 4.2830798625946045,
  "total_time_s": 7002.40354180336,
  "sweep_value": null,
  "is_sweep_baseline": null
}