{
  "experiment": "physics",
  "problem": "darcy_piecewise",
  "experiment_type": "comparison",
  "timestamp": "2026-06-13T01:29:29",
  "seed": 7,
  "test_idx": 0,
  "prior": {
    "n_prior": 500,
    "a_err": 0.5232526659965515,
    "crps_a": 1.2832970749108206,
    "coverage_95": 1.0,
    "ci_width": 5.0,
    "mean_std": 2.4910889213360643
  },
  "prior_ood": null,
  "condition": null,
  "conditions": {
    "data_only": {
      "sigma": 0.008800348639427004,
      "num_warmup": 15000,
      "num_samples": 5000,
      "num_chains": 4,
      "ess_min": 10503.652724614001,
      "rhat_max": 1.0005764249540352,
      "rhat_mean": 1.0000726032674288,
      "n_div": 0,
      "reliability_flag": "PASS",
      "reliability_explanation": "All diagnostics within thresholds",
      "a_err": 0.8637135624885559,
      "crps_a": 0.6474361166171225,
      "coverage_95": 0.9988109469413757,
      "ci_width": 4.571938168846611,
      "mean_std": 1.898212597784895,
      "cal_levels": [
        0.1,
        0.19444444444444445,
        0.28888888888888886,
        0.3833333333333333,
        0.47777777777777775,
        0.5722222222222222,
        0.6666666666666666,
        0.7611111111111111,
        0.8555555555555555,
        0.95
      ],
      "cal_empirical": [
        0.9048751486325802,
        0.9322235434007135,
        0.9453032104637337,
        0.9548156956004756,
        0.9607609988109393,
        0.9667063020214031,
        0.9726516052318668,
        0.9869203329369798,
        0.9940546967895363,
        0.9988109393579072
      ],
      "nll_a": 0.4131683518154579,
      "u_err": 0.03458777532832411,
      "chi2_ppc": 3.398403191130617,
      "chi2_ppc_pvalue": 1.0,
      "map_a_err": 0.5115984678268433,
      "map_u_err": 0.1799471378326416,
      "label": "data_only",
      "warmup_time_s": 1911.3778066635132,
      "sampling_time_s": 621.5591406822205,
      "step_time_s": 0.03166171184182167,
      "spearman_rho_error_std": 0.86194945056197,
      "spearman_pvalue_error_std": 1.0041467797887417e-249,
      "a_err_per_sample": 0.7335390930980444
    },
    "physics": {
      "sigma": 0.008800348639427004,
      "num_warmup": 15000,
      "num_samples": 5000,
      "num_chains": 4,
      "ess_min": 77.38011269910864,
      "rhat_max": 1.0549453042519907,
      "rhat_mean": 1.0086523987201703,
      "n_div": 6,
      "reliability_flag": "WARN",
      "reliability_explanation": "R-hat_max=1.055 > 1.05",
      "a_err": 0.7842231392860413,
      "crps_a": 0.8401309264714626,
      "coverage_95": 0.9726516008377075,
      "ci_width": 3.3174791914387636,
      "mean_std": 1.3115274619506756,
      "cal_levels": [
        0.1,
        0.19444444444444445,
        0.28888888888888886,
        0.3833333333333333,
        0.47777777777777775,
        0.5722222222222222,
        0.6666666666666666,
        0.7611111111111111,
        0.8555555555555555,
        0.95
      ],
      "cal_empirical": [
        0.7800237812128419,
        0.7954815695600476,
        0.816884661117717,
        0.845422116527943,
        0.8715814506539834,
        0.8906064209274673,
        0.906064209274673,
        0.929845422116528,
        0.9476813317479191,
        0.9726516052318668
      ],
      "nll_a": 0.5653505603194456,
      "u_err": 0.047701361807984774,
      "chi2_ppc": 8.168010286255505,
      "chi2_ppc_pvalue": 1.0,
      "map_a_err": 0.5115984678268433,
      "map_u_err": 0.1799471378326416,
      "label": "physics",
      "warmup_time_s": 19455.951454162598,
      "sampling_time_s": 6506.656951904297,
      "step_time_s": 0.3245326050758362,
      "spearman_rho_error_std": 0.7770031722821583,
      "spearman_pvalue_error_std": 8.029123411501072e-171,
      "a_err_per_sample": 0.7544798738777637
    }
  },
  "sweep_var": null,
  "baseline": null,
  "sweep_conditions": null,
  "laplace": null,
  "map_time_s": 4.2535247802734375,
  "total_time_s": 32150.556070804596,
  "sweep_value": null,
  "is_sweep_baseline": null
}