{
  "experiment": "physics",
  "problem": "darcy_continuous",
  "experiment_type": "comparison",
  "timestamp": "2026-06-12T19:31:39",
  "seed": 123,
  "test_idx": 1,
  "prior": {
    "n_prior": 500,
    "a_err": 0.3221660256385803,
    "crps_a": 0.4125923631397353,
    "coverage_95": 0.9607609988109393,
    "ci_width": 2.1495130922084154,
    "mean_std": 0.5992359166959564
  },
  "prior_ood": null,
  "condition": null,
  "conditions": {
    "data_only": {
      "sigma": 0.005,
      "num_warmup": 5000,
      "num_samples": 2000,
      "num_chains": 4,
      "ess_min": 1364.1578737488721,
      "rhat_max": 1.0022844339255188,
      "rhat_mean": 1.0018906582774743,
      "n_div": 0,
      "reliability_flag": "PASS",
      "reliability_explanation": "All diagnostics within thresholds",
      "a_err": 0.002073109102846879,
      "crps_a": 0.003123663085157993,
      "coverage_95": 0.9976218787158145,
      "ci_width": 0.04068918435761449,
      "mean_std": 0.010357079386987116,
      "cal_levels": [
        0.1,
        0.19444444444444445,
        0.28888888888888886,
        0.3833333333333333,
        0.47777777777777775,
        0.5722222222222222,
        0.6666666666666666,
        0.7611111111111111,
        0.8555555555555555,
        0.95
      ],
      "cal_empirical": [
        0.2057074910820452,
        0.4042806183115339,
        0.5529131985731273,
        0.6777645659928656,
        0.797859690844233,
        0.8608799048751486,
        0.896551724137931,
        0.9274673008323424,
        0.9667063020214031,
        0.9976218787158145
      ],
      "nll_a": -3.57278626379927,
      "u_err": 0.002899972604946378,
      "chi2_ppc": 0.31149526280187906,
      "chi2_ppc_pvalue": 1.0,
      "map_a_err": 0.0023236179258674383,
      "map_u_err": 0.002895322861149907,
      "label": "data_only",
      "warmup_time_s": 181.88005685806274,
      "sampling_time_s": 54.261634826660156,
      "step_time_s": 0.008433631845882961,
      "spearman_rho_error_std": 0.24972101256159648,
      "spearman_pvalue_error_std": 2.01405135869978e-13,
      "a_err_per_sample": null
    },
    "physics": {
      "sigma": 0.005,
      "num_warmup": 5000,
      "num_samples": 2000,
      "num_chains": 4,
      "ess_min": 2.004122575474238,
      "rhat_max": 22.126651342962347,
      "rhat_mean": 10.724117132143041,
      "n_div": 0,
      "reliability_flag": "FAIL",
      "reliability_explanation": "ESS_min=2.0 < 10; R-hat_max=22.127 > 1.2",
      "a_err": 0.06596342359872769,
      "crps_a": 0.03593456255196766,
      "coverage_95": 0.9976218787158145,
      "ci_width": 0.5528522346806607,
      "mean_std": 0.23353190292268886,
      "cal_levels": [
        0.1,
        0.19444444444444445,
        0.28888888888888886,
        0.3833333333333333,
        0.47777777777777775,
        0.5722222222222222,
        0.6666666666666666,
        0.7611111111111111,
        0.8555555555555555,
        0.95
      ],
      "cal_empirical": [
        0.28180737217598095,
        0.4768133174791914,
        0.6325802615933412,
        0.7395957193816884,
        0.9131985731272295,
        0.9595719381688466,
        0.9774078478002378,
        0.9845422116527943,
        0.995243757431629,
        0.9976218787158145
      ],
      "nll_a": -0.6933261647301515,
      "u_err": 0.04971453268135256,
      "chi2_ppc": 454.9627458800225,
      "chi2_ppc_pvalue": 1.0399945239550439e-46,
      "map_a_err": 0.0023236179258674383,
      "map_u_err": 0.002895322861149907,
      "label": "physics",
      "warmup_time_s": 10703.816716909409,
      "sampling_time_s": 4290.92182469368,
      "step_time_s": 0.5355263764858246,
      "spearman_rho_error_std": 0.9989758826868815,
      "spearman_pvalue_error_std": 0.0,
      "a_err_per_sample": null
    }
  },
  "sweep_var": null,
  "baseline": null,
  "sweep_conditions": null,
  "laplace": null,
  "map_time_s": 7.882077693939209,
  "total_time_s": 19068.801337957382,
  "sweep_value": null,
  "is_sweep_baseline": null
}