{
  "experiment": "physics",
  "problem": "darcy_piecewise",
  "experiment_type": "comparison",
  "timestamp": "2026-06-12T18:15:23",
  "seed": 123,
  "test_idx": 2,
  "prior": {
    "n_prior": 500,
    "a_err": 0.4249434173107147,
    "crps_a": 1.2822426872770512,
    "coverage_95": 1.0,
    "ci_width": 5.0,
    "mean_std": 2.4939507564745695
  },
  "prior_ood": null,
  "condition": null,
  "conditions": {
    "data_only": {
      "sigma": 0.014624012348992528,
      "num_warmup": 15000,
      "num_samples": 5000,
      "num_chains": 4,
      "ess_min": 13501.763948530539,
      "rhat_max": 1.000563709219591,
      "rhat_mean": 1.000035458635858,
      "n_div": 0,
      "reliability_flag": "PASS",
      "reliability_explanation": "All diagnostics within thresholds",
      "a_err": 0.9736676216125488,
      "crps_a": 0.19304541432818076,
      "coverage_95": 1.0,
      "ci_width": 3.9298454221165278,
      "mean_std": 1.3972919168317866,
      "cal_levels": [
        0.1,
        0.19444444444444445,
        0.28888888888888886,
        0.3833333333333333,
        0.47777777777777775,
        0.5722222222222222,
        0.6666666666666666,
        0.7611111111111111,
        0.8555555555555555,
        0.95
      ],
      "cal_empirical": [
        0.9892984542211652,
        0.9964328180737217,
        1.0,
        1.0,
        1.0,
        1.0,
        1.0,
        1.0,
        1.0,
        1.0
      ],
      "nll_a": 0.162327984112086,
      "u_err": 0.03346893229754386,
      "chi2_ppc": 1.6264557564651259,
      "chi2_ppc_pvalue": 1.0,
      "map_a_err": 0.4086146354675293,
      "map_u_err": 0.2647622525691986,
      "label": "data_only",
      "warmup_time_s": 1003.9355754852295,
      "sampling_time_s": 349.8610472679138,
      "step_time_s": 0.016922457784414292,
      "spearman_rho_error_std": 0.9996948214018774,
      "spearman_pvalue_error_std": 0.0,
      "a_err_per_sample": 0.8477430570349097
    },
    "physics": {
      "sigma": 0.014624012348992528,
      "num_warmup": 15000,
      "num_samples": 5000,
      "num_chains": 4,
      "ess_min": 11813.849181702466,
      "rhat_max": 1.000604967883737,
      "rhat_mean": 1.000046775107121,
      "n_div": 0,
      "reliability_flag": "PASS",
      "reliability_explanation": "All diagnostics within thresholds",
      "a_err": 0.9724022746086121,
      "crps_a": 0.19260201846016645,
      "coverage_95": 1.0,
      "ci_width": 3.9239001189060643,
      "mean_std": 1.4012179591442928,
      "cal_levels": [
        0.1,
        0.19444444444444445,
        0.28888888888888886,
        0.3833333333333333,
        0.47777777777777775,
        0.5722222222222222,
        0.6666666666666666,
        0.7611111111111111,
        0.8555555555555555,
        0.95
      ],
      "cal_empirical": [
        0.9916765755053508,
        0.9964328180737217,
        1.0,
        1.0,
        1.0,
        1.0,
        1.0,
        1.0,
        1.0,
        1.0
      ],
      "nll_a": 0.1624659231570034,
      "u_err": 0.033678339779031494,
      "chi2_ppc": 1.6478257518347657,
      "chi2_ppc_pvalue": 1.0,
      "map_a_err": 0.4086146354675293,
      "map_u_err": 0.2647622525691986,
      "label": "physics",
      "warmup_time_s": 1492.0013852119446,
      "sampling_time_s": 416.1413860321045,
      "step_time_s": 0.023851784640550613,
      "spearman_rho_error_std": 0.9997057607863452,
      "spearman_pvalue_error_std": 0.0,
      "a_err_per_sample": 0.8475207150563597
    }
  },
  "sweep_var": null,
  "baseline": null,
  "sweep_conditions": null,
  "laplace": null,
  "map_time_s": 4.133786678314209,
  "total_time_s": 6606.043156385422,
  "sweep_value": null,
  "is_sweep_baseline": null
}