{
  "experiment": "physics",
  "problem": "darcy_piecewise",
  "experiment_type": "comparison",
  "timestamp": "2026-06-12T23:31:13",
  "seed": 123,
  "test_idx": 1,
  "prior": {
    "n_prior": 500,
    "a_err": 0.4832974374294281,
    "crps_a": 1.2721594530321045,
    "coverage_95": 1.0,
    "ci_width": 5.0,
    "mean_std": 2.4939507564745695
  },
  "prior_ood": null,
  "condition": null,
  "conditions": {
    "data_only": {
      "sigma": 0.01183766100393081,
      "num_warmup": 15000,
      "num_samples": 5000,
      "num_chains": 4,
      "ess_min": 18542.245960782475,
      "rhat_max": 1.0002555811681109,
      "rhat_mean": 0.9999674853799903,
      "n_div": 0,
      "reliability_flag": "PASS",
      "reliability_explanation": "All diagnostics within thresholds",
      "a_err": 0.8935002088546753,
      "crps_a": 0.3720308557818074,
      "coverage_95": 1.0,
      "ci_width": 4.898929845422116,
      "mean_std": 1.6877503361388542,
      "cal_levels": [
        0.1,
        0.19444444444444445,
        0.28888888888888886,
        0.3833333333333333,
        0.47777777777777775,
        0.5722222222222222,
        0.6666666666666666,
        0.7611111111111111,
        0.8555555555555555,
        0.95
      ],
      "cal_empirical": [
        0.9191438763376932,
        0.9441141498216409,
        0.9583828775267539,
        0.9785969084423306,
        0.9881093935790726,
        0.9976218787158145,
        1.0,
        1.0,
        1.0,
        1.0
      ],
      "nll_a": 0.26173447431671654,
      "u_err": 0.04638328087970356,
      "chi2_ppc": 3.2853886257689027,
      "chi2_ppc_pvalue": 1.0,
      "map_a_err": 0.5900296568870544,
      "map_u_err": 0.1891697198152542,
      "label": "data_only",
      "warmup_time_s": 1492.096433877945,
      "sampling_time_s": 554.0085315704346,
      "step_time_s": 0.025576312068104744,
      "spearman_rho_error_std": 0.9838243982105311,
      "spearman_pvalue_error_std": 0.0,
      "a_err_per_sample": 0.7897326051115989
    },
    "physics": {
      "sigma": 0.01183766100393081,
      "num_warmup": 15000,
      "num_samples": 5000,
      "num_chains": 4,
      "ess_min": 859.9801024525142,
      "rhat_max": 1.0082152308940115,
      "rhat_mean": 1.0008929419063861,
      "n_div": 216,
      "reliability_flag": "WARN",
      "reliability_explanation": "divergences=1.1% > 1%",
      "a_err": 0.8493210077285767,
      "crps_a": 0.49695297358799045,
      "coverage_95": 0.9940546751022339,
      "ci_width": 2.7705112960761,
      "mean_std": 1.0969027271235878,
      "cal_levels": [
        0.1,
        0.19444444444444445,
        0.28888888888888886,
        0.3833333333333333,
        0.47777777777777775,
        0.5722222222222222,
        0.6666666666666666,
        0.7611111111111111,
        0.8555555555555555,
        0.95
      ],
      "cal_empirical": [
        0.8656361474435196,
        0.8846611177170036,
        0.901307966706302,
        0.9167657550535078,
        0.9262782401902497,
        0.9429250891795482,
        0.9571938168846611,
        0.9678953626634959,
        0.9821640903686087,
        0.9940546967895363
      ],
      "nll_a": 0.3166809316878054,
      "u_err": 0.05660003400205241,
      "chi2_ppc": 5.161804871853743,
      "chi2_ppc_pvalue": 1.0,
      "map_a_err": 0.5900296568870544,
      "map_u_err": 0.1891697198152542,
      "label": "physics",
      "warmup_time_s": 19143.26789546013,
      "sampling_time_s": 5711.805977106094,
      "step_time_s": 0.3106884234070778,
      "spearman_rho_error_std": 0.9400048547444605,
      "spearman_pvalue_error_std": 0.0,
      "a_err_per_sample": 0.8218800221085548
    }
  },
  "sweep_var": null,
  "baseline": null,
  "sweep_conditions": null,
  "laplace": null,
  "map_time_s": 4.544888734817505,
  "total_time_s": 31371.335160255432,
  "sweep_value": null,
  "is_sweep_baseline": null
}