{
  "experiment": "physics",
  "problem": "darcy_piecewise",
  "experiment_type": "comparison",
  "timestamp": "2026-06-12T22:59:09",
  "seed": 42,
  "test_idx": 0,
  "prior": {
    "n_prior": 500,
    "a_err": 0.5136094689369202,
    "crps_a": 1.2639168370986917,
    "coverage_95": 1.0,
    "ci_width": 5.0,
    "mean_std": 2.4941394804185433
  },
  "prior_ood": null,
  "condition": null,
  "conditions": {
    "data_only": {
      "sigma": 0.008800348639427004,
      "num_warmup": 15000,
      "num_samples": 5000,
      "num_chains": 4,
      "ess_min": 11859.949095612354,
      "rhat_max": 1.0005528297189288,
      "rhat_mean": 1.0000758945280552,
      "n_div": 0,
      "reliability_flag": "PASS",
      "reliability_explanation": "All diagnostics within thresholds",
      "a_err": 0.822529673576355,
      "crps_a": 0.7085939156510107,
      "coverage_95": 1.0,
      "ci_width": 4.429250891795482,
      "mean_std": 1.8436491418087382,
      "cal_levels": [
        0.1,
        0.19444444444444445,
        0.28888888888888886,
        0.3833333333333333,
        0.47777777777777775,
        0.5722222222222222,
        0.6666666666666666,
        0.7611111111111111,
        0.8555555555555555,
        0.95
      ],
      "cal_empirical": [
        0.8240190249702735,
        0.8608799048751486,
        0.8894173602853745,
        0.9191438763376932,
        0.9500594530321046,
        0.9774078478002378,
        0.9821640903686087,
        0.9881093935790726,
        0.9928656361474435,
        1.0
      ],
      "nll_a": 0.4345664388677937,
      "u_err": 0.03420501518873279,
      "chi2_ppc": 3.6447866589494184,
      "chi2_ppc_pvalue": 1.0,
      "map_a_err": 0.6163462400436401,
      "map_u_err": 0.21613751351833344,
      "label": "data_only",
      "warmup_time_s": 1785.598177433014,
      "sampling_time_s": 549.9075455665588,
      "step_time_s": 0.029193821537494658,
      "spearman_rho_error_std": 0.8419269029683111,
      "spearman_pvalue_error_std": 5.213467796635767e-227,
      "a_err_per_sample": 0.7309859183505177
    },
    "physics": {
      "sigma": 0.008800348639427004,
      "num_warmup": 15000,
      "num_samples": 5000,
      "num_chains": 4,
      "ess_min": 9.398940003273946,
      "rhat_max": 1.1485063476435609,
      "rhat_mean": 1.0145972770193061,
      "n_div": 63,
      "reliability_flag": "FAIL",
      "reliability_explanation": "ESS_min=9.4 < 10; R-hat_max=1.149 > 1.05",
      "a_err": 0.8009909391403198,
      "crps_a": 0.7965174980380499,
      "coverage_95": 0.9785968661308289,
      "ci_width": 3.638525564803805,
      "mean_std": 1.5407472172318515,
      "cal_levels": [
        0.1,
        0.19444444444444445,
        0.28888888888888886,
        0.3833333333333333,
        0.47777777777777775,
        0.5722222222222222,
        0.6666666666666666,
        0.7611111111111111,
        0.8555555555555555,
        0.95
      ],
      "cal_empirical": [
        0.8180737217598097,
        0.8501783590963139,
        0.8787158145065398,
        0.8953626634958383,
        0.9191438763376932,
        0.93935790725327,
        0.9453032104637337,
        0.9583828775267539,
        0.9655172413793104,
        0.9785969084423306
      ],
      "nll_a": 0.5264415377896013,
      "u_err": 0.05657636084598099,
      "chi2_ppc": 11.310790047997967,
      "chi2_ppc_pvalue": 1.0,
      "map_a_err": 0.6163462400436401,
      "map_u_err": 0.21613751351833344,
      "label": "physics",
      "warmup_time_s": 19496.8812520504,
      "sampling_time_s": 6502.140024900436,
      "step_time_s": 0.32498776596188544,
      "spearman_rho_error_std": 0.7747254026160548,
      "spearman_pvalue_error_std": 3.339948440369771e-169,
      "a_err_per_sample": 0.7371226528018713
    }
  },
  "sweep_var": null,
  "baseline": null,
  "sweep_conditions": null,
  "laplace": null,
  "map_time_s": 4.062223434448242,
  "total_time_s": 31483.501707315445,
  "sweep_value": null,
  "is_sweep_baseline": null
}