{
  "experiment": "physics",
  "problem": "darcy_continuous",
  "experiment_type": "comparison",
  "timestamp": "2026-06-12T19:35:35",
  "seed": 7,
  "test_idx": 1,
  "prior": {
    "n_prior": 500,
    "a_err": 0.32536736130714417,
    "crps_a": 0.4214620101044654,
    "coverage_95": 0.920332936979786,
    "ci_width": 2.1838220653656473,
    "mean_std": 0.5966345994520127
  },
  "prior_ood": null,
  "condition": null,
  "conditions": {
    "data_only": {
      "sigma": 0.005,
      "num_warmup": 5000,
      "num_samples": 2000,
      "num_chains": 4,
      "ess_min": 1438.7436233337842,
      "rhat_max": 1.0014832684533863,
      "rhat_mean": 1.0010158446353037,
      "n_div": 0,
      "reliability_flag": "PASS",
      "reliability_explanation": "All diagnostics within thresholds",
      "a_err": 0.0017087782861009155,
      "crps_a": 0.002925236658845739,
      "coverage_95": 0.9976218787158145,
      "ci_width": 0.03952791918925106,
      "mean_std": 0.010035398919637468,
      "cal_levels": [
        0.1,
        0.19444444444444445,
        0.28888888888888886,
        0.3833333333333333,
        0.47777777777777775,
        0.5722222222222222,
        0.6666666666666666,
        0.7611111111111111,
        0.8555555555555555,
        0.95
      ],
      "cal_empirical": [
        0.20451843043995244,
        0.44589774078478,
        0.6266349583828775,
        0.7693222354340071,
        0.8406658739595719,
        0.8727705112960761,
        0.9072532699167658,
        0.9417360285374554,
        0.976218787158145,
        0.9976218787158145
      ],
      "nll_a": -3.6355721530396763,
      "u_err": 0.002846276309472076,
      "chi2_ppc": 0.7351078988334644,
      "chi2_ppc_pvalue": 1.0,
      "map_a_err": 0.0025269959587603807,
      "map_u_err": 0.002801003400236368,
      "label": "data_only",
      "warmup_time_s": 165.81536960601807,
      "sampling_time_s": 62.38088417053223,
      "step_time_s": 0.008149866206305367,
      "spearman_rho_error_std": 0.19583909471612437,
      "spearman_pvalue_error_std": 1.0256870608912397e-08,
      "a_err_per_sample": null
    },
    "physics": {
      "sigma": 0.005,
      "num_warmup": 5000,
      "num_samples": 2000,
      "num_chains": 4,
      "ess_min": 2.004716957664315,
      "rhat_max": 20.46402333724357,
      "rhat_mean": 9.92809018640851,
      "n_div": 0,
      "reliability_flag": "FAIL",
      "reliability_explanation": "ESS_min=2.0 < 10; R-hat_max=20.464 > 1.2",
      "a_err": 0.062460854008066016,
      "crps_a": 0.034018792758077974,
      "coverage_95": 0.9964328180737217,
      "ci_width": 0.5211602825372162,
      "mean_std": 0.2195698141380665,
      "cal_levels": [
        0.1,
        0.19444444444444445,
        0.28888888888888886,
        0.3833333333333333,
        0.47777777777777775,
        0.5722222222222222,
        0.6666666666666666,
        0.7611111111111111,
        0.8555555555555555,
        0.95
      ],
      "cal_empirical": [
        0.19738406658739596,
        0.4447086801426873,
        0.6516052318668252,
        0.8049940546967895,
        0.9476813317479191,
        0.9678953626634959,
        0.976218787158145,
        0.9833531510107015,
        0.9940546967895363,
        0.9964328180737217
      ],
      "nll_a": -0.7613861557666861,
      "u_err": 0.047045122115857214,
      "chi2_ppc": 434.7077601820064,
      "chi2_ppc_pvalue": 2.8295160498727416e-43,
      "map_a_err": 0.0025269959587603807,
      "map_u_err": 0.002801003400236368,
      "label": "physics",
      "warmup_time_s": 10759.793234109879,
      "sampling_time_s": 4312.816959619522,
      "step_time_s": 0.5383075069189072,
      "spearman_rho_error_std": 0.9992899528612299,
      "spearman_pvalue_error_std": 0.0,
      "a_err_per_sample": null
    }
  },
  "sweep_var": null,
  "baseline": null,
  "sweep_conditions": null,
  "laplace": null,
  "map_time_s": 8.253284215927124,
  "total_time_s": 19156.2053399086,
  "sweep_value": null,
  "is_sweep_baseline": null
}