{
  "experiment": "physics",
  "problem": "darcy_piecewise",
  "experiment_type": "comparison",
  "timestamp": "2026-06-12T23:28:39",
  "seed": 123,
  "test_idx": 0,
  "prior": {
    "n_prior": 500,
    "a_err": 0.6425707936286926,
    "crps_a": 1.2195791914387633,
    "coverage_95": 1.0,
    "ci_width": 5.0,
    "mean_std": 2.4939507564745695
  },
  "prior_ood": null,
  "condition": null,
  "conditions": {
    "data_only": {
      "sigma": 0.008800348639427004,
      "num_warmup": 15000,
      "num_samples": 5000,
      "num_chains": 4,
      "ess_min": 9135.86255340566,
      "rhat_max": 1.0007797761337331,
      "rhat_mean": 1.0000730061204,
      "n_div": 0,
      "reliability_flag": "PASS",
      "reliability_explanation": "All diagnostics within thresholds",
      "a_err": 0.8427096605300903,
      "crps_a": 0.6637352621878717,
      "coverage_95": 0.9976218938827515,
      "ci_width": 4.494649227110583,
      "mean_std": 1.8911278929415913,
      "cal_levels": [
        0.1,
        0.19444444444444445,
        0.28888888888888886,
        0.3833333333333333,
        0.47777777777777775,
        0.5722222222222222,
        0.6666666666666666,
        0.7611111111111111,
        0.8555555555555555,
        0.95
      ],
      "cal_empirical": [
        0.8596908442330559,
        0.9036860879904876,
        0.929845422116528,
        0.9500594530321046,
        0.9631391200951248,
        0.9678953626634959,
        0.9750297265160524,
        0.9869203329369798,
        0.9928656361474435,
        0.9976218787158145
      ],
      "nll_a": 0.4220957625397304,
      "u_err": 0.03176051300608218,
      "chi2_ppc": 4.057853435128551,
      "chi2_ppc_pvalue": 1.0,
      "map_a_err": 0.502718985080719,
      "map_u_err": 0.19177360832691193,
      "label": "data_only",
      "warmup_time_s": 1943.8629140853882,
      "sampling_time_s": 580.4091475009918,
      "step_time_s": 0.03155340076982975,
      "spearman_rho_error_std": 0.8514005920117146,
      "spearman_pvalue_error_std": 2.4388312961498188e-237,
      "a_err_per_sample": 0.7312977810785174
    },
    "physics": {
      "sigma": 0.008800348639427004,
      "num_warmup": 15000,
      "num_samples": 5000,
      "num_chains": 4,
      "ess_min": 9.530793388363525,
      "rhat_max": 1.2160678991706946,
      "rhat_mean": 1.0519923603026027,
      "n_div": 78,
      "reliability_flag": "FAIL",
      "reliability_explanation": "ESS_min=9.5 < 10; R-hat_max=1.216 > 1.2",
      "a_err": 0.7377018928527832,
      "crps_a": 0.946288366304994,
      "coverage_95": 0.9655172228813171,
      "ci_width": 3.6741973840665874,
      "mean_std": 1.5192517849895868,
      "cal_levels": [
        0.1,
        0.19444444444444445,
        0.28888888888888886,
        0.3833333333333333,
        0.47777777777777775,
        0.5722222222222222,
        0.6666666666666666,
        0.7611111111111111,
        0.8555555555555555,
        0.95
      ],
      "cal_empirical": [
        0.7598097502972652,
        0.7954815695600476,
        0.8228299643281808,
        0.8430439952437574,
        0.8739595719381689,
        0.9096313912009513,
        0.9262782401902497,
        0.9381688466111772,
        0.9488703923900119,
        0.9655172413793104
      ],
      "nll_a": 0.6289488651247107,
      "u_err": 0.05795890061442208,
      "chi2_ppc": 12.577432476747454,
      "chi2_ppc_pvalue": 1.0,
      "map_a_err": 0.502718985080719,
      "map_u_err": 0.19177360832691193,
      "label": "physics",
      "warmup_time_s": 19808.608670711517,
      "sampling_time_s": 6601.393111228943,
      "step_time_s": 0.3301250222742558,
      "spearman_rho_error_std": 0.6957720431089596,
      "spearman_pvalue_error_std": 1.0437570551059981e-122,
      "a_err_per_sample": 0.7100656067669392
    }
  },
  "sweep_var": null,
  "baseline": null,
  "sweep_conditions": null,
  "laplace": null,
  "map_time_s": 4.280301809310913,
  "total_time_s": 32565.262964963913,
  "sweep_value": null,
  "is_sweep_baseline": null
}