{
  "experiment": "physics",
  "problem": "darcy_continuous",
  "experiment_type": "comparison",
  "timestamp": "2026-06-12T15:29:12",
  "seed": 7,
  "test_idx": 0,
  "prior": {
    "n_prior": 500,
    "a_err": 0.2679647207260132,
    "crps_a": 0.32125697217982585,
    "coverage_95": 0.9738406658739596,
    "ci_width": 2.1838220653656473,
    "mean_std": 0.5966345994520127
  },
  "prior_ood": null,
  "condition": null,
  "conditions": {
    "data_only": {
      "sigma": 0.15,
      "num_warmup": 5000,
      "num_samples": 2000,
      "num_chains": 4,
      "ess_min": 79.8116733670292,
      "rhat_max": 1.0643394022824093,
      "rhat_mean": 1.0229367544281704,
      "n_div": 43,
      "reliability_flag": "WARN",
      "reliability_explanation": "R-hat_max=1.064 > 1.05",
      "a_err": 0.02787642214452264,
      "crps_a": 0.041478304077219884,
      "coverage_95": 0.9976218787158145,
      "ci_width": 0.6092010673276917,
      "mean_std": 0.15561463202595177,
      "cal_levels": [
        0.1,
        0.19444444444444445,
        0.28888888888888886,
        0.3833333333333333,
        0.47777777777777775,
        0.5722222222222222,
        0.6666666666666666,
        0.7611111111111111,
        0.8555555555555555,
        0.95
      ],
      "cal_empirical": [
        0.18549346016646848,
        0.3733650416171225,
        0.539833531510107,
        0.7954815695600476,
        0.9048751486325802,
        0.9417360285374554,
        0.9595719381688466,
        0.9797859690844233,
        0.9916765755053508,
        0.9976218787158145
      ],
      "nll_a": -0.9437176369580439,
      "u_err": 0.043909944361873406,
      "chi2_ppc": 0.33050603678895196,
      "chi2_ppc_pvalue": 1.0,
      "map_a_err": 0.012863119132816792,
      "map_u_err": 0.022934993728995323,
      "label": "data_only",
      "warmup_time_s": 791.0967366695404,
      "sampling_time_s": 266.1697037220001,
      "step_time_s": 0.037759515728269306,
      "spearman_rho_error_std": 0.3180344629880162,
      "spearman_pvalue_error_std": 3.2033058327940004e-21,
      "a_err_per_sample": null
    },
    "physics": {
      "sigma": 0.15,
      "num_warmup": 5000,
      "num_samples": 2000,
      "num_chains": 4,
      "ess_min": 753.6835130516145,
      "rhat_max": 1.0036974163346357,
      "rhat_mean": 1.0028541356462402,
      "n_div": 18,
      "reliability_flag": "PASS",
      "reliability_explanation": "All diagnostics within thresholds",
      "a_err": 0.028136767392277016,
      "crps_a": 0.04094407043431551,
      "coverage_95": 0.9976218787158145,
      "ci_width": 0.5784826419177578,
      "mean_std": 0.14871654323728803,
      "cal_levels": [
        0.1,
        0.19444444444444445,
        0.28888888888888886,
        0.3833333333333333,
        0.47777777777777775,
        0.5722222222222222,
        0.6666666666666666,
        0.7611111111111111,
        0.8555555555555555,
        0.95
      ],
      "cal_empirical": [
        0.20332936979785968,
        0.3579072532699168,
        0.5469678953626635,
        0.7740784780023782,
        0.9310344827586207,
        0.9441141498216409,
        0.9678953626634959,
        0.9869203329369798,
        0.9928656361474435,
        0.9976218787158145
      ],
      "nll_a": -1.0092555894431896,
      "u_err": 0.04612670158661118,
      "chi2_ppc": 0.3478761256950657,
      "chi2_ppc_pvalue": 1.0,
      "map_a_err": 0.012863119132816792,
      "map_u_err": 0.022934993728995323,
      "label": "physics",
      "warmup_time_s": 1304.369388103485,
      "sampling_time_s": 449.6121780872345,
      "step_time_s": 0.0626421987925257,
      "spearman_rho_error_std": 0.42791720312924286,
      "spearman_pvalue_error_std": 9.08278192103388e-39,
      "a_err_per_sample": null
    }
  },
  "sweep_var": null,
  "baseline": null,
  "sweep_conditions": null,
  "laplace": null,
  "map_time_s": 8.353093147277832,
  "total_time_s": 5578.264180421829,
  "sweep_value": null,
  "is_sweep_baseline": null
}