{
  "experiment": "physics",
  "problem": "eit",
  "experiment_type": "comparison",
  "timestamp": "2026-06-12T21:09:46",
  "seed": 7,
  "test_idx": 0,
  "prior": {
    "n_prior": 500,
    "a_err": 0.3371298015117645,
    "crps_a": 0.8399774356052632,
    "coverage_95": 1.0,
    "ci_width": 3.8225653745316777,
    "mean_std": 1.0971457318714988
  },
  "prior_ood": null,
  "condition": null,
  "conditions": {
    "data_only": {
      "sigma": 0.1,
      "num_warmup": 5000,
      "num_samples": 2000,
      "num_chains": 4,
      "ess_min": 5522.213218458999,
      "rhat_max": 1.00050454814732,
      "rhat_mean": 1.0001029069847465,
      "n_div": 0,
      "reliability_flag": "PASS",
      "reliability_explanation": "All diagnostics within thresholds",
      "a_err": 0.004474018489401533,
      "crps_a": 0.009962785650893868,
      "coverage_95": 0.8798828125,
      "ci_width": 0.05747951101122416,
      "mean_std": 0.01471123780070998,
      "cal_levels": [
        0.1,
        0.19444444444444445,
        0.28888888888888886,
        0.3833333333333333,
        0.47777777777777775,
        0.5722222222222222,
        0.6666666666666666,
        0.7611111111111111,
        0.8555555555555555,
        0.95
      ],
      "cal_empirical": [
        0.068359375,
        0.138671875,
        0.2216796875,
        0.29296875,
        0.3603515625,
        0.4287109375,
        0.5068359375,
        0.6005859375,
        0.728515625,
        0.8798828125
      ],
      "nll_a": -2.553502193790124,
      "u_err": null,
      "chi2_ppc": 96.02367375301472,
      "chi2_ppc_pvalue": 0.9704745058434843,
      "map_a_err": 0.05599723011255264,
      "map_u_err": null,
      "label": "data_only",
      "warmup_time_s": 156.25347590446472,
      "sampling_time_s": 39.622522830963135,
      "step_time_s": 0.006995571383408138,
      "spearman_rho_error_std": 0.3393612536656891,
      "spearman_pvalue_error_std": 5.124036027370861e-29,
      "a_err_per_sample": null
    },
    "physics": {
      "sigma": 0.1,
      "num_warmup": 5000,
      "num_samples": 2000,
      "num_chains": 4,
      "ess_min": 6035.613449267582,
      "rhat_max": 1.0007458384902717,
      "rhat_mean": 1.0001892836008597,
      "n_div": 0,
      "reliability_flag": "PASS",
      "reliability_explanation": "All diagnostics within thresholds",
      "a_err": 0.004373464389065572,
      "crps_a": 0.009724926243016251,
      "coverage_95": 0.8759765625,
      "ci_width": 0.05557383184773641,
      "mean_std": 0.014173083974963207,
      "cal_levels": [
        0.1,
        0.19444444444444445,
        0.28888888888888886,
        0.3833333333333333,
        0.47777777777777775,
        0.5722222222222222,
        0.6666666666666666,
        0.7611111111111111,
        0.8555555555555555,
        0.95
      ],
      "cal_empirical": [
        0.0693359375,
        0.146484375,
        0.2177734375,
        0.287109375,
        0.3681640625,
        0.4404296875,
        0.513671875,
        0.591796875,
        0.728515625,
        0.8759765625
      ],
      "nll_a": -2.567806334272539,
      "u_err": null,
      "chi2_ppc": 95.92772449459832,
      "chi2_ppc_pvalue": 0.9709571857825028,
      "map_a_err": 0.05599723011255264,
      "map_u_err": null,
      "label": "physics",
      "warmup_time_s": 227.89165711402893,
      "sampling_time_s": 43.5645956993103,
      "step_time_s": 0.009694866171904973,
      "spearman_rho_error_std": 0.36171331852156496,
      "spearman_pvalue_error_std": 5.209794816784695e-33,
      "a_err_per_sample": null
    }
  },
  "sweep_var": null,
  "baseline": null,
  "sweep_conditions": null,
  "laplace": null,
  "map_time_s": 10.400617837905884,
  "total_time_s": 517.6434690952301,
  "sweep_value": null,
  "is_sweep_baseline": null
}