{
  "experiment": "physics",
  "problem": "eit",
  "experiment_type": "comparison",
  "timestamp": "2026-06-12T16:52:04",
  "seed": 42,
  "test_idx": 2,
  "prior": {
    "n_prior": 500,
    "a_err": 0.3232261538505554,
    "crps_a": 0.7853465598417362,
    "coverage_95": 1.0,
    "ci_width": 3.738673297261709,
    "mean_std": 1.058260611811554
  },
  "prior_ood": null,
  "condition": null,
  "conditions": {
    "data_only": {
      "sigma": 0.2,
      "num_warmup": 5000,
      "num_samples": 2000,
      "num_chains": 4,
      "ess_min": 1930.233094978229,
      "rhat_max": 1.0020035222450279,
      "rhat_mean": 1.0010304384853337,
      "n_div": 20,
      "reliability_flag": "PASS",
      "reliability_explanation": "All diagnostics within thresholds",
      "a_err": 0.006209138204833292,
      "crps_a": 0.013459984082060837,
      "coverage_95": 0.9765625,
      "ci_width": 0.11093102307472916,
      "mean_std": 0.028272245354182712,
      "cal_levels": [
        0.1,
        0.19444444444444445,
        0.28888888888888886,
        0.3833333333333333,
        0.47777777777777775,
        0.5722222222222222,
        0.6666666666666666,
        0.7611111111111111,
        0.8555555555555555,
        0.95
      ],
      "cal_empirical": [
        0.10546875,
        0.18359375,
        0.2724609375,
        0.357421875,
        0.4482421875,
        0.5595703125,
        0.705078125,
        0.8173828125,
        0.908203125,
        0.9765625
      ],
      "nll_a": -2.34891062733773,
      "u_err": null,
      "chi2_ppc": 23.462859205923312,
      "chi2_ppc_pvalue": 1.0,
      "map_a_err": 0.055895984172821045,
      "map_u_err": null,
      "label": "data_only",
      "warmup_time_s": 126.49992394447327,
      "sampling_time_s": 36.918532609939575,
      "step_time_s": 0.005836373448371887,
      "spearman_rho_error_std": 0.30592995627995134,
      "spearman_pvalue_error_std": 1.2578215288266825e-23,
      "a_err_per_sample": null
    },
    "physics": {
      "sigma": 0.2,
      "num_warmup": 5000,
      "num_samples": 2000,
      "num_chains": 4,
      "ess_min": 7006.5615152708415,
      "rhat_max": 1.000237253155407,
      "rhat_mean": 1.0000397670422865,
      "n_div": 0,
      "reliability_flag": "PASS",
      "reliability_explanation": "All diagnostics within thresholds",
      "a_err": 0.0046282425380373,
      "crps_a": 0.010548573944240141,
      "coverage_95": 0.982421875,
      "ci_width": 0.09279421506780107,
      "mean_std": 0.023617079221533308,
      "cal_levels": [
        0.1,
        0.19444444444444445,
        0.28888888888888886,
        0.3833333333333333,
        0.47777777777777775,
        0.5722222222222222,
        0.6666666666666666,
        0.7611111111111111,
        0.8555555555555555,
        0.95
      ],
      "cal_empirical": [
        0.1318359375,
        0.2451171875,
        0.349609375,
        0.4443359375,
        0.5302734375,
        0.6162109375,
        0.69921875,
        0.80859375,
        0.89453125,
        0.982421875
      ],
      "nll_a": -2.5640959581745286,
      "u_err": null,
      "chi2_ppc": 22.420151579309668,
      "chi2_ppc_pvalue": 1.0,
      "map_a_err": 0.055895984172821045,
      "map_u_err": null,
      "label": "physics",
      "warmup_time_s": 159.12165999412537,
      "sampling_time_s": 43.48125219345093,
      "step_time_s": 0.007235818292413439,
      "spearman_rho_error_std": 0.18097318458980044,
      "spearman_pvalue_error_std": 5.467155847874285e-09,
      "a_err_per_sample": null
    }
  },
  "sweep_var": null,
  "baseline": null,
  "sweep_conditions": null,
  "laplace": null,
  "map_time_s": 10.188341856002808,
  "total_time_s": 415.00410771369934,
  "sweep_value": null,
  "is_sweep_baseline": null
}