{
  "experiment": "physics",
  "problem": "eit",
  "experiment_type": "comparison",
  "timestamp": "2026-06-12T16:38:34",
  "seed": 42,
  "test_idx": 0,
  "prior": {
    "n_prior": 500,
    "a_err": 0.3232261538505554,
    "crps_a": 0.7853465598417362,
    "coverage_95": 1.0,
    "ci_width": 3.738673297261709,
    "mean_std": 1.058260611811554
  },
  "prior_ood": null,
  "condition": null,
  "conditions": {
    "data_only": {
      "sigma": 0.1,
      "num_warmup": 5000,
      "num_samples": 2000,
      "num_chains": 4,
      "ess_min": 5380.883373370263,
      "rhat_max": 1.0002998687209095,
      "rhat_mean": 0.9999220941723764,
      "n_div": 0,
      "reliability_flag": "PASS",
      "reliability_explanation": "All diagnostics within thresholds",
      "a_err": 0.004415938182508816,
      "crps_a": 0.00982230605579578,
      "coverage_95": 0.8837890625,
      "ci_width": 0.05683920057946966,
      "mean_std": 0.014551840527335817,
      "cal_levels": [
        0.1,
        0.19444444444444445,
        0.28888888888888886,
        0.3833333333333333,
        0.47777777777777775,
        0.5722222222222222,
        0.6666666666666666,
        0.7611111111111111,
        0.8555555555555555,
        0.95
      ],
      "cal_empirical": [
        0.0693359375,
        0.1435546875,
        0.228515625,
        0.296875,
        0.3720703125,
        0.435546875,
        0.5126953125,
        0.6025390625,
        0.73828125,
        0.8837890625
      ],
      "nll_a": -2.568289397573541,
      "u_err": null,
      "chi2_ppc": 95.97610248274516,
      "chi2_ppc_pvalue": 0.9707146015073771,
      "map_a_err": 0.05423245206475258,
      "map_u_err": null,
      "label": "data_only",
      "warmup_time_s": 160.12846541404724,
      "sampling_time_s": 34.55890130996704,
      "step_time_s": 0.006953120240143367,
      "spearman_rho_error_std": 0.3407648214541163,
      "spearman_pvalue_error_std": 2.939655390615457e-29,
      "a_err_per_sample": null
    },
    "physics": {
      "sigma": 0.1,
      "num_warmup": 5000,
      "num_samples": 2000,
      "num_chains": 4,
      "ess_min": 6043.5947553690785,
      "rhat_max": 1.000641807727527,
      "rhat_mean": 1.000313830844058,
      "n_div": 0,
      "reliability_flag": "PASS",
      "reliability_explanation": "All diagnostics within thresholds",
      "a_err": 0.004334229113125644,
      "crps_a": 0.009641085560716765,
      "coverage_95": 0.8759765625,
      "ci_width": 0.05544149713713588,
      "mean_std": 0.014123697842198737,
      "cal_levels": [
        0.1,
        0.19444444444444445,
        0.28888888888888886,
        0.3833333333333333,
        0.47777777777777775,
        0.5722222222222222,
        0.6666666666666666,
        0.7611111111111111,
        0.8555555555555555,
        0.95
      ],
      "cal_empirical": [
        0.0654296875,
        0.1494140625,
        0.220703125,
        0.2861328125,
        0.37109375,
        0.44140625,
        0.51171875,
        0.587890625,
        0.728515625,
        0.8759765625
      ],
      "nll_a": -2.574898660203395,
      "u_err": null,
      "chi2_ppc": 95.9277531503141,
      "chi2_ppc_pvalue": 0.9709570425638152,
      "map_a_err": 0.05423245206475258,
      "map_u_err": null,
      "label": "physics",
      "warmup_time_s": 243.99520230293274,
      "sampling_time_s": 52.90722703933716,
      "step_time_s": 0.010603658190795354,
      "spearman_rho_error_std": 0.35236864986410127,
      "spearman_pvalue_error_std": 2.6625687468197165e-31,
      "a_err_per_sample": null
    }
  },
  "sweep_var": null,
  "baseline": null,
  "sweep_conditions": null,
  "laplace": null,
  "map_time_s": 10.4143545627594,
  "total_time_s": 541.4889543056488,
  "sweep_value": null,
  "is_sweep_baseline": null
}