{
  "experiment": "physics",
  "problem": "eit",
  "experiment_type": "comparison",
  "timestamp": "2026-06-13T00:21:20",
  "seed": 7,
  "test_idx": 2,
  "prior": {
    "n_prior": 500,
    "a_err": 0.3371298015117645,
    "crps_a": 0.8399774356052632,
    "coverage_95": 1.0,
    "ci_width": 3.8225653745316777,
    "mean_std": 1.0971457318714988
  },
  "prior_ood": null,
  "condition": null,
  "conditions": {
    "data_only": {
      "sigma": 0.2,
      "num_warmup": 5000,
      "num_samples": 2000,
      "num_chains": 4,
      "ess_min": 2.0144351188116354,
      "rhat_max": 11.296411746859032,
      "rhat_mean": 6.092449494846228,
      "n_div": 4,
      "reliability_flag": "FAIL",
      "reliability_explanation": "ESS_min=2.0 < 10; R-hat_max=11.296 > 1.2",
      "a_err": 0.03630017444025557,
      "crps_a": 0.03974249127094366,
      "coverage_95": 0.974609375,
      "ci_width": 0.4668099917417172,
      "mean_std": 0.17082125681092836,
      "cal_levels": [
        0.1,
        0.19444444444444445,
        0.28888888888888886,
        0.3833333333333333,
        0.47777777777777775,
        0.5722222222222222,
        0.6666666666666666,
        0.7611111111111111,
        0.8555555555555555,
        0.95
      ],
      "cal_empirical": [
        0.072265625,
        0.1298828125,
        0.2021484375,
        0.3037109375,
        0.3876953125,
        0.47265625,
        0.580078125,
        0.7421875,
        0.859375,
        0.974609375
      ],
      "nll_a": -0.9186164947882897,
      "u_err": null,
      "chi2_ppc": 34.6275488141681,
      "chi2_ppc_pvalue": 0.9999999999999999,
      "map_a_err": 0.05455679073929787,
      "map_u_err": null,
      "label": "data_only",
      "warmup_time_s": 119.41306185722351,
      "sampling_time_s": 39.27434682846069,
      "step_time_s": 0.00566740745306015,
      "spearman_rho_error_std": 0.9432997013804448,
      "spearman_pvalue_error_std": 0.0,
      "a_err_per_sample": null
    },
    "physics": {
      "sigma": 0.2,
      "num_warmup": 5000,
      "num_samples": 2000,
      "num_chains": 4,
      "ess_min": 7631.804197669849,
      "rhat_max": 1.0006089965709823,
      "rhat_mean": 1.000091052102926,
      "n_div": 0,
      "reliability_flag": "PASS",
      "reliability_explanation": "All diagnostics within thresholds",
      "a_err": 0.00465487272441536,
      "crps_a": 0.010626819737637433,
      "coverage_95": 0.9814453125,
      "ci_width": 0.09263482744257277,
      "mean_std": 0.02353924363443302,
      "cal_levels": [
        0.1,
        0.19444444444444445,
        0.28888888888888886,
        0.3833333333333333,
        0.47777777777777775,
        0.5722222222222222,
        0.6666666666666666,
        0.7611111111111111,
        0.8555555555555555,
        0.95
      ],
      "cal_empirical": [
        0.1240234375,
        0.2314453125,
        0.345703125,
        0.4443359375,
        0.525390625,
        0.6201171875,
        0.6923828125,
        0.796875,
        0.8837890625,
        0.9814453125
      ],
      "nll_a": -2.5584237106289827,
      "u_err": null,
      "chi2_ppc": 22.52990654150072,
      "chi2_ppc_pvalue": 1.0,
      "map_a_err": 0.05455679073929787,
      "map_u_err": null,
      "label": "physics",
      "warmup_time_s": 160.30407691001892,
      "sampling_time_s": 29.014763355255127,
      "step_time_s": 0.006761387152331216,
      "spearman_rho_error_std": 0.1812701277626779,
      "spearman_pvalue_error_std": 5.15710110042706e-09,
      "a_err_per_sample": null
    }
  },
  "sweep_var": null,
  "baseline": null,
  "sweep_conditions": null,
  "laplace": null,
  "map_time_s": 10.34692096710205,
  "total_time_s": 396.6515865325928,
  "sweep_value": null,
  "is_sweep_baseline": null
}