{
  "experiment": "physics",
  "problem": "eit",
  "experiment_type": "comparison",
  "timestamp": "2026-06-12T16:55:14",
  "seed": 123,
  "test_idx": 0,
  "prior": {
    "n_prior": 500,
    "a_err": 0.3197994530200958,
    "crps_a": 0.7804263034116796,
    "coverage_95": 0.9765625,
    "ci_width": 3.744172258289848,
    "mean_std": 1.065327465804236
  },
  "prior_ood": null,
  "condition": null,
  "conditions": {
    "data_only": {
      "sigma": 0.1,
      "num_warmup": 5000,
      "num_samples": 2000,
      "num_chains": 4,
      "ess_min": 5734.722524901407,
      "rhat_max": 1.0006049198488838,
      "rhat_mean": 1.0002048285177287,
      "n_div": 1,
      "reliability_flag": "PASS",
      "reliability_explanation": "All diagnostics within thresholds",
      "a_err": 0.004445020611620904,
      "crps_a": 0.00991851871770774,
      "coverage_95": 0.8837890625,
      "ci_width": 0.056785241905961736,
      "mean_std": 0.01446795140792368,
      "cal_levels": [
        0.1,
        0.19444444444444445,
        0.28888888888888886,
        0.3833333333333333,
        0.47777777777777775,
        0.5722222222222222,
        0.6666666666666666,
        0.7611111111111111,
        0.8555555555555555,
        0.95
      ],
      "cal_empirical": [
        0.0703125,
        0.14453125,
        0.2177734375,
        0.287109375,
        0.3671875,
        0.4306640625,
        0.509765625,
        0.5927734375,
        0.7265625,
        0.8837890625
      ],
      "nll_a": -2.555713986250302,
      "u_err": null,
      "chi2_ppc": 96.13571281498116,
      "chi2_ppc_pvalue": 0.9699029015790694,
      "map_a_err": 0.056309208273887634,
      "map_u_err": null,
      "label": "data_only",
      "warmup_time_s": 157.5647110939026,
      "sampling_time_s": 35.17537236213684,
      "step_time_s": 0.006883574409144265,
      "spearman_rho_error_std": 0.3317827430977755,
      "spearman_pvalue_error_std": 9.8013946097702e-28,
      "a_err_per_sample": null
    },
    "physics": {
      "sigma": 0.1,
      "num_warmup": 5000,
      "num_samples": 2000,
      "num_chains": 4,
      "ess_min": 6002.6299390624745,
      "rhat_max": 1.000037189419651,
      "rhat_mean": 0.9998388681101327,
      "n_div": 0,
      "reliability_flag": "PASS",
      "reliability_explanation": "All diagnostics within thresholds",
      "a_err": 0.004389793658543659,
      "crps_a": 0.009761777476332643,
      "coverage_95": 0.869140625,
      "ci_width": 0.05534769944703222,
      "mean_std": 0.014172943946044448,
      "cal_levels": [
        0.1,
        0.19444444444444445,
        0.28888888888888886,
        0.3833333333333333,
        0.47777777777777775,
        0.5722222222222222,
        0.6666666666666666,
        0.7611111111111111,
        0.8555555555555555,
        0.95
      ],
      "cal_empirical": [
        0.0693359375,
        0.1533203125,
        0.21484375,
        0.2890625,
        0.37109375,
        0.44140625,
        0.509765625,
        0.5908203125,
        0.72265625,
        0.869140625
      ],
      "nll_a": -2.564439622215435,
      "u_err": null,
      "chi2_ppc": 96.0843874551417,
      "chi2_ppc_pvalue": 0.9701658272279321,
      "map_a_err": 0.056309208273887634,
      "map_u_err": null,
      "label": "physics",
      "warmup_time_s": 229.2566864490509,
      "sampling_time_s": 46.67936134338379,
      "step_time_s": 0.00985485884972981,
      "spearman_rho_error_std": 0.3642532499463557,
      "spearman_pvalue_error_std": 1.747909105203773e-33,
      "a_err_per_sample": null
    }
  },
  "sweep_var": null,
  "baseline": null,
  "sweep_conditions": null,
  "laplace": null,
  "map_time_s": 10.271259069442749,
  "total_time_s": 518.716216802597,
  "sweep_value": null,
  "is_sweep_baseline": null
}