{
  "experiment": "physics",
  "problem": "eit",
  "experiment_type": "comparison",
  "timestamp": "2026-06-12T16:55:54",
  "seed": 123,
  "test_idx": 1,
  "prior": {
    "n_prior": 500,
    "a_err": 0.3197994530200958,
    "crps_a": 0.7804263034116796,
    "coverage_95": 0.9765625,
    "ci_width": 3.744172258289848,
    "mean_std": 1.065327465804236
  },
  "prior_ood": null,
  "condition": null,
  "conditions": {
    "data_only": {
      "sigma": 0.2,
      "num_warmup": 5000,
      "num_samples": 2000,
      "num_chains": 4,
      "ess_min": 3208.981814009112,
      "rhat_max": 1.0002521100305908,
      "rhat_mean": 1.0000112751010872,
      "n_div": 1,
      "reliability_flag": "PASS",
      "reliability_explanation": "All diagnostics within thresholds",
      "a_err": 0.0040604492333899175,
      "crps_a": 0.009769063993228338,
      "coverage_95": 0.9951171875,
      "ci_width": 0.10277880518509025,
      "mean_std": 0.026157092066448805,
      "cal_levels": [
        0.1,
        0.19444444444444445,
        0.28888888888888886,
        0.3833333333333333,
        0.47777777777777775,
        0.5722222222222222,
        0.6666666666666666,
        0.7611111111111111,
        0.8555555555555555,
        0.95
      ],
      "cal_empirical": [
        0.1240234375,
        0.2392578125,
        0.400390625,
        0.5087890625,
        0.6484375,
        0.7548828125,
        0.8291015625,
        0.9072265625,
        0.97265625,
        0.9951171875
      ],
      "nll_a": -2.584318358318468,
      "u_err": null,
      "chi2_ppc": 20.013894437745858,
      "chi2_ppc_pvalue": 1.0,
      "map_a_err": 0.05587329342961311,
      "map_u_err": null,
      "label": "data_only",
      "warmup_time_s": 146.24928092956543,
      "sampling_time_s": 50.389060735702515,
      "step_time_s": 0.007022797916616712,
      "spearman_rho_error_std": 0.24638586519204636,
      "spearman_pvalue_error_std": 1.261111270741303e-15,
      "a_err_per_sample": null
    },
    "physics": {
      "sigma": 0.2,
      "num_warmup": 5000,
      "num_samples": 2000,
      "num_chains": 4,
      "ess_min": 8696.76606162687,
      "rhat_max": 1.0003678447402717,
      "rhat_mean": 0.9999949449594933,
      "n_div": 0,
      "reliability_flag": "PASS",
      "reliability_explanation": "All diagnostics within thresholds",
      "a_err": 0.0053899793129403165,
      "crps_a": 0.011621162917395164,
      "coverage_95": 0.951171875,
      "ci_width": 0.08404317748822801,
      "mean_std": 0.021441995677811992,
      "cal_levels": [
        0.1,
        0.19444444444444445,
        0.28888888888888886,
        0.3833333333333333,
        0.47777777777777775,
        0.5722222222222222,
        0.6666666666666666,
        0.7611111111111111,
        0.8555555555555555,
        0.95
      ],
      "cal_empirical": [
        0.091796875,
        0.1748046875,
        0.251953125,
        0.3427734375,
        0.4072265625,
        0.501953125,
        0.591796875,
        0.7001953125,
        0.8388671875,
        0.951171875
      ],
      "nll_a": -2.509156277620898,
      "u_err": null,
      "chi2_ppc": 19.42718478349882,
      "chi2_ppc_pvalue": 1.0,
      "map_a_err": 0.05587329342961311,
      "map_u_err": null,
      "label": "physics",
      "warmup_time_s": 178.95036792755127,
      "sampling_time_s": 34.64677023887634,
      "step_time_s": 0.007628469220229557,
      "spearman_rho_error_std": 0.3932326237393606,
      "spearman_pvalue_error_std": 3.315915904385268e-39,
      "a_err_per_sample": null
    }
  },
  "sweep_var": null,
  "baseline": null,
  "sweep_conditions": null,
  "laplace": null,
  "map_time_s": 10.92229700088501,
  "total_time_s": 461.97163128852844,
  "sweep_value": null,
  "is_sweep_baseline": null
}