{
  "experiment": "physics",
  "problem": "eit",
  "experiment_type": "comparison",
  "timestamp": "2026-06-13T00:24:28",
  "seed": 7,
  "test_idx": 1,
  "prior": {
    "n_prior": 500,
    "a_err": 0.3371298015117645,
    "crps_a": 0.8399774356052632,
    "coverage_95": 1.0,
    "ci_width": 3.8225653745316777,
    "mean_std": 1.0971457318714988
  },
  "prior_ood": null,
  "condition": null,
  "conditions": {
    "data_only": {
      "sigma": 0.2,
      "num_warmup": 5000,
      "num_samples": 2000,
      "num_chains": 4,
      "ess_min": 2.0069661949292126,
      "rhat_max": 16.5219945691211,
      "rhat_mean": 8.39028025327959,
      "n_div": 2,
      "reliability_flag": "FAIL",
      "reliability_explanation": "ESS_min=2.0 < 10; R-hat_max=16.522 > 1.2",
      "a_err": 0.03312032095797029,
      "crps_a": 0.03448479641404257,
      "coverage_95": 0.9921875,
      "ci_width": 0.4288589926344222,
      "mean_std": 0.15873461335744282,
      "cal_levels": [
        0.1,
        0.19444444444444445,
        0.28888888888888886,
        0.3833333333333333,
        0.47777777777777775,
        0.5722222222222222,
        0.6666666666666666,
        0.7611111111111111,
        0.8555555555555555,
        0.95
      ],
      "cal_empirical": [
        0.0615234375,
        0.12890625,
        0.2041015625,
        0.30078125,
        0.453125,
        0.5888671875,
        0.7529296875,
        0.8662109375,
        0.9521484375,
        0.9921875
      ],
      "nll_a": -1.0201291289600627,
      "u_err": null,
      "chi2_ppc": 34.396939605632944,
      "chi2_ppc_pvalue": 0.9999999999999999,
      "map_a_err": 0.07942464202642441,
      "map_u_err": null,
      "label": "data_only",
      "warmup_time_s": 135.86102199554443,
      "sampling_time_s": 35.97299075126648,
      "step_time_s": 0.006136929026671819,
      "spearman_rho_error_std": 0.9778639761104354,
      "spearman_pvalue_error_std": 0.0,
      "a_err_per_sample": null
    },
    "physics": {
      "sigma": 0.2,
      "num_warmup": 5000,
      "num_samples": 2000,
      "num_chains": 4,
      "ess_min": 8309.745673562067,
      "rhat_max": 1.0003574049596184,
      "rhat_mean": 0.9999815141074112,
      "n_div": 0,
      "reliability_flag": "PASS",
      "reliability_explanation": "All diagnostics within thresholds",
      "a_err": 0.00542258704394388,
      "crps_a": 0.011681735507251854,
      "coverage_95": 0.953125,
      "ci_width": 0.08445429324463535,
      "mean_std": 0.021468229370790872,
      "cal_levels": [
        0.1,
        0.19444444444444445,
        0.28888888888888886,
        0.3833333333333333,
        0.47777777777777775,
        0.5722222222222222,
        0.6666666666666666,
        0.7611111111111111,
        0.8555555555555555,
        0.95
      ],
      "cal_empirical": [
        0.0908203125,
        0.1689453125,
        0.2451171875,
        0.3330078125,
        0.404296875,
        0.4970703125,
        0.58203125,
        0.6943359375,
        0.8359375,
        0.953125
      ],
      "nll_a": -2.5033065880388867,
      "u_err": null,
      "chi2_ppc": 19.219379809673907,
      "chi2_ppc_pvalue": 1.0,
      "map_a_err": 0.07942464202642441,
      "map_u_err": null,
      "label": "physics",
      "warmup_time_s": 189.6516318321228,
      "sampling_time_s": 34.522796392440796,
      "step_time_s": 0.0080062295794487,
      "spearman_rho_error_std": 0.3995103846291395,
      "spearman_pvalue_error_std": 1.5976673281224485e-40,
      "a_err_per_sample": null
    }
  },
  "sweep_var": null,
  "baseline": null,
  "sweep_conditions": null,
  "laplace": null,
  "map_time_s": 11.104100465774536,
  "total_time_s": 447.9983661174774,
  "sweep_value": null,
  "is_sweep_baseline": null
}