{
  "experiment": "physics",
  "problem": "eit",
  "experiment_type": "comparison",
  "timestamp": "2026-06-12T17:08:41",
  "seed": 123,
  "test_idx": 2,
  "prior": {
    "n_prior": 500,
    "a_err": 0.3197994530200958,
    "crps_a": 0.7804263034116796,
    "coverage_95": 0.9765625,
    "ci_width": 3.744172258289848,
    "mean_std": 1.065327465804236
  },
  "prior_ood": null,
  "condition": null,
  "conditions": {
    "data_only": {
      "sigma": 0.2,
      "num_warmup": 5000,
      "num_samples": 2000,
      "num_chains": 4,
      "ess_min": 2686.2597026966505,
      "rhat_max": 1.002187563070485,
      "rhat_mean": 1.0009744130904352,
      "n_div": 13,
      "reliability_flag": "PASS",
      "reliability_explanation": "All diagnostics within thresholds",
      "a_err": 0.006223207542808246,
      "crps_a": 0.013458900170919807,
      "coverage_95": 0.9833984375,
      "ci_width": 0.1106670042229479,
      "mean_std": 0.028216716011913494,
      "cal_levels": [
        0.1,
        0.19444444444444445,
        0.28888888888888886,
        0.3833333333333333,
        0.47777777777777775,
        0.5722222222222222,
        0.6666666666666666,
        0.7611111111111111,
        0.8555555555555555,
        0.95
      ],
      "cal_empirical": [
        0.09765625,
        0.1806640625,
        0.2666015625,
        0.3525390625,
        0.4462890625,
        0.5595703125,
        0.703125,
        0.8115234375,
        0.9013671875,
        0.9833984375
      ],
      "nll_a": -2.347596185386391,
      "u_err": null,
      "chi2_ppc": 23.011535378832715,
      "chi2_ppc_pvalue": 1.0,
      "map_a_err": 0.05507836490869522,
      "map_u_err": null,
      "label": "data_only",
      "warmup_time_s": 128.68247270584106,
      "sampling_time_s": 39.96797513961792,
      "step_time_s": 0.006023230280194964,
      "spearman_rho_error_std": 0.3109225354945998,
      "spearman_pvalue_error_std": 2.1747711854881313e-24,
      "a_err_per_sample": null
    },
    "physics": {
      "sigma": 0.2,
      "num_warmup": 5000,
      "num_samples": 2000,
      "num_chains": 4,
      "ess_min": 7208.327167745432,
      "rhat_max": 1.0005017155519718,
      "rhat_mean": 1.0001012821196271,
      "n_div": 0,
      "reliability_flag": "PASS",
      "reliability_explanation": "All diagnostics within thresholds",
      "a_err": 0.004671669342031125,
      "crps_a": 0.010630936193739218,
      "coverage_95": 0.982421875,
      "ci_width": 0.09145630281730117,
      "mean_std": 0.023412287732923556,
      "cal_levels": [
        0.1,
        0.19444444444444445,
        0.28888888888888886,
        0.3833333333333333,
        0.47777777777777775,
        0.5722222222222222,
        0.6666666666666666,
        0.7611111111111111,
        0.8555555555555555,
        0.95
      ],
      "cal_empirical": [
        0.123046875,
        0.2421875,
        0.34765625,
        0.4482421875,
        0.5302734375,
        0.6171875,
        0.689453125,
        0.798828125,
        0.8837890625,
        0.982421875
      ],
      "nll_a": -2.5596830311412404,
      "u_err": null,
      "chi2_ppc": 22.490270931834672,
      "chi2_ppc_pvalue": 1.0,
      "map_a_err": 0.05507836490869522,
      "map_u_err": null,
      "label": "physics",
      "warmup_time_s": 160.20022344589233,
      "sampling_time_s": 34.42085003852844,
      "step_time_s": 0.006950752624443599,
      "spearman_rho_error_std": 0.17957474653100636,
      "spearman_pvalue_error_std": 7.187968948010416e-09,
      "a_err_per_sample": null
    }
  },
  "sweep_var": null,
  "baseline": null,
  "sweep_conditions": null,
  "laplace": null,
  "map_time_s": 10.685856103897095,
  "total_time_s": 414.15249252319336,
  "sweep_value": null,
  "is_sweep_baseline": null
}