{
  "experiment": "physics",
  "problem": "eit",
  "experiment_type": "comparison",
  "timestamp": "2026-06-12T16:53:15",
  "seed": 42,
  "test_idx": 1,
  "prior": {
    "n_prior": 500,
    "a_err": 0.3232261538505554,
    "crps_a": 0.7853465598417362,
    "coverage_95": 1.0,
    "ci_width": 3.738673297261709,
    "mean_std": 1.058260611811554
  },
  "prior_ood": null,
  "condition": null,
  "conditions": {
    "data_only": {
      "sigma": 0.2,
      "num_warmup": 5000,
      "num_samples": 2000,
      "num_chains": 4,
      "ess_min": 2910.3433885701315,
      "rhat_max": 1.000827637829858,
      "rhat_mean": 1.0003628654674779,
      "n_div": 6,
      "reliability_flag": "PASS",
      "reliability_explanation": "All diagnostics within thresholds",
      "a_err": 0.00399488053751946,
      "crps_a": 0.00967015849363403,
      "coverage_95": 0.994140625,
      "ci_width": 0.10335798247318886,
      "mean_std": 0.026363511531338354,
      "cal_levels": [
        0.1,
        0.19444444444444445,
        0.28888888888888886,
        0.3833333333333333,
        0.47777777777777775,
        0.5722222222222222,
        0.6666666666666666,
        0.7611111111111111,
        0.8555555555555555,
        0.95
      ],
      "cal_empirical": [
        0.1279296875,
        0.25,
        0.400390625,
        0.521484375,
        0.671875,
        0.7626953125,
        0.849609375,
        0.9208984375,
        0.9716796875,
        0.994140625
      ],
      "nll_a": -2.5875568933337134,
      "u_err": null,
      "chi2_ppc": 20.09370935383543,
      "chi2_ppc_pvalue": 1.0,
      "map_a_err": 0.06979149580001831,
      "map_u_err": null,
      "label": "data_only",
      "warmup_time_s": 134.44253969192505,
      "sampling_time_s": 36.39832091331482,
      "step_time_s": 0.006101459307329996,
      "spearman_rho_error_std": 0.25958718528717545,
      "spearman_pvalue_error_std": 3.1256845232572314e-17,
      "a_err_per_sample": null
    },
    "physics": {
      "sigma": 0.2,
      "num_warmup": 5000,
      "num_samples": 2000,
      "num_chains": 4,
      "ess_min": 8271.294045933584,
      "rhat_max": 1.0003476578247943,
      "rhat_mean": 0.9999124764357198,
      "n_div": 0,
      "reliability_flag": "PASS",
      "reliability_explanation": "All diagnostics within thresholds",
      "a_err": 0.005369825494164672,
      "crps_a": 0.011593381736573738,
      "coverage_95": 0.9521484375,
      "ci_width": 0.08387047649838833,
      "mean_std": 0.021400786851815963,
      "cal_levels": [
        0.1,
        0.19444444444444445,
        0.28888888888888886,
        0.3833333333333333,
        0.47777777777777775,
        0.5722222222222222,
        0.6666666666666666,
        0.7611111111111111,
        0.8555555555555555,
        0.95
      ],
      "cal_empirical": [
        0.095703125,
        0.1767578125,
        0.2568359375,
        0.3408203125,
        0.4130859375,
        0.5009765625,
        0.59375,
        0.703125,
        0.8388671875,
        0.9521484375
      ],
      "nll_a": -2.5104985567488662,
      "u_err": null,
      "chi2_ppc": 19.392521886269115,
      "chi2_ppc_pvalue": 1.0,
      "map_a_err": 0.06979149580001831,
      "map_u_err": null,
      "label": "physics",
      "warmup_time_s": 187.60264086723328,
      "sampling_time_s": 37.35694146156311,
      "step_time_s": 0.008034270797457013,
      "spearman_rho_error_std": 0.38866432569201054,
      "spearman_pvalue_error_std": 2.8929332120667516e-38,
      "a_err_per_sample": null
    }
  },
  "sweep_var": null,
  "baseline": null,
  "sweep_conditions": null,
  "laplace": null,
  "map_time_s": 10.144438028335571,
  "total_time_s": 445.0479509830475,
  "sweep_value": null,
  "is_sweep_baseline": null
}