{
  "experiment": "ood",
  "problem": "burgers",
  "experiment_type": "comparison",
  "timestamp": "2026-06-15T18:26:32",
  "seed": 7,
  "test_idx": 1,
  "prior": {
    "n_prior": 500,
    "a_err": 1.0108275413513184,
    "crps_a": 0.13816156878438654,
    "coverage_95": 0.6953125,
    "ci_width": 0.6292087752800549,
    "mean_std": 0.154892767851201
  },
  "prior_ood": {
    "n_prior": 500,
    "a_err": 1.067973017692566,
    "crps_a": 0.06503436523930434,
    "coverage_95": 0.9921875,
    "ci_width": 0.6292087752800549,
    "mean_std": 0.154892767851201
  },
  "condition": null,
  "conditions": {
    "in_domain_data_only": {
      "sigma": 0.01,
      "num_warmup": 5000,
      "num_samples": 2000,
      "num_chains": 4,
      "ess_min": 5257.6603987768085,
      "rhat_max": 1.00073331573878,
      "rhat_mean": 1.0000117510482975,
      "n_div": 0,
      "reliability_flag": "PASS",
      "reliability_explanation": "All diagnostics within thresholds",
      "a_err": 0.08397305210301909,
      "crps_a": 0.011006409264606467,
      "coverage_95": 0.890625,
      "ci_width": 0.064503227405838,
      "mean_std": 0.016475946704718636,
      "cal_levels": [
        0.1,
        0.19444444444444445,
        0.28888888888888886,
        0.3833333333333333,
        0.47777777777777775,
        0.5722222222222222,
        0.6666666666666666,
        0.7611111111111111,
        0.8555555555555555,
        0.95
      ],
      "cal_empirical": [
        0.0234375,
        0.09375,
        0.1796875,
        0.2421875,
        0.3515625,
        0.46875,
        0.6015625,
        0.703125,
        0.8046875,
        0.890625
      ],
      "nll_a": -2.8275433400772085,
      "u_err": null,
      "chi2_ppc": 1.2553609871028388,
      "chi2_ppc_pvalue": 1.0,
      "map_a_err": 0.09021130949258804,
      "map_u_err": null,
      "label": "In-Domain Data-Only",
      "warmup_time_s": 290.1318304538727,
      "sampling_time_s": 105.20146155357361,
      "step_time_s": 0.014119046143123083,
      "spearman_rho_error_std": 0.48132210217908805,
      "spearman_pvalue_error_std": 8.857701818371794e-09,
      "a_err_per_sample": null
    },
    "in_domain_physics": {
      "sigma": 0.01,
      "num_warmup": 5000,
      "num_samples": 2000,
      "num_chains": 4,
      "ess_min": 5134.945406524602,
      "rhat_max": 1.0009343855988198,
      "rhat_mean": 1.0002605271040292,
      "n_div": 0,
      "reliability_flag": "PASS",
      "reliability_explanation": "All diagnostics within thresholds",
      "a_err": 0.0844028011158889,
      "crps_a": 0.011030398924331027,
      "coverage_95": 0.90625,
      "ci_width": 0.06501169283375764,
      "mean_std": 0.01662091673080945,
      "cal_levels": [
        0.1,
        0.19444444444444445,
        0.28888888888888886,
        0.3833333333333333,
        0.47777777777777775,
        0.5722222222222222,
        0.6666666666666666,
        0.7611111111111111,
        0.8555555555555555,
        0.95
      ],
      "cal_empirical": [
        0.0234375,
        0.1015625,
        0.1875,
        0.25,
        0.3515625,
        0.4609375,
        0.6015625,
        0.7109375,
        0.796875,
        0.90625
      ],
      "nll_a": -2.8250787832830193,
      "u_err": null,
      "chi2_ppc": 1.2307143665783389,
      "chi2_ppc_pvalue": 1.0,
      "map_a_err": 0.09021130949258804,
      "map_u_err": null,
      "label": "In-Domain Physics",
      "warmup_time_s": 367.4965081214905,
      "sampling_time_s": 143.84452652931213,
      "step_time_s": 0.018262179808957234,
      "spearman_rho_error_std": 0.4920344259293169,
      "spearman_pvalue_error_std": 3.6683948015358517e-09,
      "a_err_per_sample": null
    },
    "ood_data_only": {
      "sigma": 0.01,
      "num_warmup": 5000,
      "num_samples": 2000,
      "num_chains": 4,
      "ess_min": 5571.182796669321,
      "rhat_max": 1.0007693693848698,
      "rhat_mean": 0.9999372120484058,
      "n_div": 0,
      "reliability_flag": "PASS",
      "reliability_explanation": "All diagnostics within thresholds",
      "a_err": 0.07022508802568779,
      "crps_a": 0.005399050193362226,
      "coverage_95": 0.9921875,
      "ci_width": 0.06717941292564482,
      "mean_std": 0.017232482492296333,
      "cal_levels": [
        0.1,
        0.19444444444444445,
        0.28888888888888886,
        0.3833333333333333,
        0.47777777777777775,
        0.5722222222222222,
        0.6666666666666666,
        0.7611111111111111,
        0.8555555555555555,
        0.95
      ],
      "cal_empirical": [
        0.15625,
        0.359375,
        0.546875,
        0.6484375,
        0.7734375,
        0.9375,
        0.9765625,
        0.9921875,
        0.9921875,
        0.9921875
      ],
      "nll_a": -3.3428518861876033,
      "u_err": null,
      "chi2_ppc": 0.39025508553751415,
      "chi2_ppc_pvalue": 1.0,
      "map_a_err": 0.07170557975769043,
      "map_u_err": null,
      "label": "OOD Data-Only",
      "warmup_time_s": 275.71302604675293,
      "sampling_time_s": 102.62390232086182,
      "step_time_s": 0.013512033155986241,
      "spearman_rho_error_std": 0.3499874107306354,
      "spearman_pvalue_error_std": 5.1293058033255595e-05,
      "a_err_per_sample": null
    },
    "ood_physics": {
      "sigma": 0.01,
      "num_warmup": 5000,
      "num_samples": 2000,
      "num_chains": 4,
      "ess_min": 5747.891744851009,
      "rhat_max": 1.0003400275927217,
      "rhat_mean": 1.0000765386843056,
      "n_div": 0,
      "reliability_flag": "PASS",
      "reliability_explanation": "All diagnostics within thresholds",
      "a_err": 0.07079953101523166,
      "crps_a": 0.0054216993884546,
      "coverage_95": 0.9921875,
      "ci_width": 0.06723311132473528,
      "mean_std": 0.01719185258851583,
      "cal_levels": [
        0.1,
        0.19444444444444445,
        0.28888888888888886,
        0.3833333333333333,
        0.47777777777777775,
        0.5722222222222222,
        0.6666666666666666,
        0.7611111111111111,
        0.8555555555555555,
        0.95
      ],
      "cal_empirical": [
        0.1640625,
        0.3515625,
        0.5390625,
        0.65625,
        0.765625,
        0.9296875,
        0.9765625,
        0.9921875,
        0.9921875,
        0.9921875
      ],
      "nll_a": -3.3426015118728802,
      "u_err": null,
      "chi2_ppc": 0.3957222281599948,
      "chi2_ppc_pvalue": 1.0,
      "map_a_err": 0.07170557975769043,
      "map_u_err": null,
      "label": "OOD Physics",
      "warmup_time_s": 353.2878806591034,
      "sampling_time_s": 123.74652934074402,
      "step_time_s": 0.017036943214280266,
      "spearman_rho_error_std": 0.3534208478300677,
      "spearman_pvalue_error_std": 4.274070208852438e-05,
      "a_err_per_sample": null
    }
  },
  "sweep_var": null,
  "baseline": null,
  "sweep_conditions": null,
  "laplace": null,
  "map_time_s": 9.850255012512207,
  "total_time_s": 4357.3203065395355,
  "sweep_value": null,
  "is_sweep_baseline": null
}