{
  "experiment": "ood",
  "problem": "burgers",
  "experiment_type": "comparison",
  "timestamp": "2026-06-15T18:01:25",
  "seed": 123,
  "test_idx": 2,
  "prior": {
    "n_prior": 500,
    "a_err": 0.8371186256408691,
    "crps_a": 0.04852957541003989,
    "coverage_95": 0.9921875,
    "ci_width": 0.6144890277565563,
    "mean_std": 0.15646803347502003
  },
  "prior_ood": {
    "n_prior": 500,
    "a_err": 1.0059809684753418,
    "crps_a": 0.10377829794441955,
    "coverage_95": 0.9921875,
    "ci_width": 0.6144890277565563,
    "mean_std": 0.15646803347502003
  },
  "condition": null,
  "conditions": {
    "in_domain_data_only": {
      "sigma": 0.01,
      "num_warmup": 5000,
      "num_samples": 2000,
      "num_chains": 4,
      "ess_min": 3333.983895339071,
      "rhat_max": 1.0016045448864923,
      "rhat_mean": 1.0003381273838925,
      "n_div": 0,
      "reliability_flag": "PASS",
      "reliability_explanation": "All diagnostics within thresholds",
      "a_err": 0.23381337798199064,
      "crps_a": 0.01193154236169298,
      "coverage_95": 0.875,
      "ci_width": 0.07959103506007568,
      "mean_std": 0.020395870125729756,
      "cal_levels": [
        0.1,
        0.19444444444444445,
        0.28888888888888886,
        0.3833333333333333,
        0.47777777777777775,
        0.5722222222222222,
        0.6666666666666666,
        0.7611111111111111,
        0.8555555555555555,
        0.95
      ],
      "cal_empirical": [
        0.09375,
        0.140625,
        0.2265625,
        0.3125,
        0.3671875,
        0.53125,
        0.640625,
        0.7265625,
        0.8046875,
        0.875
      ],
      "nll_a": -2.676341783961182,
      "u_err": null,
      "chi2_ppc": 0.6648381746025994,
      "chi2_ppc_pvalue": 1.0,
      "map_a_err": 0.1492110937833786,
      "map_u_err": null,
      "label": "In-Domain Data-Only",
      "warmup_time_s": 297.9349489212036,
      "sampling_time_s": 120.26661443710327,
      "step_time_s": 0.014935770119939532,
      "spearman_rho_error_std": 0.20649835195019223,
      "spearman_pvalue_error_std": 0.019355712654359425,
      "a_err_per_sample": null
    },
    "in_domain_physics": {
      "sigma": 0.01,
      "num_warmup": 5000,
      "num_samples": 2000,
      "num_chains": 4,
      "ess_min": 3466.384209796167,
      "rhat_max": 1.0007343049027773,
      "rhat_mean": 0.999990370264526,
      "n_div": 0,
      "reliability_flag": "PASS",
      "reliability_explanation": "All diagnostics within thresholds",
      "a_err": 0.2313628335010788,
      "crps_a": 0.011790647645241433,
      "coverage_95": 0.8828125,
      "ci_width": 0.08014818194128545,
      "mean_std": 0.020517154865360186,
      "cal_levels": [
        0.1,
        0.19444444444444445,
        0.28888888888888886,
        0.3833333333333333,
        0.47777777777777775,
        0.5722222222222222,
        0.6666666666666666,
        0.7611111111111111,
        0.8555555555555555,
        0.95
      ],
      "cal_empirical": [
        0.1015625,
        0.140625,
        0.2265625,
        0.328125,
        0.3671875,
        0.53125,
        0.640625,
        0.7265625,
        0.8203125,
        0.8828125
      ],
      "nll_a": -2.6949439641944957,
      "u_err": null,
      "chi2_ppc": 0.650032458239055,
      "chi2_ppc_pvalue": 1.0,
      "map_a_err": 0.1492110937833786,
      "map_u_err": null,
      "label": "In-Domain Physics",
      "warmup_time_s": 377.83098888397217,
      "sampling_time_s": 152.0193030834198,
      "step_time_s": 0.01892322471312114,
      "spearman_rho_error_std": 0.19576313861930045,
      "spearman_pvalue_error_std": 0.02679071055724645,
      "a_err_per_sample": null
    },
    "ood_data_only": {
      "sigma": 0.01,
      "num_warmup": 5000,
      "num_samples": 2000,
      "num_chains": 4,
      "ess_min": 3404.099252824695,
      "rhat_max": 1.000750327304715,
      "rhat_mean": 1.0002619000677289,
      "n_div": 0,
      "reliability_flag": "PASS",
      "reliability_explanation": "All diagnostics within thresholds",
      "a_err": 0.09622088908109831,
      "crps_a": 0.009146986201547967,
      "coverage_95": 0.9921875,
      "ci_width": 0.07887812735805101,
      "mean_std": 0.020122085570576532,
      "cal_levels": [
        0.1,
        0.19444444444444445,
        0.28888888888888886,
        0.3833333333333333,
        0.47777777777777775,
        0.5722222222222222,
        0.6666666666666666,
        0.7611111111111111,
        0.8555555555555555,
        0.95
      ],
      "cal_empirical": [
        0.078125,
        0.1953125,
        0.3125,
        0.453125,
        0.5546875,
        0.671875,
        0.765625,
        0.890625,
        0.9609375,
        0.9921875
      ],
      "nll_a": -3.0417760303382426,
      "u_err": null,
      "chi2_ppc": 1.4559965989126662,
      "chi2_ppc_pvalue": 1.0,
      "map_a_err": 0.10024033486843109,
      "map_u_err": null,
      "label": "OOD Data-Only",
      "warmup_time_s": 304.17055773735046,
      "sampling_time_s": 122.24649119377136,
      "step_time_s": 0.015229180318968636,
      "spearman_rho_error_std": 0.5217737136055668,
      "spearman_pvalue_error_std": 2.6898445863604033e-10,
      "a_err_per_sample": null
    },
    "ood_physics": {
      "sigma": 0.01,
      "num_warmup": 5000,
      "num_samples": 2000,
      "num_chains": 4,
      "ess_min": 3083.8887398797347,
      "rhat_max": 1.0019806467156918,
      "rhat_mean": 1.0003054402544898,
      "n_div": 0,
      "reliability_flag": "PASS",
      "reliability_explanation": "All diagnostics within thresholds",
      "a_err": 0.09557409362724022,
      "crps_a": 0.009094572816613852,
      "coverage_95": 0.9921875,
      "ci_width": 0.07917623143979101,
      "mean_std": 0.020165932001398837,
      "cal_levels": [
        0.1,
        0.19444444444444445,
        0.28888888888888886,
        0.3833333333333333,
        0.47777777777777775,
        0.5722222222222222,
        0.6666666666666666,
        0.7611111111111111,
        0.8555555555555555,
        0.95
      ],
      "cal_empirical": [
        0.09375,
        0.1875,
        0.3125,
        0.4609375,
        0.5546875,
        0.6796875,
        0.7734375,
        0.8984375,
        0.9609375,
        0.9921875
      ],
      "nll_a": -3.0402631027386313,
      "u_err": null,
      "chi2_ppc": 1.4797308716100126,
      "chi2_ppc_pvalue": 1.0,
      "map_a_err": 0.10024033486843109,
      "map_u_err": null,
      "label": "OOD Physics",
      "warmup_time_s": 384.5354218482971,
      "sampling_time_s": 143.26209831237793,
      "step_time_s": 0.018849911434309825,
      "spearman_rho_error_std": 0.5209554110968687,
      "spearman_pvalue_error_std": 2.9002391364896127e-10,
      "a_err_per_sample": null
    }
  },
  "sweep_var": null,
  "baseline": null,
  "sweep_conditions": null,
  "laplace": null,
  "map_time_s": 10.193036079406738,
  "total_time_s": 4750.069647312164,
  "sweep_value": null,
  "is_sweep_baseline": null
}