{
  "experiment": "ood",
  "problem": "burgers",
  "experiment_type": "comparison",
  "timestamp": "2026-06-15T17:39:10",
  "seed": 42,
  "test_idx": 1,
  "prior": {
    "n_prior": 500,
    "a_err": 1.030848503112793,
    "crps_a": 0.14096314221205072,
    "coverage_95": 0.65625,
    "ci_width": 0.6016938650624308,
    "mean_std": 0.150403063830153
  },
  "prior_ood": {
    "n_prior": 500,
    "a_err": 1.0906893014907837,
    "crps_a": 0.0664229728942997,
    "coverage_95": 0.9921875,
    "ci_width": 0.6016938650624308,
    "mean_std": 0.150403063830153
  },
  "condition": null,
  "conditions": {
    "in_domain_data_only": {
      "sigma": 0.01,
      "num_warmup": 5000,
      "num_samples": 2000,
      "num_chains": 4,
      "ess_min": 4444.464480714576,
      "rhat_max": 1.0010395440494075,
      "rhat_mean": 1.0002648912900036,
      "n_div": 0,
      "reliability_flag": "PASS",
      "reliability_explanation": "All diagnostics within thresholds",
      "a_err": 0.07213617044474736,
      "crps_a": 0.009597594739219582,
      "coverage_95": 0.9375,
      "ci_width": 0.06998591075133732,
      "mean_std": 0.017882167578443086,
      "cal_levels": [
        0.1,
        0.19444444444444445,
        0.28888888888888886,
        0.3833333333333333,
        0.47777777777777775,
        0.5722222222222222,
        0.6666666666666666,
        0.7611111111111111,
        0.8555555555555555,
        0.95
      ],
      "cal_empirical": [
        0.109375,
        0.25,
        0.3125,
        0.3828125,
        0.453125,
        0.5859375,
        0.6640625,
        0.78125,
        0.8515625,
        0.9375
      ],
      "nll_a": -2.922346855741794,
      "u_err": null,
      "chi2_ppc": 2.4297143776047574,
      "chi2_ppc_pvalue": 1.0,
      "map_a_err": 0.07184653729200363,
      "map_u_err": null,
      "label": "In-Domain Data-Only",
      "warmup_time_s": 305.79936480522156,
      "sampling_time_s": 124.57942605018616,
      "step_time_s": 0.015370671101978846,
      "spearman_rho_error_std": 0.18221822926203993,
      "spearman_pvalue_error_std": 0.03953176006887714,
      "a_err_per_sample": null
    },
    "in_domain_physics": {
      "sigma": 0.01,
      "num_warmup": 5000,
      "num_samples": 2000,
      "num_chains": 4,
      "ess_min": 4571.188725292234,
      "rhat_max": 1.0008037516717723,
      "rhat_mean": 0.9999034379910097,
      "n_div": 0,
      "reliability_flag": "PASS",
      "reliability_explanation": "All diagnostics within thresholds",
      "a_err": 0.07262108249201767,
      "crps_a": 0.00965362947907448,
      "coverage_95": 0.921875,
      "ci_width": 0.06938968713528954,
      "mean_std": 0.01775448351948255,
      "cal_levels": [
        0.1,
        0.19444444444444445,
        0.28888888888888886,
        0.3833333333333333,
        0.47777777777777775,
        0.5722222222222222,
        0.6666666666666666,
        0.7611111111111111,
        0.8555555555555555,
        0.95
      ],
      "cal_empirical": [
        0.1015625,
        0.25,
        0.296875,
        0.375,
        0.453125,
        0.578125,
        0.6484375,
        0.7578125,
        0.8515625,
        0.921875
      ],
      "nll_a": -2.918350598581955,
      "u_err": null,
      "chi2_ppc": 2.436285974310194,
      "chi2_ppc_pvalue": 1.0,
      "map_a_err": 0.07184653729200363,
      "map_u_err": null,
      "label": "In-Domain Physics",
      "warmup_time_s": 382.48471570014954,
      "sampling_time_s": 150.51530122756958,
      "step_time_s": 0.019035714890275682,
      "spearman_rho_error_std": 0.1934512909723494,
      "spearman_pvalue_error_std": 0.02867743325718257,
      "a_err_per_sample": null
    },
    "ood_data_only": {
      "sigma": 0.01,
      "num_warmup": 5000,
      "num_samples": 2000,
      "num_chains": 4,
      "ess_min": 4318.58226339415,
      "rhat_max": 1.0011382198637173,
      "rhat_mean": 1.00016261768253,
      "n_div": 0,
      "reliability_flag": "PASS",
      "reliability_explanation": "All diagnostics within thresholds",
      "a_err": 0.09068117763854965,
      "crps_a": 0.006267135059202674,
      "coverage_95": 0.9921875,
      "ci_width": 0.07106236777574573,
      "mean_std": 0.01815229101289255,
      "cal_levels": [
        0.1,
        0.19444444444444445,
        0.28888888888888886,
        0.3833333333333333,
        0.47777777777777775,
        0.5722222222222222,
        0.6666666666666666,
        0.7611111111111111,
        0.8555555555555555,
        0.95
      ],
      "cal_empirical": [
        0.171875,
        0.328125,
        0.4609375,
        0.5859375,
        0.78125,
        0.8359375,
        0.9296875,
        0.9765625,
        0.9921875,
        0.9921875
      ],
      "nll_a": -3.255633075041179,
      "u_err": null,
      "chi2_ppc": 0.7040297549491035,
      "chi2_ppc_pvalue": 1.0,
      "map_a_err": 0.07487474381923676,
      "map_u_err": null,
      "label": "OOD Data-Only",
      "warmup_time_s": 275.2214558124542,
      "sampling_time_s": 100.967031955719,
      "step_time_s": 0.013435303134577616,
      "spearman_rho_error_std": 0.5696587163523165,
      "spearman_pvalue_error_std": 2.261660676696227e-12,
      "a_err_per_sample": null
    },
    "ood_physics": {
      "sigma": 0.01,
      "num_warmup": 5000,
      "num_samples": 2000,
      "num_chains": 4,
      "ess_min": 4840.958497410622,
      "rhat_max": 1.0008634311151243,
      "rhat_mean": 1.0000061416447859,
      "n_div": 0,
      "reliability_flag": "PASS",
      "reliability_explanation": "All diagnostics within thresholds",
      "a_err": 0.09210814769501993,
      "crps_a": 0.0063320770104336975,
      "coverage_95": 0.9921875,
      "ci_width": 0.0708680505489385,
      "mean_std": 0.018160619374392475,
      "cal_levels": [
        0.1,
        0.19444444444444445,
        0.28888888888888886,
        0.3833333333333333,
        0.47777777777777775,
        0.5722222222222222,
        0.6666666666666666,
        0.7611111111111111,
        0.8555555555555555,
        0.95
      ],
      "cal_empirical": [
        0.2109375,
        0.3359375,
        0.453125,
        0.59375,
        0.796875,
        0.8359375,
        0.921875,
        0.96875,
        0.9921875,
        0.9921875
      ],
      "nll_a": -3.251662694330489,
      "u_err": null,
      "chi2_ppc": 0.7160572616753091,
      "chi2_ppc_pvalue": 1.0,
      "map_a_err": 0.07487474381923676,
      "map_u_err": null,
      "label": "OOD Physics",
      "warmup_time_s": 347.9117031097412,
      "sampling_time_s": 134.94374799728394,
      "step_time_s": 0.017244837539536612,
      "spearman_rho_error_std": 0.57552417139718,
      "spearman_pvalue_error_std": 1.1932798720015845e-12,
      "a_err_per_sample": null
    }
  },
  "sweep_var": null,
  "baseline": null,
  "sweep_conditions": null,
  "laplace": null,
  "map_time_s": 10.276709794998169,
  "total_time_s": 4471.702213764191,
  "sweep_value": null,
  "is_sweep_baseline": null
}