{
  "experiment": "ood",
  "problem": "burgers",
  "experiment_type": "comparison",
  "timestamp": "2026-06-15T18:24:36",
  "seed": 123,
  "test_idx": 0,
  "prior": {
    "n_prior": 500,
    "a_err": 0.8975091576576233,
    "crps_a": 0.06122855120139442,
    "coverage_95": 0.9921875,
    "ci_width": 0.6144890277565563,
    "mean_std": 0.15646803347502003
  },
  "prior_ood": {
    "n_prior": 500,
    "a_err": 0.9405587911605835,
    "crps_a": 0.04538415810971062,
    "coverage_95": 0.9921875,
    "ci_width": 0.6144890277565563,
    "mean_std": 0.15646803347502003
  },
  "condition": null,
  "conditions": {
    "in_domain_data_only": {
      "sigma": 0.005,
      "num_warmup": 5000,
      "num_samples": 2000,
      "num_chains": 4,
      "ess_min": 3560.74105705874,
      "rhat_max": 1.000356927151102,
      "rhat_mean": 0.9999741855251993,
      "n_div": 0,
      "reliability_flag": "PASS",
      "reliability_explanation": "All diagnostics within thresholds",
      "a_err": 0.1032718824236366,
      "crps_a": 0.006748742818989976,
      "coverage_95": 0.953125,
      "ci_width": 0.06269150488620664,
      "mean_std": 0.01599654567345297,
      "cal_levels": [
        0.1,
        0.19444444444444445,
        0.28888888888888886,
        0.3833333333333333,
        0.47777777777777775,
        0.5722222222222222,
        0.6666666666666666,
        0.7611111111111111,
        0.8555555555555555,
        0.95
      ],
      "cal_empirical": [
        0.125,
        0.28125,
        0.34375,
        0.4765625,
        0.5703125,
        0.671875,
        0.78125,
        0.859375,
        0.921875,
        0.953125
      ],
      "nll_a": -3.2391055019981922,
      "u_err": null,
      "chi2_ppc": 0.3977445783856913,
      "chi2_ppc_pvalue": 1.0,
      "map_a_err": 0.1319248378276825,
      "map_u_err": null,
      "label": "In-Domain Data-Only",
      "warmup_time_s": 509.39449071884155,
      "sampling_time_s": 204.4411690235138,
      "step_time_s": 0.02549413070508412,
      "spearman_rho_error_std": 0.2202950466947445,
      "spearman_pvalue_error_std": 0.012465664023990977,
      "a_err_per_sample": null
    },
    "in_domain_physics": {
      "sigma": 0.005,
      "num_warmup": 5000,
      "num_samples": 2000,
      "num_chains": 4,
      "ess_min": 3704.223635074042,
      "rhat_max": 1.000597964674063,
      "rhat_mean": 1.000121381747336,
      "n_div": 0,
      "reliability_flag": "PASS",
      "reliability_explanation": "All diagnostics within thresholds",
      "a_err": 0.10288606425307349,
      "crps_a": 0.0067209902821380825,
      "coverage_95": 0.9453125,
      "ci_width": 0.06199789100332587,
      "mean_std": 0.01580006187154944,
      "cal_levels": [
        0.1,
        0.19444444444444445,
        0.28888888888888886,
        0.3833333333333333,
        0.47777777777777775,
        0.5722222222222222,
        0.6666666666666666,
        0.7611111111111111,
        0.8555555555555555,
        0.95
      ],
      "cal_empirical": [
        0.125,
        0.2734375,
        0.34375,
        0.4375,
        0.5625,
        0.7109375,
        0.78125,
        0.859375,
        0.9140625,
        0.9453125
      ],
      "nll_a": -3.242104900136794,
      "u_err": null,
      "chi2_ppc": 0.40542669972967305,
      "chi2_ppc_pvalue": 1.0,
      "map_a_err": 0.1319248378276825,
      "map_u_err": null,
      "label": "In-Domain Physics",
      "warmup_time_s": 639.0825119018555,
      "sampling_time_s": 251.48096227645874,
      "step_time_s": 0.031805838363511224,
      "spearman_rho_error_std": 0.21308482878593663,
      "spearman_pvalue_error_std": 0.015738087349414495,
      "a_err_per_sample": null
    },
    "ood_data_only": {
      "sigma": 0.005,
      "num_warmup": 5000,
      "num_samples": 2000,
      "num_chains": 4,
      "ess_min": 3646.6587468644657,
      "rhat_max": 1.000672104684299,
      "rhat_mean": 1.0001774080968024,
      "n_div": 0,
      "reliability_flag": "PASS",
      "reliability_explanation": "All diagnostics within thresholds",
      "a_err": 0.2598417597891638,
      "crps_a": 0.009552291255225196,
      "coverage_95": 0.984375,
      "ci_width": 0.06132648973906708,
      "mean_std": 0.01563558780232468,
      "cal_levels": [
        0.1,
        0.19444444444444445,
        0.28888888888888886,
        0.3833333333333333,
        0.47777777777777775,
        0.5722222222222222,
        0.6666666666666666,
        0.7611111111111111,
        0.8555555555555555,
        0.95
      ],
      "cal_empirical": [
        0.0859375,
        0.125,
        0.140625,
        0.203125,
        0.2734375,
        0.40625,
        0.6171875,
        0.71875,
        0.8515625,
        0.984375
      ],
      "nll_a": -3.0849351186920404,
      "u_err": null,
      "chi2_ppc": 1.0250865536438176,
      "chi2_ppc_pvalue": 1.0,
      "map_a_err": 0.15121449530124664,
      "map_u_err": null,
      "label": "OOD Data-Only",
      "warmup_time_s": 525.3454928398132,
      "sampling_time_s": 202.008540391922,
      "step_time_s": 0.025976929758276257,
      "spearman_rho_error_std": 0.635094305072331,
      "spearman_pvalue_error_std": 8.198757869630942e-16,
      "a_err_per_sample": null
    },
    "ood_physics": {
      "sigma": 0.005,
      "num_warmup": 5000,
      "num_samples": 2000,
      "num_chains": 4,
      "ess_min": 3773.01374745126,
      "rhat_max": 1.0022616921398688,
      "rhat_mean": 1.0006221706774996,
      "n_div": 0,
      "reliability_flag": "PASS",
      "reliability_explanation": "All diagnostics within thresholds",
      "a_err": 0.26035413617269476,
      "crps_a": 0.00958746682001782,
      "coverage_95": 0.9921875,
      "ci_width": 0.061345939230068605,
      "mean_std": 0.015674953446908786,
      "cal_levels": [
        0.1,
        0.19444444444444445,
        0.28888888888888886,
        0.3833333333333333,
        0.47777777777777775,
        0.5722222222222222,
        0.6666666666666666,
        0.7611111111111111,
        0.8555555555555555,
        0.95
      ],
      "cal_empirical": [
        0.0625,
        0.125,
        0.140625,
        0.203125,
        0.2734375,
        0.40625,
        0.625,
        0.71875,
        0.84375,
        0.9921875
      ],
      "nll_a": -3.0803740763033436,
      "u_err": null,
      "chi2_ppc": 1.0466848921905567,
      "chi2_ppc_pvalue": 1.0,
      "map_a_err": 0.15121449530124664,
      "map_u_err": null,
      "label": "OOD Physics",
      "warmup_time_s": 668.5592973232269,
      "sampling_time_s": 261.3650290966034,
      "step_time_s": 0.03321158308642251,
      "spearman_rho_error_std": 0.6251773942501373,
      "spearman_pvalue_error_std": 3.0727261729204945e-15,
      "a_err_per_sample": null
    }
  },
  "sweep_var": null,
  "baseline": null,
  "sweep_conditions": null,
  "laplace": null,
  "map_time_s": 10.12010145187378,
  "total_time_s": 6044.228188991547,
  "sweep_value": null,
  "is_sweep_baseline": null
}