{
  "experiment": "ood",
  "problem": "burgers",
  "experiment_type": "comparison",
  "timestamp": "2026-06-14T09:47:04",
  "seed": 42,
  "test_idx": 0,
  "prior": {
    "n_prior": 500,
    "a_err": 0.9292864203453064,
    "crps_a": 0.061931428341437715,
    "coverage_95": 0.9765625,
    "ci_width": 0.6016938650624308,
    "mean_std": 0.150403063830153
  },
  "prior_ood": {
    "n_prior": 500,
    "a_err": 0.9445428848266602,
    "crps_a": 0.04395693921898232,
    "coverage_95": 0.9921875,
    "ci_width": 0.6016938650624308,
    "mean_std": 0.150403063830153
  },
  "condition": null,
  "conditions": {
    "in_domain_data_only": {
      "sigma": 0.002,
      "num_warmup": 5000,
      "num_samples": 2000,
      "num_chains": 4,
      "ess_min": 3130.435910603782,
      "rhat_max": 1.0014416987058132,
      "rhat_mean": 1.0004681083528786,
      "n_div": 0,
      "reliability_flag": "PASS",
      "reliability_explanation": "All diagnostics within thresholds",
      "a_err": 0.06594221434477245,
      "crps_a": 0.004212272744229428,
      "coverage_95": 0.953125,
      "ci_width": 0.03560311567158182,
      "mean_std": 0.009083359214770981,
      "cal_levels": [
        0.1,
        0.19444444444444445,
        0.28888888888888886,
        0.3833333333333333,
        0.47777777777777775,
        0.5722222222222222,
        0.6666666666666666,
        0.7611111111111111,
        0.8555555555555555,
        0.95
      ],
      "cal_empirical": [
        0.0625,
        0.125,
        0.2578125,
        0.390625,
        0.53125,
        0.65625,
        0.7265625,
        0.8515625,
        0.8984375,
        0.953125
      ],
      "nll_a": -3.6803044969846535,
      "u_err": null,
      "chi2_ppc": 3.3023428325106665,
      "chi2_ppc_pvalue": 1.0,
      "map_a_err": 0.12133777886629105,
      "map_u_err": null,
      "label": "In-Domain Data-Only",
      "warmup_time_s": 788.4664330482483,
      "sampling_time_s": 366.32617354393005,
      "step_time_s": 0.0412425930925778,
      "spearman_rho_error_std": 0.35840505401941036,
      "spearman_pvalue_error_std": 3.267463473776475e-05,
      "a_err_per_sample": null
    },
    "in_domain_physics": {
      "sigma": 0.002,
      "num_warmup": 5000,
      "num_samples": 2000,
      "num_chains": 4,
      "ess_min": 3425.9777175039435,
      "rhat_max": 1.0014959900431817,
      "rhat_mean": 1.0004736358120399,
      "n_div": 0,
      "reliability_flag": "PASS",
      "reliability_explanation": "All diagnostics within thresholds",
      "a_err": 0.06577114639187685,
      "crps_a": 0.004198369015064108,
      "coverage_95": 0.953125,
      "ci_width": 0.03490467068536063,
      "mean_std": 0.008927511891333752,
      "cal_levels": [
        0.1,
        0.19444444444444445,
        0.28888888888888886,
        0.3833333333333333,
        0.47777777777777775,
        0.5722222222222222,
        0.6666666666666666,
        0.7611111111111111,
        0.8555555555555555,
        0.95
      ],
      "cal_empirical": [
        0.0703125,
        0.1484375,
        0.25,
        0.3828125,
        0.53125,
        0.65625,
        0.71875,
        0.84375,
        0.8984375,
        0.953125
      ],
      "nll_a": -3.685086082712761,
      "u_err": null,
      "chi2_ppc": 3.324398273331796,
      "chi2_ppc_pvalue": 1.0,
      "map_a_err": 0.12133777886629105,
      "map_u_err": null,
      "label": "In-Domain Physics",
      "warmup_time_s": 1027.8673164844513,
      "sampling_time_s": 477.6049678325653,
      "step_time_s": 0.05376686729703631,
      "spearman_rho_error_std": 0.35076565647317337,
      "spearman_pvalue_error_std": 4.922466203576099e-05,
      "a_err_per_sample": null
    },
    "ood_data_only": {
      "sigma": 0.002,
      "num_warmup": 5000,
      "num_samples": 2000,
      "num_chains": 4,
      "ess_min": 3254.5443393732203,
      "rhat_max": 1.001389429806352,
      "rhat_mean": 1.000657991435796,
      "n_div": 0,
      "reliability_flag": "PASS",
      "reliability_explanation": "All diagnostics within thresholds",
      "a_err": 0.153336972442774,
      "crps_a": 0.005643785601443789,
      "coverage_95": 0.9375,
      "ci_width": 0.03589923949730358,
      "mean_std": 0.009185073114726177,
      "cal_levels": [
        0.1,
        0.19444444444444445,
        0.28888888888888886,
        0.3833333333333333,
        0.47777777777777775,
        0.5722222222222222,
        0.6666666666666666,
        0.7611111111111111,
        0.8555555555555555,
        0.95
      ],
      "cal_empirical": [
        0.1171875,
        0.1953125,
        0.25,
        0.359375,
        0.4609375,
        0.5,
        0.546875,
        0.671875,
        0.796875,
        0.9375
      ],
      "nll_a": -3.521833137908899,
      "u_err": null,
      "chi2_ppc": 2.7803602455769134,
      "chi2_ppc_pvalue": 1.0,
      "map_a_err": 0.13606147468090057,
      "map_u_err": null,
      "label": "OOD Data-Only",
      "warmup_time_s": 861.5872547626495,
      "sampling_time_s": 381.1298141479492,
      "step_time_s": 0.044382752461092814,
      "spearman_rho_error_std": 0.40356047427211134,
      "spearman_pvalue_error_std": 2.3187113173003403e-06,
      "a_err_per_sample": null
    },
    "ood_physics": {
      "sigma": 0.002,
      "num_warmup": 5000,
      "num_samples": 2000,
      "num_chains": 4,
      "ess_min": 3710.902267754495,
      "rhat_max": 1.0009315894651012,
      "rhat_mean": 1.0001162450251937,
      "n_div": 0,
      "reliability_flag": "PASS",
      "reliability_explanation": "All diagnostics within thresholds",
      "a_err": 0.15434737296258103,
      "crps_a": 0.005665608317927166,
      "coverage_95": 0.9453125,
      "ci_width": 0.03617877579147498,
      "mean_std": 0.009255257207799723,
      "cal_levels": [
        0.1,
        0.19444444444444445,
        0.28888888888888886,
        0.3833333333333333,
        0.47777777777777775,
        0.5722222222222222,
        0.6666666666666666,
        0.7611111111111111,
        0.8555555555555555,
        0.95
      ],
      "cal_empirical": [
        0.109375,
        0.1875,
        0.25,
        0.359375,
        0.4609375,
        0.5078125,
        0.5625,
        0.671875,
        0.796875,
        0.9453125
      ],
      "nll_a": -3.521779147679184,
      "u_err": null,
      "chi2_ppc": 2.7810904129681835,
      "chi2_ppc_pvalue": 1.0,
      "map_a_err": 0.13606147468090057,
      "map_u_err": null,
      "label": "OOD Physics",
      "warmup_time_s": 1105.5100605487823,
      "sampling_time_s": 493.02469754219055,
      "step_time_s": 0.057090527074677606,
      "spearman_rho_error_std": 0.41160043947994873,
      "spearman_pvalue_error_std": 1.387769148370065e-06,
      "a_err_per_sample": null
    }
  },
  "sweep_var": null,
  "baseline": null,
  "sweep_conditions": null,
  "laplace": null,
  "map_time_s": 9.82095742225647,
  "total_time_s": 8006.305736064911,
  "sweep_value": null,
  "is_sweep_baseline": null
}