{
  "experiment": "ood",
  "problem": "burgers",
  "experiment_type": "comparison",
  "timestamp": "2026-06-15T19:22:17",
  "seed": 7,
  "test_idx": 2,
  "prior": {
    "n_prior": 500,
    "a_err": 0.9247800707817078,
    "crps_a": 0.05038424565748181,
    "coverage_95": 0.9921875,
    "ci_width": 0.6292087752800549,
    "mean_std": 0.154892767851201
  },
  "prior_ood": {
    "n_prior": 500,
    "a_err": 1.0244334936141968,
    "crps_a": 0.10528991465303947,
    "coverage_95": 0.9921875,
    "ci_width": 0.6292087752800549,
    "mean_std": 0.154892767851201
  },
  "condition": null,
  "conditions": {
    "in_domain_data_only": {
      "sigma": 0.01,
      "num_warmup": 5000,
      "num_samples": 2000,
      "num_chains": 4,
      "ess_min": 5820.648759470512,
      "rhat_max": 1.0011281259908056,
      "rhat_mean": 1.0001412471089033,
      "n_div": 0,
      "reliability_flag": "PASS",
      "reliability_explanation": "All diagnostics within thresholds",
      "a_err": 0.18292235224538267,
      "crps_a": 0.008871093665984004,
      "coverage_95": 0.9609375,
      "ci_width": 0.06682046714634121,
      "mean_std": 0.017086931571682486,
      "cal_levels": [
        0.1,
        0.19444444444444445,
        0.28888888888888886,
        0.3833333333333333,
        0.47777777777777775,
        0.5722222222222222,
        0.6666666666666666,
        0.7611111111111111,
        0.8555555555555555,
        0.95
      ],
      "cal_empirical": [
        0.1015625,
        0.15625,
        0.3125,
        0.40625,
        0.4765625,
        0.5703125,
        0.6484375,
        0.8125,
        0.8984375,
        0.9609375
      ],
      "nll_a": -3.045648943298325,
      "u_err": null,
      "chi2_ppc": 0.5050050641848827,
      "chi2_ppc_pvalue": 1.0,
      "map_a_err": 0.13648128509521484,
      "map_u_err": null,
      "label": "In-Domain Data-Only",
      "warmup_time_s": 243.44849753379822,
      "sampling_time_s": 96.98475742340088,
      "step_time_s": 0.012158330534185682,
      "spearman_rho_error_std": 0.3487742629555026,
      "spearman_pvalue_error_std": 5.4680278866547555e-05,
      "a_err_per_sample": null
    },
    "in_domain_physics": {
      "sigma": 0.01,
      "num_warmup": 5000,
      "num_samples": 2000,
      "num_chains": 4,
      "ess_min": 5398.704531986743,
      "rhat_max": 1.000878840945499,
      "rhat_mean": 1.0002298477932068,
      "n_div": 0,
      "reliability_flag": "PASS",
      "reliability_explanation": "All diagnostics within thresholds",
      "a_err": 0.18310625428205163,
      "crps_a": 0.008874211277870948,
      "coverage_95": 0.9609375,
      "ci_width": 0.06751313544071064,
      "mean_std": 0.017282786691197205,
      "cal_levels": [
        0.1,
        0.19444444444444445,
        0.28888888888888886,
        0.3833333333333333,
        0.47777777777777775,
        0.5722222222222222,
        0.6666666666666666,
        0.7611111111111111,
        0.8555555555555555,
        0.95
      ],
      "cal_empirical": [
        0.1015625,
        0.171875,
        0.328125,
        0.4140625,
        0.5,
        0.5703125,
        0.6875,
        0.8046875,
        0.8984375,
        0.9609375
      ],
      "nll_a": -3.043068793317675,
      "u_err": null,
      "chi2_ppc": 0.47697407301742667,
      "chi2_ppc_pvalue": 1.0,
      "map_a_err": 0.13648128509521484,
      "map_u_err": null,
      "label": "In-Domain Physics",
      "warmup_time_s": 309.61189913749695,
      "sampling_time_s": 122.92796087265015,
      "step_time_s": 0.015447852143219538,
      "spearman_rho_error_std": 0.34179866324848923,
      "spearman_pvalue_error_std": 7.858389339551916e-05,
      "a_err_per_sample": null
    },
    "ood_data_only": {
      "sigma": 0.01,
      "num_warmup": 5000,
      "num_samples": 2000,
      "num_chains": 4,
      "ess_min": 4699.720549493658,
      "rhat_max": 1.0001568327597028,
      "rhat_mean": 0.999941575088259,
      "n_div": 0,
      "reliability_flag": "PASS",
      "reliability_explanation": "All diagnostics within thresholds",
      "a_err": 0.08592646412836426,
      "crps_a": 0.008514803844242693,
      "coverage_95": 0.9609375,
      "ci_width": 0.06654150033093786,
      "mean_std": 0.016969850544201453,
      "cal_levels": [
        0.1,
        0.19444444444444445,
        0.28888888888888886,
        0.3833333333333333,
        0.47777777777777775,
        0.5722222222222222,
        0.6666666666666666,
        0.7611111111111111,
        0.8555555555555555,
        0.95
      ],
      "cal_empirical": [
        0.1328125,
        0.2265625,
        0.28125,
        0.328125,
        0.4375,
        0.5703125,
        0.734375,
        0.84375,
        0.9453125,
        0.9609375
      ],
      "nll_a": -3.1002914915186186,
      "u_err": null,
      "chi2_ppc": 1.1772818060209953,
      "chi2_ppc_pvalue": 1.0,
      "map_a_err": 0.0982225090265274,
      "map_u_err": null,
      "label": "OOD Data-Only",
      "warmup_time_s": 280.50540590286255,
      "sampling_time_s": 102.9513373374939,
      "step_time_s": 0.013694883687155587,
      "spearman_rho_error_std": 0.4380951290972349,
      "spearman_pvalue_error_std": 2.3196336842727445e-07,
      "a_err_per_sample": null
    },
    "ood_physics": {
      "sigma": 0.01,
      "num_warmup": 5000,
      "num_samples": 2000,
      "num_chains": 4,
      "ess_min": 5047.079503474799,
      "rhat_max": 1.0005750113238252,
      "rhat_mean": 0.9999883958623872,
      "n_div": 0,
      "reliability_flag": "PASS",
      "reliability_explanation": "All diagnostics within thresholds",
      "a_err": 0.08499131375016201,
      "crps_a": 0.008428280782363917,
      "coverage_95": 0.9609375,
      "ci_width": 0.06622854698789393,
      "mean_std": 0.016899874087972364,
      "cal_levels": [
        0.1,
        0.19444444444444445,
        0.28888888888888886,
        0.3833333333333333,
        0.47777777777777775,
        0.5722222222222222,
        0.6666666666666666,
        0.7611111111111111,
        0.8555555555555555,
        0.95
      ],
      "cal_empirical": [
        0.1484375,
        0.21875,
        0.28125,
        0.328125,
        0.4296875,
        0.5703125,
        0.7421875,
        0.84375,
        0.9453125,
        0.9609375
      ],
      "nll_a": -3.107155984320735,
      "u_err": null,
      "chi2_ppc": 1.2007937718700883,
      "chi2_ppc_pvalue": 1.0,
      "map_a_err": 0.0982225090265274,
      "map_u_err": null,
      "label": "OOD Physics",
      "warmup_time_s": 356.5497417449951,
      "sampling_time_s": 133.17907118797302,
      "step_time_s": 0.017490314747606005,
      "spearman_rho_error_std": 0.42080205090642736,
      "spearman_pvalue_error_std": 7.585291110455449e-07,
      "a_err_per_sample": null
    }
  },
  "sweep_var": null,
  "baseline": null,
  "sweep_conditions": null,
  "laplace": null,
  "map_time_s": 9.992534399032593,
  "total_time_s": 4225.4368891716,
  "sweep_value": null,
  "is_sweep_baseline": null
}