{
  "experiment": "ood",
  "problem": "burgers",
  "experiment_type": "comparison",
  "timestamp": "2026-06-15T19:10:33",
  "seed": 7,
  "test_idx": 0,
  "prior": {
    "n_prior": 500,
    "a_err": 0.9561023116111755,
    "crps_a": 0.06357958216425824,
    "coverage_95": 0.9921875,
    "ci_width": 0.6292087752800549,
    "mean_std": 0.154892767851201
  },
  "prior_ood": {
    "n_prior": 500,
    "a_err": 0.9721897840499878,
    "crps_a": 0.044464330891302,
    "coverage_95": 0.9921875,
    "ci_width": 0.6292087752800549,
    "mean_std": 0.154892767851201
  },
  "condition": null,
  "conditions": {
    "in_domain_data_only": {
      "sigma": 0.002,
      "num_warmup": 5000,
      "num_samples": 2000,
      "num_chains": 4,
      "ess_min": 3432.2125193688917,
      "rhat_max": 1.0013744661787647,
      "rhat_mean": 1.0001644053514152,
      "n_div": 0,
      "reliability_flag": "PASS",
      "reliability_explanation": "All diagnostics within thresholds",
      "a_err": 0.07088173872733607,
      "crps_a": 0.004627518217130701,
      "coverage_95": 0.9296875,
      "ci_width": 0.03857456700786198,
      "mean_std": 0.009870989582378809,
      "cal_levels": [
        0.1,
        0.19444444444444445,
        0.28888888888888886,
        0.3833333333333333,
        0.47777777777777775,
        0.5722222222222222,
        0.6666666666666666,
        0.7611111111111111,
        0.8555555555555555,
        0.95
      ],
      "cal_empirical": [
        0.2265625,
        0.3359375,
        0.4140625,
        0.4609375,
        0.578125,
        0.609375,
        0.7109375,
        0.765625,
        0.8515625,
        0.9296875
      ],
      "nll_a": -3.5841000174656727,
      "u_err": null,
      "chi2_ppc": 1.7978067177094128,
      "chi2_ppc_pvalue": 1.0,
      "map_a_err": 0.08536198735237122,
      "map_u_err": null,
      "label": "In-Domain Data-Only",
      "warmup_time_s": 906.7397651672363,
      "sampling_time_s": 386.92702078819275,
      "step_time_s": 0.046202385212693896,
      "spearman_rho_error_std": 0.0006008514924006592,
      "spearman_pvalue_error_std": 0.9946293413332368,
      "a_err_per_sample": null
    },
    "in_domain_physics": {
      "sigma": 0.002,
      "num_warmup": 5000,
      "num_samples": 2000,
      "num_chains": 4,
      "ess_min": 3603.112966200869,
      "rhat_max": 1.000833487116588,
      "rhat_mean": 1.000224197134532,
      "n_div": 0,
      "reliability_flag": "PASS",
      "reliability_explanation": "All diagnostics within thresholds",
      "a_err": 0.06983355918168509,
      "crps_a": 0.004548985900953496,
      "coverage_95": 0.9375,
      "ci_width": 0.038675387509961495,
      "mean_std": 0.009873038306125665,
      "cal_levels": [
        0.1,
        0.19444444444444445,
        0.28888888888888886,
        0.3833333333333333,
        0.47777777777777775,
        0.5722222222222222,
        0.6666666666666666,
        0.7611111111111111,
        0.8555555555555555,
        0.95
      ],
      "cal_empirical": [
        0.234375,
        0.3125,
        0.4140625,
        0.4921875,
        0.578125,
        0.625,
        0.703125,
        0.765625,
        0.859375,
        0.9375
      ],
      "nll_a": -3.600148189784007,
      "u_err": null,
      "chi2_ppc": 1.7709611629258648,
      "chi2_ppc_pvalue": 1.0,
      "map_a_err": 0.08536198735237122,
      "map_u_err": null,
      "label": "In-Domain Physics",
      "warmup_time_s": 1137.9503672122955,
      "sampling_time_s": 490.0280249118805,
      "step_time_s": 0.05814208543300629,
      "spearman_rho_error_std": 0.022975416590368065,
      "spearman_pvalue_error_std": 0.7968536234532171,
      "a_err_per_sample": null
    },
    "ood_data_only": {
      "sigma": 0.002,
      "num_warmup": 5000,
      "num_samples": 2000,
      "num_chains": 4,
      "ess_min": 3515.619673146225,
      "rhat_max": 1.0008806087532198,
      "rhat_mean": 1.0003856973220988,
      "n_div": 0,
      "reliability_flag": "PASS",
      "reliability_explanation": "All diagnostics within thresholds",
      "a_err": 0.14837854193080607,
      "crps_a": 0.0057046730990887515,
      "coverage_95": 0.921875,
      "ci_width": 0.036354198979174183,
      "mean_std": 0.009292071710215481,
      "cal_levels": [
        0.1,
        0.19444444444444445,
        0.28888888888888886,
        0.3833333333333333,
        0.47777777777777775,
        0.5722222222222222,
        0.6666666666666666,
        0.7611111111111111,
        0.8555555555555555,
        0.95
      ],
      "cal_empirical": [
        0.1328125,
        0.171875,
        0.203125,
        0.296875,
        0.4140625,
        0.53125,
        0.5625,
        0.6015625,
        0.78125,
        0.921875
      ],
      "nll_a": -3.3784099435454316,
      "u_err": null,
      "chi2_ppc": 2.1032866434970576,
      "chi2_ppc_pvalue": 1.0,
      "map_a_err": 0.1633819341659546,
      "map_u_err": null,
      "label": "OOD Data-Only",
      "warmup_time_s": 856.8533146381378,
      "sampling_time_s": 376.1462001800537,
      "step_time_s": 0.04403569695779255,
      "spearman_rho_error_std": 0.30434558688884816,
      "spearman_pvalue_error_std": 0.0004781016640454681,
      "a_err_per_sample": null
    },
    "ood_physics": {
      "sigma": 0.002,
      "num_warmup": 5000,
      "num_samples": 2000,
      "num_chains": 4,
      "ess_min": 3822.911409993565,
      "rhat_max": 1.0010521211884977,
      "rhat_mean": 1.0003997581555262,
      "n_div": 0,
      "reliability_flag": "PASS",
      "reliability_explanation": "All diagnostics within thresholds",
      "a_err": 0.1482304185654533,
      "crps_a": 0.005697096062865623,
      "coverage_95": 0.8984375,
      "ci_width": 0.03621051975539081,
      "mean_std": 0.009260897703272004,
      "cal_levels": [
        0.1,
        0.19444444444444445,
        0.28888888888888886,
        0.3833333333333333,
        0.47777777777777775,
        0.5722222222222222,
        0.6666666666666666,
        0.7611111111111111,
        0.8555555555555555,
        0.95
      ],
      "cal_empirical": [
        0.125,
        0.171875,
        0.203125,
        0.296875,
        0.3984375,
        0.5390625,
        0.5546875,
        0.59375,
        0.7734375,
        0.8984375
      ],
      "nll_a": -3.38242975106341,
      "u_err": null,
      "chi2_ppc": 2.0805602262013325,
      "chi2_ppc_pvalue": 1.0,
      "map_a_err": 0.1633819341659546,
      "map_u_err": null,
      "label": "OOD Physics",
      "warmup_time_s": 1099.4345488548279,
      "sampling_time_s": 485.5204379558563,
      "step_time_s": 0.05660553524323872,
      "spearman_rho_error_std": 0.29248306171030947,
      "spearman_pvalue_error_std": 0.0008075944186588835,
      "a_err_per_sample": null
    }
  },
  "sweep_var": null,
  "baseline": null,
  "sweep_conditions": null,
  "laplace": null,
  "map_time_s": 9.944417953491211,
  "total_time_s": 8383.158381700516,
  "sweep_value": null,
  "is_sweep_baseline": null
}