{
  "experiment": "ood",
  "problem": "burgers",
  "experiment_type": "comparison",
  "timestamp": "2026-06-15T17:44:56",
  "seed": 42,
  "test_idx": 2,
  "prior": {
    "n_prior": 500,
    "a_err": 0.8881499767303467,
    "crps_a": 0.04923761344637162,
    "coverage_95": 0.9921875,
    "ci_width": 0.6016938650624308,
    "mean_std": 0.150403063830153
  },
  "prior_ood": {
    "n_prior": 500,
    "a_err": 1.008193016052246,
    "crps_a": 0.10447692370848967,
    "coverage_95": 0.9921875,
    "ci_width": 0.6016938650624308,
    "mean_std": 0.150403063830153
  },
  "condition": null,
  "conditions": {
    "in_domain_data_only": {
      "sigma": 0.007,
      "num_warmup": 5000,
      "num_samples": 2000,
      "num_chains": 4,
      "ess_min": 3772.4495250531995,
      "rhat_max": 1.0012154958892676,
      "rhat_mean": 1.000269989844943,
      "n_div": 0,
      "reliability_flag": "PASS",
      "reliability_explanation": "All diagnostics within thresholds",
      "a_err": 0.18563769504714658,
      "crps_a": 0.009101617401277138,
      "coverage_95": 0.9453125,
      "ci_width": 0.06038666955180855,
      "mean_std": 0.015462296940090072,
      "cal_levels": [
        0.1,
        0.19444444444444445,
        0.28888888888888886,
        0.3833333333333333,
        0.47777777777777775,
        0.5722222222222222,
        0.6666666666666666,
        0.7611111111111111,
        0.8555555555555555,
        0.95
      ],
      "cal_empirical": [
        0.0859375,
        0.171875,
        0.2890625,
        0.328125,
        0.4140625,
        0.5078125,
        0.6328125,
        0.7109375,
        0.8046875,
        0.9453125
      ],
      "nll_a": -3.044525898821012,
      "u_err": null,
      "chi2_ppc": 1.2761574511951466,
      "chi2_ppc_pvalue": 1.0,
      "map_a_err": 0.11457882076501846,
      "map_u_err": null,
      "label": "In-Domain Data-Only",
      "warmup_time_s": 311.9165527820587,
      "sampling_time_s": 126.39190578460693,
      "step_time_s": 0.01565387352023806,
      "spearman_rho_error_std": 0.36738921442959166,
      "spearman_pvalue_error_std": 1.9907697129776646e-05,
      "a_err_per_sample": null
    },
    "in_domain_physics": {
      "sigma": 0.007,
      "num_warmup": 5000,
      "num_samples": 2000,
      "num_chains": 4,
      "ess_min": 4154.74991054044,
      "rhat_max": 1.0010047615478985,
      "rhat_mean": 1.000041872374708,
      "n_div": 0,
      "reliability_flag": "PASS",
      "reliability_explanation": "All diagnostics within thresholds",
      "a_err": 0.18379045749827236,
      "crps_a": 0.009017303766071483,
      "coverage_95": 0.9453125,
      "ci_width": 0.059883411862936525,
      "mean_std": 0.015312230596941919,
      "cal_levels": [
        0.1,
        0.19444444444444445,
        0.28888888888888886,
        0.3833333333333333,
        0.47777777777777775,
        0.5722222222222222,
        0.6666666666666666,
        0.7611111111111111,
        0.8555555555555555,
        0.95
      ],
      "cal_empirical": [
        0.078125,
        0.1875,
        0.2890625,
        0.3203125,
        0.4140625,
        0.5,
        0.6171875,
        0.7109375,
        0.8046875,
        0.9453125
      ],
      "nll_a": -3.0535856205204253,
      "u_err": null,
      "chi2_ppc": 1.2589531245644874,
      "chi2_ppc_pvalue": 1.0,
      "map_a_err": 0.11457882076501846,
      "map_u_err": null,
      "label": "In-Domain Physics",
      "warmup_time_s": 394.16221475601196,
      "sampling_time_s": 155.8244321346283,
      "step_time_s": 0.019642380246094295,
      "spearman_rho_error_std": 0.3499988555209668,
      "spearman_pvalue_error_std": 5.126205952829871e-05,
      "a_err_per_sample": null
    },
    "ood_data_only": {
      "sigma": 0.007,
      "num_warmup": 5000,
      "num_samples": 2000,
      "num_chains": 4,
      "ess_min": 3507.5798505005514,
      "rhat_max": 1.0016705866916618,
      "rhat_mean": 1.0004365906186046,
      "n_div": 0,
      "reliability_flag": "PASS",
      "reliability_explanation": "All diagnostics within thresholds",
      "a_err": 0.08248997403667695,
      "crps_a": 0.008219092945180233,
      "coverage_95": 0.9609375,
      "ci_width": 0.05935242346722257,
      "mean_std": 0.015141117866917929,
      "cal_levels": [
        0.1,
        0.19444444444444445,
        0.28888888888888886,
        0.3833333333333333,
        0.47777777777777775,
        0.5722222222222222,
        0.6666666666666666,
        0.7611111111111111,
        0.8555555555555555,
        0.95
      ],
      "cal_empirical": [
        0.0859375,
        0.1484375,
        0.2109375,
        0.2890625,
        0.4296875,
        0.578125,
        0.7109375,
        0.8046875,
        0.9140625,
        0.9609375
      ],
      "nll_a": -3.1457840023173977,
      "u_err": null,
      "chi2_ppc": 1.760883352618027,
      "chi2_ppc_pvalue": 1.0,
      "map_a_err": 0.0960470661520958,
      "map_u_err": null,
      "label": "OOD Data-Only",
      "warmup_time_s": 320.86976385116577,
      "sampling_time_s": 137.46876573562622,
      "step_time_s": 0.016369233199528287,
      "spearman_rho_error_std": 0.36018471891594944,
      "spearman_pvalue_error_std": 2.965470096272762e-05,
      "a_err_per_sample": null
    },
    "ood_physics": {
      "sigma": 0.007,
      "num_warmup": 5000,
      "num_samples": 2000,
      "num_chains": 4,
      "ess_min": 4157.971420047905,
      "rhat_max": 1.0005994620882122,
      "rhat_mean": 1.0001462341609673,
      "n_div": 0,
      "reliability_flag": "PASS",
      "reliability_explanation": "All diagnostics within thresholds",
      "a_err": 0.08274914163642849,
      "crps_a": 0.008249061593338014,
      "coverage_95": 0.9609375,
      "ci_width": 0.059230838664080014,
      "mean_std": 0.015137981777179853,
      "cal_levels": [
        0.1,
        0.19444444444444445,
        0.28888888888888886,
        0.3833333333333333,
        0.47777777777777775,
        0.5722222222222222,
        0.6666666666666666,
        0.7611111111111111,
        0.8555555555555555,
        0.95
      ],
      "cal_empirical": [
        0.078125,
        0.15625,
        0.2109375,
        0.296875,
        0.421875,
        0.5703125,
        0.71875,
        0.8046875,
        0.9140625,
        0.9609375
      ],
      "nll_a": -3.1439724763165158,
      "u_err": null,
      "chi2_ppc": 1.8036872541260596,
      "chi2_ppc_pvalue": 1.0,
      "map_a_err": 0.0960470661520958,
      "map_u_err": null,
      "label": "OOD Physics",
      "warmup_time_s": 405.1167323589325,
      "sampling_time_s": 181.53263020515442,
      "step_time_s": 0.020951762948717388,
      "spearman_rho_error_std": 0.3691288225599707,
      "spearman_pvalue_error_std": 1.805538349498955e-05,
      "a_err_per_sample": null
    }
  },
  "sweep_var": null,
  "baseline": null,
  "sweep_conditions": null,
  "laplace": null,
  "map_time_s": 10.118693590164185,
  "total_time_s": 4660.816298961639,
  "sweep_value": null,
  "is_sweep_baseline": null
}