{
  "experiment": "ood",
  "problem": "burgers",
  "experiment_type": "comparison",
  "timestamp": "2026-06-15T17:55:08",
  "seed": 123,
  "test_idx": 1,
  "prior": {
    "n_prior": 500,
    "a_err": 1.0481082201004028,
    "crps_a": 0.14280333700246386,
    "coverage_95": 0.6875,
    "ci_width": 0.6144890277565563,
    "mean_std": 0.15646803347502003
  },
  "prior_ood": {
    "n_prior": 500,
    "a_err": 1.126664161682129,
    "crps_a": 0.06813971094449253,
    "coverage_95": 0.9921875,
    "ci_width": 0.6144890277565563,
    "mean_std": 0.15646803347502003
  },
  "condition": null,
  "conditions": {
    "in_domain_data_only": {
      "sigma": 0.01,
      "num_warmup": 5000,
      "num_samples": 2000,
      "num_chains": 4,
      "ess_min": 3347.9456616979433,
      "rhat_max": 1.0018474085430529,
      "rhat_mean": 1.0007418251552054,
      "n_div": 0,
      "reliability_flag": "PASS",
      "reliability_explanation": "All diagnostics within thresholds",
      "a_err": 0.08630132083025684,
      "crps_a": 0.011723183972361374,
      "coverage_95": 0.890625,
      "ci_width": 0.07704002447445096,
      "mean_std": 0.019716991313970006,
      "cal_levels": [
        0.1,
        0.19444444444444445,
        0.28888888888888886,
        0.3833333333333333,
        0.47777777777777775,
        0.5722222222222222,
        0.6666666666666666,
        0.7611111111111111,
        0.8555555555555555,
        0.95
      ],
      "cal_empirical": [
        0.0390625,
        0.1171875,
        0.171875,
        0.2578125,
        0.3828125,
        0.5,
        0.578125,
        0.7265625,
        0.828125,
        0.890625
      ],
      "nll_a": -2.7078380258801245,
      "u_err": null,
      "chi2_ppc": 2.2517085163096704,
      "chi2_ppc_pvalue": 1.0,
      "map_a_err": 0.09937439113855362,
      "map_u_err": null,
      "label": "In-Domain Data-Only",
      "warmup_time_s": 330.9387876987457,
      "sampling_time_s": 138.4618468284607,
      "step_time_s": 0.01676430837597166,
      "spearman_rho_error_std": 0.3097017487639626,
      "spearman_pvalue_error_std": 0.00037457240510309554,
      "a_err_per_sample": null
    },
    "in_domain_physics": {
      "sigma": 0.01,
      "num_warmup": 5000,
      "num_samples": 2000,
      "num_chains": 4,
      "ess_min": 3457.433335649176,
      "rhat_max": 1.0009906637050723,
      "rhat_mean": 1.0001702101484025,
      "n_div": 0,
      "reliability_flag": "PASS",
      "reliability_explanation": "All diagnostics within thresholds",
      "a_err": 0.085906878691587,
      "crps_a": 0.011681053954041454,
      "coverage_95": 0.890625,
      "ci_width": 0.07705661075551429,
      "mean_std": 0.019712864795304135,
      "cal_levels": [
        0.1,
        0.19444444444444445,
        0.28888888888888886,
        0.3833333333333333,
        0.47777777777777775,
        0.5722222222222222,
        0.6666666666666666,
        0.7611111111111111,
        0.8555555555555555,
        0.95
      ],
      "cal_empirical": [
        0.0546875,
        0.109375,
        0.171875,
        0.265625,
        0.375,
        0.5078125,
        0.5859375,
        0.71875,
        0.8203125,
        0.890625
      ],
      "nll_a": -2.7188529852919143,
      "u_err": null,
      "chi2_ppc": 2.2377732117831655,
      "chi2_ppc_pvalue": 1.0,
      "map_a_err": 0.09937439113855362,
      "map_u_err": null,
      "label": "In-Domain Physics",
      "warmup_time_s": 418.5849184989929,
      "sampling_time_s": 168.5793273448944,
      "step_time_s": 0.02097015163728169,
      "spearman_rho_error_std": 0.29927554477201973,
      "spearman_pvalue_error_std": 0.0005998024148723201,
      "a_err_per_sample": null
    },
    "ood_data_only": {
      "sigma": 0.01,
      "num_warmup": 5000,
      "num_samples": 2000,
      "num_chains": 4,
      "ess_min": 3298.965413232305,
      "rhat_max": 1.0005548789810104,
      "rhat_mean": 1.0001310231384584,
      "n_div": 0,
      "reliability_flag": "PASS",
      "reliability_explanation": "All diagnostics within thresholds",
      "a_err": 0.10108425390818773,
      "crps_a": 0.006788170376471752,
      "coverage_95": 0.9921875,
      "ci_width": 0.07813972543442782,
      "mean_std": 0.019963742450119344,
      "cal_levels": [
        0.1,
        0.19444444444444445,
        0.28888888888888886,
        0.3833333333333333,
        0.47777777777777775,
        0.5722222222222222,
        0.6666666666666666,
        0.7611111111111111,
        0.8555555555555555,
        0.95
      ],
      "cal_empirical": [
        0.15625,
        0.3515625,
        0.4765625,
        0.6171875,
        0.75,
        0.875,
        0.953125,
        0.96875,
        0.9921875,
        0.9921875
      ],
      "nll_a": -3.1994497789981278,
      "u_err": null,
      "chi2_ppc": 0.4177858170817774,
      "chi2_ppc_pvalue": 1.0,
      "map_a_err": 0.0961121991276741,
      "map_u_err": null,
      "label": "OOD Data-Only",
      "warmup_time_s": 300.711608171463,
      "sampling_time_s": 118.256108045578,
      "step_time_s": 0.014963132722037179,
      "spearman_rho_error_std": 0.6756031404504669,
      "spearman_pvalue_error_std": 2.1770135534398105e-18,
      "a_err_per_sample": null
    },
    "ood_physics": {
      "sigma": 0.01,
      "num_warmup": 5000,
      "num_samples": 2000,
      "num_chains": 4,
      "ess_min": 3613.593224976943,
      "rhat_max": 1.0011675708249466,
      "rhat_mean": 1.0001709055459536,
      "n_div": 0,
      "reliability_flag": "PASS",
      "reliability_explanation": "All diagnostics within thresholds",
      "a_err": 0.10161466996792595,
      "crps_a": 0.006836011315544273,
      "coverage_95": 0.9921875,
      "ci_width": 0.07856321206115849,
      "mean_std": 0.020089809648991784,
      "cal_levels": [
        0.1,
        0.19444444444444445,
        0.28888888888888886,
        0.3833333333333333,
        0.47777777777777775,
        0.5722222222222222,
        0.6666666666666666,
        0.7611111111111111,
        0.8555555555555555,
        0.95
      ],
      "cal_empirical": [
        0.171875,
        0.359375,
        0.4921875,
        0.625,
        0.75,
        0.859375,
        0.953125,
        0.96875,
        0.9921875,
        0.9921875
      ],
      "nll_a": -3.1921760878929666,
      "u_err": null,
      "chi2_ppc": 0.41301764112462946,
      "chi2_ppc_pvalue": 1.0,
      "map_a_err": 0.0961121991276741,
      "map_u_err": null,
      "label": "OOD Physics",
      "warmup_time_s": 381.2832407951355,
      "sampling_time_s": 154.19004487991333,
      "step_time_s": 0.01912404591696603,
      "spearman_rho_error_std": 0.6571198040651894,
      "spearman_pvalue_error_std": 3.648874347195455e-17,
      "a_err_per_sample": null
    }
  },
  "sweep_var": null,
  "baseline": null,
  "sweep_conditions": null,
  "laplace": null,
  "map_time_s": 10.33059048652649,
  "total_time_s": 4742.613094091415,
  "sweep_value": null,
  "is_sweep_baseline": null
}