{
  "experiment": "ood",
  "problem": "darcy_continuous",
  "experiment_type": "comparison",
  "timestamp": "2026-06-15T23:23:45",
  "seed": 7,
  "test_idx": 0,
  "prior": {
    "n_prior": 500,
    "a_err": 0.2599954307079315,
    "crps_a": 0.3070178478036845,
    "coverage_95": 0.9726516052318668,
    "ci_width": 2.190958680701288,
    "mean_std": 0.6019103789100294
  },
  "prior_ood": {
    "n_prior": 500,
    "a_err": 0.36530646681785583,
    "crps_a": 0.8247850620717028,
    "coverage_95": 0.6468489892984542,
    "ci_width": 2.190958680701288,
    "mean_std": 0.6019103789100294
  },
  "condition": null,
  "conditions": {
    "in_domain_data_only": {
      "sigma": 0.01,
      "num_warmup": 5000,
      "num_samples": 2000,
      "num_chains": 4,
      "ess_min": 761.543437791925,
      "rhat_max": 1.0084541437534735,
      "rhat_mean": 1.006292139666692,
      "n_div": 2,
      "reliability_flag": "PASS",
      "reliability_explanation": "All diagnostics within thresholds",
      "a_err": 0.005343942280333344,
      "crps_a": 0.0077193107570641155,
      "coverage_95": 0.9964328180737217,
      "ci_width": 0.06080303943320681,
      "mean_std": 0.01669874356465217,
      "cal_levels": [
        0.1,
        0.19444444444444445,
        0.28888888888888886,
        0.3833333333333333,
        0.47777777777777775,
        0.5722222222222222,
        0.6666666666666666,
        0.7611111111111111,
        0.8555555555555555,
        0.95
      ],
      "cal_empirical": [
        0.0713436385255648,
        0.14863258026159334,
        0.291319857312723,
        0.4126040428061831,
        0.5279429250891795,
        0.6076099881093936,
        0.7015457788347206,
        0.821640903686088,
        0.9179548156956004,
        0.9964328180737217
      ],
      "nll_a": -2.867111738220754,
      "u_err": null,
      "chi2_ppc": 16.138977875986612,
      "chi2_ppc_pvalue": 1.0,
      "map_a_err": 0.012649085372686386,
      "map_u_err": null,
      "label": "In-domain Data-Only",
      "warmup_time_s": 262.2261326313019,
      "sampling_time_s": 91.22695446014404,
      "step_time_s": 0.012623324538980211,
      "spearman_rho_error_std": 0.23414334979404272,
      "spearman_pvalue_error_std": 6.161736175827876e-12,
      "a_err_per_sample": null
    },
    "in_domain_physics": {
      "sigma": 0.01,
      "num_warmup": 5000,
      "num_samples": 2000,
      "num_chains": 4,
      "ess_min": 276.4063857572082,
      "rhat_max": 1.0086457412533,
      "rhat_mean": 1.0023361009978633,
      "n_div": 3,
      "reliability_flag": "PASS",
      "reliability_explanation": "All diagnostics within thresholds",
      "a_err": 0.005317750879800841,
      "crps_a": 0.007664902343445445,
      "coverage_95": 0.9940546967895363,
      "ci_width": 0.06066850689788866,
      "mean_std": 0.016696840792454565,
      "cal_levels": [
        0.1,
        0.19444444444444445,
        0.28888888888888886,
        0.3833333333333333,
        0.47777777777777775,
        0.5722222222222222,
        0.6666666666666666,
        0.7611111111111111,
        0.8555555555555555,
        0.95
      ],
      "cal_empirical": [
        0.07372175980975029,
        0.14744351961950058,
        0.29607609988109396,
        0.4090368608799049,
        0.5303210463733651,
        0.6218787158145065,
        0.7086801426872771,
        0.8228299643281808,
        0.9108204518430439,
        0.9940546967895363
      ],
      "nll_a": -2.8655184338532598,
      "u_err": null,
      "chi2_ppc": 16.125700567204206,
      "chi2_ppc_pvalue": 1.0,
      "map_a_err": 0.012649085372686386,
      "map_u_err": null,
      "label": "In-domain Physics",
      "warmup_time_s": 672.4406826496124,
      "sampling_time_s": 238.59538078308105,
      "step_time_s": 0.032537002265453335,
      "spearman_rho_error_std": 0.21626424744404413,
      "spearman_pvalue_error_std": 2.335522507574897e-10,
      "a_err_per_sample": null
    },
    "ood_data_only": {
      "sigma": 0.01,
      "num_warmup": 5000,
      "num_samples": 2000,
      "num_chains": 4,
      "ess_min": 11.31034081314856,
      "rhat_max": 1.140098381924144,
      "rhat_mean": 1.104155397666443,
      "n_div": 99,
      "reliability_flag": "WARN",
      "reliability_explanation": "ESS_min=11.3 < 50; R-hat_max=1.140 > 1.05; divergences=1.2% > 1%",
      "a_err": 0.02341721800411699,
      "crps_a": 0.04447965272191453,
      "coverage_95": 0.9357907253269917,
      "ci_width": 0.25800050141977243,
      "mean_std": 0.06800779025391752,
      "cal_levels": [
        0.1,
        0.19444444444444445,
        0.28888888888888886,
        0.3833333333333333,
        0.47777777777777775,
        0.5722222222222222,
        0.6666666666666666,
        0.7611111111111111,
        0.8555555555555555,
        0.95
      ],
      "cal_empirical": [
        0.04756242568370987,
        0.10107015457788347,
        0.14863258026159334,
        0.20451843043995244,
        0.2556480380499406,
        0.31153388822829964,
        0.37812128418549346,
        0.4768133174791914,
        0.6789536266349584,
        0.9357907253269917
      ],
      "nll_a": -1.191798465300454,
      "u_err": null,
      "chi2_ppc": 1.2055843468923957,
      "chi2_ppc_pvalue": 1.0,
      "map_a_err": 0.05405435338616371,
      "map_u_err": null,
      "label": "OOD Data-Only",
      "warmup_time_s": 238.27438640594482,
      "sampling_time_s": 79.74079442024231,
      "step_time_s": 0.011357685029506683,
      "spearman_rho_error_std": 0.6269741049464034,
      "spearman_pvalue_error_std": 4.576861470220677e-93,
      "a_err_per_sample": null
    },
    "ood_physics": {
      "sigma": 0.01,
      "num_warmup": 5000,
      "num_samples": 2000,
      "num_chains": 4,
      "ess_min": 2.031212408909421,
      "rhat_max": 7.688495392138832,
      "rhat_mean": 5.701194491968902,
      "n_div": 2,
      "reliability_flag": "FAIL",
      "reliability_explanation": "ESS_min=2.0 < 10; R-hat_max=7.688 > 1.2",
      "a_err": 0.08066532087017707,
      "crps_a": 0.09925705092016765,
      "coverage_95": 0.929845422116528,
      "ci_width": 1.1202482444699777,
      "mean_std": 0.4252053822292944,
      "cal_levels": [
        0.1,
        0.19444444444444445,
        0.28888888888888886,
        0.3833333333333333,
        0.47777777777777775,
        0.5722222222222222,
        0.6666666666666666,
        0.7611111111111111,
        0.8555555555555555,
        0.95
      ],
      "cal_empirical": [
        0.06420927467300833,
        0.12366230677764566,
        0.19262782401902498,
        0.29488703923900117,
        0.6741973840665874,
        0.7146254458977408,
        0.7562425683709869,
        0.807372175980975,
        0.8632580261593341,
        0.929845422116528
      ],
      "nll_a": 0.020484907982294485,
      "u_err": null,
      "chi2_ppc": 21.373235524007157,
      "chi2_ppc_pvalue": 1.0,
      "map_a_err": 0.05405435338616371,
      "map_u_err": null,
      "label": "OOD Physics",
      "warmup_time_s": 824.1974124908447,
      "sampling_time_s": 266.89420771598816,
      "step_time_s": 0.038967557864529746,
      "spearman_rho_error_std": 0.8857529190894063,
      "spearman_pvalue_error_std": 6.673733702023286e-282,
      "a_err_per_sample": null
    }
  },
  "sweep_var": null,
  "baseline": null,
  "sweep_conditions": null,
  "laplace": null,
  "map_time_s": 6.919334173202515,
  "total_time_s": 15003.85521697998,
  "sweep_value": null,
  "is_sweep_baseline": null
}