{
  "experiment": "ood",
  "problem": "darcy_piecewise",
  "experiment_type": "comparison",
  "timestamp": "2026-06-16T11:21:34",
  "seed": 7,
  "test_idx": 2,
  "prior": {
    "n_prior": 500,
    "a_err": 0.36790764331817627,
    "crps_a": 1.3269921997621876,
    "coverage_95": 1.0,
    "ci_width": 5.0,
    "mean_std": 2.4911702004473337
  },
  "prior_ood": {
    "n_prior": 500,
    "a_err": 0.42274805903434753,
    "crps_a": 1.3055177645659928,
    "coverage_95": 1.0,
    "ci_width": 5.0,
    "mean_std": 2.4911702004473337
  },
  "condition": null,
  "conditions": {
    "in_domain_data_only": {
      "sigma": 0.014624012348992528,
      "num_warmup": 15000,
      "num_samples": 5000,
      "num_chains": 4,
      "ess_min": 13719.429113191178,
      "rhat_max": 1.0005073492384227,
      "rhat_mean": 1.0000210765387658,
      "n_div": 0,
      "reliability_flag": "PASS",
      "reliability_explanation": "All diagnostics within thresholds",
      "a_err": 0.9717370867729187,
      "crps_a": 0.1808971223394768,
      "coverage_95": 1.0,
      "ci_width": 3.8703923900118906,
      "mean_std": 1.3800787029197146,
      "cal_levels": [
        0.1,
        0.19444444444444445,
        0.28888888888888886,
        0.3833333333333333,
        0.47777777777777775,
        0.5722222222222222,
        0.6666666666666666,
        0.7611111111111111,
        0.8555555555555555,
        0.95
      ],
      "cal_empirical": [
        0.9916765755053508,
        0.9988109393579072,
        0.9988109393579072,
        1.0,
        1.0,
        1.0,
        1.0,
        1.0,
        1.0,
        1.0
      ],
      "nll_a": 0.15520147851540045,
      "u_err": null,
      "chi2_ppc": 107549.1453589755,
      "chi2_ppc_pvalue": 0.0,
      "map_a_err": 0.650416374206543,
      "map_u_err": null,
      "label": "In-domain Data-Only",
      "warmup_time_s": 1055.744765996933,
      "sampling_time_s": 355.2695128917694,
      "step_time_s": 0.01763767848610878,
      "spearman_rho_error_std": 0.999798001831631,
      "spearman_pvalue_error_std": 0.0,
      "a_err_per_sample": 0.8527168906778098
    },
    "in_domain_physics": {
      "sigma": 0.014624012348992528,
      "num_warmup": 15000,
      "num_samples": 5000,
      "num_chains": 4,
      "ess_min": 13700.453226342677,
      "rhat_max": 1.000381914417702,
      "rhat_mean": 1.000041559400912,
      "n_div": 0,
      "reliability_flag": "PASS",
      "reliability_explanation": "All diagnostics within thresholds",
      "a_err": 0.9717370867729187,
      "crps_a": 0.18321136796967893,
      "coverage_95": 1.0,
      "ci_width": 3.8644470868014267,
      "mean_std": 1.3852383583355685,
      "cal_levels": [
        0.1,
        0.19444444444444445,
        0.28888888888888886,
        0.3833333333333333,
        0.47777777777777775,
        0.5722222222222222,
        0.6666666666666666,
        0.7611111111111111,
        0.8555555555555555,
        0.95
      ],
      "cal_empirical": [
        0.9916765755053508,
        0.9988109393579072,
        0.9988109393579072,
        1.0,
        1.0,
        1.0,
        1.0,
        1.0,
        1.0,
        1.0
      ],
      "nll_a": 0.1566928323785547,
      "u_err": null,
      "chi2_ppc": 107517.46727970487,
      "chi2_ppc_pvalue": 0.0,
      "map_a_err": 0.650416374206543,
      "map_u_err": null,
      "label": "In-domain Physics",
      "warmup_time_s": 1553.738847732544,
      "sampling_time_s": 581.6925714015961,
      "step_time_s": 0.02669289273917675,
      "spearman_rho_error_std": 0.9998100608997215,
      "spearman_pvalue_error_std": 0.0,
      "a_err_per_sample": 0.8514557742297649
    },
    "ood_data_only": {
      "sigma": 0.014624012348992528,
      "num_warmup": 15000,
      "num_samples": 5000,
      "num_chains": 4,
      "ess_min": 14504.559873434862,
      "rhat_max": 1.0009616782266624,
      "rhat_mean": 1.0000060113447022,
      "n_div": 0,
      "reliability_flag": "PASS",
      "reliability_explanation": "All diagnostics within thresholds",
      "a_err": 0.8764507174491882,
      "crps_a": 0.4959245066587396,
      "coverage_95": 1.0,
      "ci_width": 4.696789536266349,
      "mean_std": 1.8820133934685446,
      "cal_levels": [
        0.1,
        0.19444444444444445,
        0.28888888888888886,
        0.3833333333333333,
        0.47777777777777775,
        0.5722222222222222,
        0.6666666666666666,
        0.7611111111111111,
        0.8555555555555555,
        0.95
      ],
      "cal_empirical": [
        0.9227110582639715,
        0.9464922711058263,
        0.9607609988109393,
        0.9774078478002378,
        0.9869203329369798,
        0.9940546967895363,
        0.9976218787158145,
        0.9988109393579072,
        1.0,
        1.0
      ],
      "nll_a": 0.33390673236659724,
      "u_err": null,
      "chi2_ppc": 103013.02809145059,
      "chi2_ppc_pvalue": 0.0,
      "map_a_err": 0.6380985975265503,
      "map_u_err": null,
      "label": "OOD Data-Only",
      "warmup_time_s": 1418.1416599750519,
      "sampling_time_s": 514.5883369445801,
      "step_time_s": 0.024159124961495398,
      "spearman_rho_error_std": 0.9550431568907066,
      "spearman_pvalue_error_std": 0.0,
      "a_err_per_sample": 0.7275761440590024
    },
    "ood_physics": {
      "sigma": 0.014624012348992528,
      "num_warmup": 15000,
      "num_samples": 5000,
      "num_chains": 4,
      "ess_min": 20747.282937780783,
      "rhat_max": 1.0002194100905077,
      "rhat_mean": 0.9999530628809868,
      "n_div": 0,
      "reliability_flag": "PASS",
      "reliability_explanation": "All diagnostics within thresholds",
      "a_err": 0.8778277039527893,
      "crps_a": 0.4916607222205708,
      "coverage_95": 1.0,
      "ci_width": 4.631391200951248,
      "mean_std": 1.8725831806729003,
      "cal_levels": [
        0.1,
        0.19444444444444445,
        0.28888888888888886,
        0.3833333333333333,
        0.47777777777777775,
        0.5722222222222222,
        0.6666666666666666,
        0.7611111111111111,
        0.8555555555555555,
        0.95
      ],
      "cal_empirical": [
        0.9239001189060642,
        0.9476813317479191,
        0.9607609988109393,
        0.9785969084423306,
        0.985731272294887,
        0.9940546967895363,
        0.9976218787158145,
        0.9988109393579072,
        1.0,
        1.0
      ],
      "nll_a": 0.33132461857606993,
      "u_err": null,
      "chi2_ppc": 103029.47043765585,
      "chi2_ppc_pvalue": 0.0,
      "map_a_err": 0.6380985975265503,
      "map_u_err": null,
      "label": "OOD Physics",
      "warmup_time_s": 2146.5149853229523,
      "sampling_time_s": 856.5026397705078,
      "step_time_s": 0.03753772031366825,
      "spearman_rho_error_std": 0.9562927658531645,
      "spearman_pvalue_error_std": 0.0,
      "a_err_per_sample": 0.7297221020668745
    }
  },
  "sweep_var": null,
  "baseline": null,
  "sweep_conditions": null,
  "laplace": null,
  "map_time_s": 9.224362850189209,
  "total_time_s": 31375.18890929222,
  "sweep_value": null,
  "is_sweep_baseline": null
}