{
  "experiment": "ood",
  "problem": "darcy_piecewise",
  "experiment_type": "comparison",
  "timestamp": "2026-06-16T09:06:41",
  "seed": 123,
  "test_idx": 2,
  "prior": {
    "n_prior": 500,
    "a_err": 0.3697834610939026,
    "crps_a": 1.3232421640903689,
    "coverage_95": 1.0,
    "ci_width": 5.0,
    "mean_std": 2.492686544094343
  },
  "prior_ood": {
    "n_prior": 500,
    "a_err": 0.4845571219921112,
    "crps_a": 1.2868569084423305,
    "coverage_95": 1.0,
    "ci_width": 5.0,
    "mean_std": 2.492686544094343
  },
  "condition": null,
  "conditions": {
    "in_domain_data_only": {
      "sigma": 0.014624012348992528,
      "num_warmup": 15000,
      "num_samples": 5000,
      "num_chains": 4,
      "ess_min": 11558.08335481358,
      "rhat_max": 1.000397688135632,
      "rhat_mean": 1.0000520911489652,
      "n_div": 0,
      "reliability_flag": "PASS",
      "reliability_explanation": "All diagnostics within thresholds",
      "a_err": 0.972521960735321,
      "crps_a": 0.19468148277348393,
      "coverage_95": 1.0,
      "ci_width": 3.9357907253269917,
      "mean_std": 1.4027408424799148,
      "cal_levels": [
        0.1,
        0.19444444444444445,
        0.28888888888888886,
        0.3833333333333333,
        0.47777777777777775,
        0.5722222222222222,
        0.6666666666666666,
        0.7611111111111111,
        0.8555555555555555,
        0.95
      ],
      "cal_empirical": [
        0.9892984542211652,
        0.995243757431629,
        1.0,
        1.0,
        1.0,
        1.0,
        1.0,
        1.0,
        1.0,
        1.0
      ],
      "nll_a": 0.16344200380643462,
      "u_err": null,
      "chi2_ppc": 109728.08588950391,
      "chi2_ppc_pvalue": 0.0,
      "map_a_err": 0.6859296560287476,
      "map_u_err": null,
      "label": "In-domain Data-Only",
      "warmup_time_s": 1015.9064908027649,
      "sampling_time_s": 296.1538453102112,
      "step_time_s": 0.0164007542014122,
      "spearman_rho_error_std": 0.9996629160855701,
      "spearman_pvalue_error_std": 0.0,
      "a_err_per_sample": 0.8469419078841806
    },
    "in_domain_physics": {
      "sigma": 0.014624012348992528,
      "num_warmup": 15000,
      "num_samples": 5000,
      "num_chains": 4,
      "ess_min": 12575.415482625167,
      "rhat_max": 1.0006495368232755,
      "rhat_mean": 1.0000687173733878,
      "n_div": 0,
      "reliability_flag": "PASS",
      "reliability_explanation": "All diagnostics within thresholds",
      "a_err": 0.9763134717941284,
      "crps_a": 0.1917820686979786,
      "coverage_95": 1.0,
      "ci_width": 3.947681331747919,
      "mean_std": 1.3996199484786425,
      "cal_levels": [
        0.1,
        0.19444444444444445,
        0.28888888888888886,
        0.3833333333333333,
        0.47777777777777775,
        0.5722222222222222,
        0.6666666666666666,
        0.7611111111111111,
        0.8555555555555555,
        0.95
      ],
      "cal_empirical": [
        0.9892984542211652,
        0.9964328180737217,
        1.0,
        1.0,
        1.0,
        1.0,
        1.0,
        1.0,
        1.0,
        1.0
      ],
      "nll_a": 0.16192403371859881,
      "u_err": null,
      "chi2_ppc": 109718.90633155958,
      "chi2_ppc_pvalue": 0.0,
      "map_a_err": 0.6859296560287476,
      "map_u_err": null,
      "label": "In-domain Physics",
      "warmup_time_s": 1506.01762509346,
      "sampling_time_s": 422.06058859825134,
      "step_time_s": 0.024100977671146395,
      "spearman_rho_error_std": 0.9996985738050636,
      "spearman_pvalue_error_std": 0.0,
      "a_err_per_sample": 0.848033746612072
    },
    "ood_data_only": {
      "sigma": 0.014624012348992528,
      "num_warmup": 15000,
      "num_samples": 5000,
      "num_chains": 4,
      "ess_min": 20131.04581283581,
      "rhat_max": 1.0002029485698094,
      "rhat_mean": 0.9999462061002211,
      "n_div": 0,
      "reliability_flag": "PASS",
      "reliability_explanation": "All diagnostics within thresholds",
      "a_err": 0.8286147117614746,
      "crps_a": 0.5920218038793102,
      "coverage_95": 1.0,
      "ci_width": 4.55410225921522,
      "mean_std": 1.8626577035633232,
      "cal_levels": [
        0.1,
        0.19444444444444445,
        0.28888888888888886,
        0.3833333333333333,
        0.47777777777777775,
        0.5722222222222222,
        0.6666666666666666,
        0.7611111111111111,
        0.8555555555555555,
        0.95
      ],
      "cal_empirical": [
        0.8810939357907254,
        0.9096313912009513,
        0.9346016646848989,
        0.9595719381688466,
        0.9655172413793104,
        0.976218787158145,
        0.985731272294887,
        0.9964328180737217,
        1.0,
        1.0
      ],
      "nll_a": 0.3766752752822182,
      "u_err": null,
      "chi2_ppc": 102201.88480139997,
      "chi2_ppc_pvalue": 0.0,
      "map_a_err": 0.5898575782775879,
      "map_u_err": null,
      "label": "OOD Data-Only",
      "warmup_time_s": 1248.4294204711914,
      "sampling_time_s": 557.4934623241425,
      "step_time_s": 0.022574036034941673,
      "spearman_rho_error_std": 0.9089643203474425,
      "spearman_pvalue_error_std": 0.0,
      "a_err_per_sample": 0.7106834440723061
    },
    "ood_physics": {
      "sigma": 0.014624012348992528,
      "num_warmup": 15000,
      "num_samples": 5000,
      "num_chains": 4,
      "ess_min": 10775.746051569367,
      "rhat_max": 1.0008817931926268,
      "rhat_mean": 1.0001083621231188,
      "n_div": 0,
      "reliability_flag": "PASS",
      "reliability_explanation": "All diagnostics within thresholds",
      "a_err": 0.8263962268829346,
      "crps_a": 0.5950399848543401,
      "coverage_95": 1.0,
      "ci_width": 4.560047562425684,
      "mean_std": 1.865744671924278,
      "cal_levels": [
        0.1,
        0.19444444444444445,
        0.28888888888888886,
        0.3833333333333333,
        0.47777777777777775,
        0.5722222222222222,
        0.6666666666666666,
        0.7611111111111111,
        0.8555555555555555,
        0.95
      ],
      "cal_empirical": [
        0.8834720570749108,
        0.9120095124851367,
        0.9346016646848989,
        0.9595719381688466,
        0.9655172413793104,
        0.9750297265160524,
        0.985731272294887,
        0.9964328180737217,
        1.0,
        1.0
      ],
      "nll_a": 0.37851975120683296,
      "u_err": null,
      "chi2_ppc": 102202.57791644186,
      "chi2_ppc_pvalue": 0.0,
      "map_a_err": 0.5898575782775879,
      "map_u_err": null,
      "label": "OOD Physics",
      "warmup_time_s": 1858.9164340496063,
      "sampling_time_s": 510.49468302726746,
      "step_time_s": 0.029617638963460924,
      "spearman_rho_error_std": 0.9061909580053837,
      "spearman_pvalue_error_std": 0.0,
      "a_err_per_sample": 0.709589219905436
    }
  },
  "sweep_var": null,
  "baseline": null,
  "sweep_conditions": null,
  "laplace": null,
  "map_time_s": 9.100303173065186,
  "total_time_s": 28994.034725904465,
  "sweep_value": null,
  "is_sweep_baseline": null
}