{
  "experiment": "ood",
  "problem": "darcy_piecewise",
  "experiment_type": "comparison",
  "timestamp": "2026-06-16T17:53:36",
  "seed": 42,
  "test_idx": 0,
  "prior": {
    "n_prior": 500,
    "a_err": 0.5178582072257996,
    "crps_a": 1.274636099881094,
    "coverage_95": 1.0,
    "ci_width": 5.0,
    "mean_std": 2.491666960431166
  },
  "prior_ood": {
    "n_prior": 500,
    "a_err": 0.38187375664711,
    "crps_a": 1.3208429964328179,
    "coverage_95": 1.0,
    "ci_width": 5.0,
    "mean_std": 2.491666960431166
  },
  "condition": null,
  "conditions": {
    "in_domain_data_only": {
      "sigma": 0.008800348639427004,
      "num_warmup": 15000,
      "num_samples": 5000,
      "num_chains": 4,
      "ess_min": 11133.7839054062,
      "rhat_max": 1.0003788254477604,
      "rhat_mean": 1.0000347715873985,
      "n_div": 0,
      "reliability_flag": "PASS",
      "reliability_explanation": "All diagnostics within thresholds",
      "a_err": 0.8204526305198669,
      "crps_a": 0.7073667447978598,
      "coverage_95": 1.0,
      "ci_width": 4.435196195005945,
      "mean_std": 1.8460415183471004,
      "cal_levels": [
        0.1,
        0.19444444444444445,
        0.28888888888888886,
        0.3833333333333333,
        0.47777777777777775,
        0.5722222222222222,
        0.6666666666666666,
        0.7611111111111111,
        0.8555555555555555,
        0.95
      ],
      "cal_empirical": [
        0.8263971462544589,
        0.8632580261593341,
        0.8894173602853745,
        0.9191438763376932,
        0.9536266349583828,
        0.9797859690844233,
        0.9821640903686087,
        0.9881093935790726,
        0.9928656361474435,
        1.0
      ],
      "nll_a": 0.43418613455896565,
      "u_err": null,
      "chi2_ppc": 266366.34784396156,
      "chi2_ppc_pvalue": 0.0,
      "map_a_err": 0.6399400234222412,
      "map_u_err": null,
      "label": "In-domain Data-Only",
      "warmup_time_s": 1860.1122014522552,
      "sampling_time_s": 586.9762260913849,
      "step_time_s": 0.030588605344295503,
      "spearman_rho_error_std": 0.8437177602260011,
      "spearman_pvalue_error_std": 6.5679427918686254e-229,
      "a_err_per_sample": 0.7306906917437911
    },
    "in_domain_physics": {
      "sigma": 0.008800348639427004,
      "num_warmup": 15000,
      "num_samples": 5000,
      "num_chains": 4,
      "ess_min": 5.983594826920224,
      "rhat_max": 1.2273518543242217,
      "rhat_mean": 1.0172684268627359,
      "n_div": 48,
      "reliability_flag": "FAIL",
      "reliability_explanation": "ESS_min=6.0 < 10; R-hat_max=1.227 > 1.2",
      "a_err": 0.7644873857498169,
      "crps_a": 0.8452630038198573,
      "coverage_95": 0.9774078478002378,
      "ci_width": 3.674346016646849,
      "mean_std": 1.5065238885772425,
      "cal_levels": [
        0.1,
        0.19444444444444445,
        0.28888888888888886,
        0.3833333333333333,
        0.47777777777777775,
        0.5722222222222222,
        0.6666666666666666,
        0.7611111111111111,
        0.8555555555555555,
        0.95
      ],
      "cal_empirical": [
        0.7752675386444708,
        0.8145065398335315,
        0.8466111771700356,
        0.8787158145065398,
        0.8989298454221165,
        0.9239001189060642,
        0.9346016646848989,
        0.9512485136741974,
        0.9631391200951248,
        0.9774078478002378
      ],
      "nll_a": 0.5481115806499413,
      "u_err": null,
      "chi2_ppc": 263591.25560720527,
      "chi2_ppc_pvalue": 0.0,
      "map_a_err": 0.6399400234222412,
      "map_u_err": null,
      "label": "In-domain Physics",
      "warmup_time_s": 19869.486029863358,
      "sampling_time_s": 6626.183669567108,
      "step_time_s": 0.3311958712428808,
      "spearman_rho_error_std": 0.7620081815274387,
      "spearman_pvalue_error_std": 1.681477670997151e-160,
      "a_err_per_sample": 0.7341917309433221
    },
    "ood_data_only": {
      "sigma": 0.008800348639427004,
      "num_warmup": 15000,
      "num_samples": 5000,
      "num_chains": 4,
      "ess_min": 17238.119081427456,
      "rhat_max": 1.0004390471562812,
      "rhat_mean": 0.9999866193711009,
      "n_div": 0,
      "reliability_flag": "PASS",
      "reliability_explanation": "All diagnostics within thresholds",
      "a_err": 0.947467565536499,
      "crps_a": 0.20620301510107017,
      "coverage_95": 0.9988109393579072,
      "ci_width": 2.669441141498216,
      "mean_std": 1.0526601385947716,
      "cal_levels": [
        0.1,
        0.19444444444444445,
        0.28888888888888886,
        0.3833333333333333,
        0.47777777777777775,
        0.5722222222222222,
        0.6666666666666666,
        0.7611111111111111,
        0.8555555555555555,
        0.95
      ],
      "cal_empirical": [
        0.9631391200951248,
        0.9678953626634959,
        0.9726516052318668,
        0.9774078478002378,
        0.9821640903686087,
        0.985731272294887,
        0.9892984542211652,
        0.9916765755053508,
        0.995243757431629,
        0.9988109393579072
      ],
      "nll_a": 0.15142311869927746,
      "u_err": null,
      "chi2_ppc": 321151.7455648905,
      "chi2_ppc_pvalue": 0.0,
      "map_a_err": 0.7401408553123474,
      "map_u_err": null,
      "label": "OOD Data-Only",
      "warmup_time_s": 1662.7557616233826,
      "sampling_time_s": 581.3772587776184,
      "step_time_s": 0.028051662755012512,
      "spearman_rho_error_std": 0.9890518005612544,
      "spearman_pvalue_error_std": 0.0,
      "a_err_per_sample": 0.8814840136826039
    },
    "ood_physics": {
      "sigma": 0.008800348639427004,
      "num_warmup": 15000,
      "num_samples": 5000,
      "num_chains": 4,
      "ess_min": 13.309372399606492,
      "rhat_max": 1.085758262602884,
      "rhat_mean": 1.0066328258066597,
      "n_div": 665,
      "reliability_flag": "WARN",
      "reliability_explanation": "ESS_min=13.3 < 50; R-hat_max=1.086 > 1.05; divergences=3.3% > 1%",
      "a_err": 0.7780731916427612,
      "crps_a": 0.6936247077140311,
      "coverage_95": 0.9548156956004756,
      "ci_width": 2.3483947681331747,
      "mean_std": 0.974533429767904,
      "cal_levels": [
        0.1,
        0.19444444444444445,
        0.28888888888888886,
        0.3833333333333333,
        0.47777777777777775,
        0.5722222222222222,
        0.6666666666666666,
        0.7611111111111111,
        0.8555555555555555,
        0.95
      ],
      "cal_empirical": [
        0.8263971462544589,
        0.8370986920332937,
        0.8478002378121284,
        0.8656361474435196,
        0.8727705112960761,
        0.9048751486325802,
        0.915576694411415,
        0.9262782401902497,
        0.9369797859690844,
        0.9548156956004756
      ],
      "nll_a": 0.6166904588141499,
      "u_err": null,
      "chi2_ppc": 319903.1394234158,
      "chi2_ppc_pvalue": 0.0,
      "map_a_err": 0.7401408553123474,
      "map_u_err": null,
      "label": "OOD Physics",
      "warmup_time_s": 18238.188482046127,
      "sampling_time_s": 5719.903485536575,
      "step_time_s": 0.2994761495947838,
      "spearman_rho_error_std": 0.798194440769699,
      "spearman_pvalue_error_std": 7.260199624624906e-187,
      "a_err_per_sample": 0.7646865957140923
    }
  },
  "sweep_var": null,
  "baseline": null,
  "sweep_conditions": null,
  "laplace": null,
  "map_time_s": 8.63667631149292,
  "total_time_s": 78061.74791145325,
  "sweep_value": null,
  "is_sweep_baseline": null
}