{
  "experiment": "ood",
  "problem": "darcy_continuous",
  "experiment_type": "comparison",
  "timestamp": "2026-06-15T23:29:33",
  "seed": 42,
  "test_idx": 2,
  "prior": {
    "n_prior": 500,
    "a_err": 0.2533440887928009,
    "crps_a": 0.37019044808630674,
    "coverage_95": 0.7443519619500595,
    "ci_width": 2.158489676421679,
    "mean_std": 0.5963447841903301
  },
  "prior_ood": {
    "n_prior": 500,
    "a_err": 0.2864629030227661,
    "crps_a": 0.5405686984408404,
    "coverage_95": 0.8894173602853745,
    "ci_width": 2.158489676421679,
    "mean_std": 0.5963447841903301
  },
  "condition": null,
  "conditions": {
    "in_domain_data_only": {
      "sigma": 0.005,
      "num_warmup": 5000,
      "num_samples": 2000,
      "num_chains": 4,
      "ess_min": 3061.0894400172847,
      "rhat_max": 1.001746418927272,
      "rhat_mean": 1.0011634753252956,
      "n_div": 0,
      "reliability_flag": "PASS",
      "reliability_explanation": "All diagnostics within thresholds",
      "a_err": 0.012105866686473173,
      "crps_a": 0.013744616920085547,
      "coverage_95": 0.9500594530321046,
      "ci_width": 0.0888388997877405,
      "mean_std": 0.022769056400071482,
      "cal_levels": [
        0.1,
        0.19444444444444445,
        0.28888888888888886,
        0.3833333333333333,
        0.47777777777777775,
        0.5722222222222222,
        0.6666666666666666,
        0.7611111111111111,
        0.8555555555555555,
        0.95
      ],
      "cal_empirical": [
        0.022592152199762187,
        0.04756242568370987,
        0.08085612366230678,
        0.12604042806183116,
        0.1902497027348395,
        0.2473246135552913,
        0.4054696789536266,
        0.6111771700356718,
        0.8525564803804994,
        0.9500594530321046
      ],
      "nll_a": -2.4631105384876504,
      "u_err": null,
      "chi2_ppc": 0.36901973340443445,
      "chi2_ppc_pvalue": 1.0,
      "map_a_err": 0.019202029332518578,
      "map_u_err": null,
      "label": "In-domain Data-Only",
      "warmup_time_s": 89.55140614509583,
      "sampling_time_s": 24.424578189849854,
      "step_time_s": 0.004070570869105203,
      "spearman_rho_error_std": 0.8265717731448212,
      "spearman_pvalue_error_std": 1.2296247557839585e-211,
      "a_err_per_sample": null
    },
    "in_domain_physics": {
      "sigma": 0.005,
      "num_warmup": 5000,
      "num_samples": 2000,
      "num_chains": 4,
      "ess_min": 2.002789592325298,
      "rhat_max": 27.786251849743742,
      "rhat_mean": 16.64984102172677,
      "n_div": 2,
      "reliability_flag": "FAIL",
      "reliability_explanation": "ESS_min=2.0 < 10; R-hat_max=27.786 > 1.2",
      "a_err": 0.027243143403497913,
      "crps_a": 0.019963354302689394,
      "coverage_95": 0.9916765755053508,
      "ci_width": 0.26972247098994623,
      "mean_std": 0.09767657106684649,
      "cal_levels": [
        0.1,
        0.19444444444444445,
        0.28888888888888886,
        0.3833333333333333,
        0.47777777777777775,
        0.5722222222222222,
        0.6666666666666666,
        0.7611111111111111,
        0.8555555555555555,
        0.95
      ],
      "cal_empirical": [
        0.1117717003567182,
        0.22473246135552913,
        0.38525564803804996,
        0.5326991676575505,
        0.6611177170035671,
        0.7728894173602854,
        0.8442330558858502,
        0.9215219976218787,
        0.9750297265160524,
        0.9916765755053508
      ],
      "nll_a": -1.4296238403584836,
      "u_err": null,
      "chi2_ppc": 5.65610640457252,
      "chi2_ppc_pvalue": 1.0,
      "map_a_err": 0.019202029332518578,
      "map_u_err": null,
      "label": "In-domain Physics",
      "warmup_time_s": 296.2135148048401,
      "sampling_time_s": 50.14371919631958,
      "step_time_s": 0.012369901214327132,
      "spearman_rho_error_std": 0.9238163762741448,
      "spearman_pvalue_error_std": 0.0,
      "a_err_per_sample": null
    },
    "ood_data_only": {
      "sigma": 0.005,
      "num_warmup": 5000,
      "num_samples": 2000,
      "num_chains": 4,
      "ess_min": 2.0062674210020996,
      "rhat_max": 17.749549866179994,
      "rhat_mean": 9.211710283633174,
      "n_div": 1,
      "reliability_flag": "FAIL",
      "reliability_explanation": "ESS_min=2.0 < 10; R-hat_max=17.750 > 1.2",
      "a_err": 0.19947761185185248,
      "crps_a": 0.39532034164980057,
      "coverage_95": 0.8775267538644471,
      "ci_width": 0.8625140806153204,
      "mean_std": 0.31945998159623823,
      "cal_levels": [
        0.1,
        0.19444444444444445,
        0.28888888888888886,
        0.3833333333333333,
        0.47777777777777775,
        0.5722222222222222,
        0.6666666666666666,
        0.7611111111111111,
        0.8555555555555555,
        0.95
      ],
      "cal_empirical": [
        0.0047562425683709865,
        0.013079667063020214,
        0.02140309155766944,
        0.027348394768133173,
        0.039239001189060645,
        0.4054696789536266,
        0.5683709869203329,
        0.7110582639714625,
        0.7871581450653984,
        0.8775267538644471
      ],
      "nll_a": 0.8219478428347379,
      "u_err": null,
      "chi2_ppc": 298.538680062009,
      "chi2_ppc_pvalue": 1.2143806198339963e-21,
      "map_a_err": 0.11311710625886917,
      "map_u_err": null,
      "label": "OOD Data-Only",
      "warmup_time_s": 1868.3357496261597,
      "sampling_time_s": 544.9881937503815,
      "step_time_s": 0.08619014083487647,
      "spearman_rho_error_std": 0.990506014500326,
      "spearman_pvalue_error_std": 0.0,
      "a_err_per_sample": null
    },
    "ood_physics": {
      "sigma": 0.005,
      "num_warmup": 5000,
      "num_samples": 2000,
      "num_chains": 4,
      "ess_min": 7741.043366452657,
      "rhat_max": 1.0000358073347781,
      "rhat_mean": 0.9998347816350979,
      "n_div": 0,
      "reliability_flag": "PASS",
      "reliability_explanation": "All diagnostics within thresholds",
      "a_err": 0.020008381396762767,
      "crps_a": 0.041408167519999366,
      "coverage_95": 0.4815695600475624,
      "ci_width": 0.1103192062668596,
      "mean_std": 0.02813729200719891,
      "cal_levels": [
        0.1,
        0.19444444444444445,
        0.28888888888888886,
        0.3833333333333333,
        0.47777777777777775,
        0.5722222222222222,
        0.6666666666666666,
        0.7611111111111111,
        0.8555555555555555,
        0.95
      ],
      "cal_empirical": [
        0.04518430439952437,
        0.08085612366230678,
        0.11771700356718193,
        0.15101070154577884,
        0.18906064209274673,
        0.22711058263971462,
        0.272294887039239,
        0.3234244946492271,
        0.3876337693222354,
        0.4815695600475624
      ],
      "nll_a": 0.29264185460720193,
      "u_err": null,
      "chi2_ppc": 2.4945426068115637,
      "chi2_ppc_pvalue": 1.0,
      "map_a_err": 0.11311710625886917,
      "map_u_err": null,
      "label": "OOD Physics",
      "warmup_time_s": 181.89203906059265,
      "sampling_time_s": 33.7119402885437,
      "step_time_s": 0.007700142119612012,
      "spearman_rho_error_std": 0.22340268646201802,
      "spearman_pvalue_error_std": 5.6762458762389536e-11,
      "a_err_per_sample": null
    }
  },
  "sweep_var": null,
  "baseline": null,
  "sweep_conditions": null,
  "laplace": null,
  "map_time_s": 7.517983675003052,
  "total_time_s": 17442.760370492935,
  "sweep_value": null,
  "is_sweep_baseline": null
}