{
  "experiment": "ood",
  "problem": "darcy_piecewise",
  "experiment_type": "comparison",
  "timestamp": "2026-06-16T04:38:46",
  "seed": 42,
  "test_idx": 2,
  "prior": {
    "n_prior": 500,
    "a_err": 0.36869123578071594,
    "crps_a": 1.3268358620689655,
    "coverage_95": 1.0,
    "ci_width": 5.0,
    "mean_std": 2.491666960431166
  },
  "prior_ood": {
    "n_prior": 500,
    "a_err": 0.389483243227005,
    "crps_a": 1.3335421640903684,
    "coverage_95": 1.0,
    "ci_width": 5.0,
    "mean_std": 2.491666960431166
  },
  "condition": null,
  "conditions": {
    "in_domain_data_only": {
      "sigma": 0.014624012348992528,
      "num_warmup": 15000,
      "num_samples": 5000,
      "num_chains": 4,
      "ess_min": 12618.498379401966,
      "rhat_max": 1.0004827026151268,
      "rhat_mean": 1.0000367559422754,
      "n_div": 0,
      "reliability_flag": "PASS",
      "reliability_explanation": "All diagnostics within thresholds",
      "a_err": 0.9732759594917297,
      "crps_a": 0.18199812672413795,
      "coverage_95": 1.0,
      "ci_width": 3.8525564803804992,
      "mean_std": 1.3899916308660187,
      "cal_levels": [
        0.1,
        0.19444444444444445,
        0.28888888888888886,
        0.3833333333333333,
        0.47777777777777775,
        0.5722222222222222,
        0.6666666666666666,
        0.7611111111111111,
        0.8555555555555555,
        0.95
      ],
      "cal_empirical": [
        0.990487514863258,
        0.9964328180737217,
        0.9988109393579072,
        1.0,
        1.0,
        1.0,
        1.0,
        1.0,
        1.0,
        1.0
      ],
      "nll_a": 0.1565309749665418,
      "u_err": null,
      "chi2_ppc": 115336.7292075577,
      "chi2_ppc_pvalue": 0.0,
      "map_a_err": 0.48957979679107666,
      "map_u_err": null,
      "label": "In-domain Data-Only",
      "warmup_time_s": 1040.6029171943665,
      "sampling_time_s": 332.4136266708374,
      "step_time_s": 0.01716270679831505,
      "spearman_rho_error_std": 0.9997581024704443,
      "spearman_pvalue_error_std": 0.0,
      "a_err_per_sample": 0.8515030957579612
    },
    "in_domain_physics": {
      "sigma": 0.014624012348992528,
      "num_warmup": 15000,
      "num_samples": 5000,
      "num_chains": 4,
      "ess_min": 14802.181666860939,
      "rhat_max": 1.000554051491981,
      "rhat_mean": 0.9999913583118084,
      "n_div": 0,
      "reliability_flag": "PASS",
      "reliability_explanation": "All diagnostics within thresholds",
      "a_err": 0.9731938242912292,
      "crps_a": 0.1806245737514863,
      "coverage_95": 1.0,
      "ci_width": 3.7934007134363723,
      "mean_std": 1.3829460711774353,
      "cal_levels": [
        0.1,
        0.19444444444444445,
        0.28888888888888886,
        0.3833333333333333,
        0.47777777777777775,
        0.5722222222222222,
        0.6666666666666666,
        0.7611111111111111,
        0.8555555555555555,
        0.95
      ],
      "cal_empirical": [
        0.9916765755053508,
        0.9964328180737217,
        0.9988109393579072,
        1.0,
        1.0,
        1.0,
        1.0,
        1.0,
        1.0,
        1.0
      ],
      "nll_a": 0.15539317960193796,
      "u_err": null,
      "chi2_ppc": 115334.24511003887,
      "chi2_ppc_pvalue": 0.0,
      "map_a_err": 0.48957979679107666,
      "map_u_err": null,
      "label": "In-domain Physics",
      "warmup_time_s": 1528.9887263774872,
      "sampling_time_s": 612.2080943584442,
      "step_time_s": 0.026764960259199142,
      "spearman_rho_error_std": 0.9997863966846303,
      "spearman_pvalue_error_std": 0.0,
      "a_err_per_sample": 0.8526325074166059
    },
    "ood_data_only": {
      "sigma": 0.014624012348992528,
      "num_warmup": 15000,
      "num_samples": 5000,
      "num_chains": 4,
      "ess_min": 12884.449121709875,
      "rhat_max": 1.0008248120013152,
      "rhat_mean": 1.0000596353106408,
      "n_div": 0,
      "reliability_flag": "PASS",
      "reliability_explanation": "All diagnostics within thresholds",
      "a_err": 0.8673024773597717,
      "crps_a": 0.508428767449465,
      "coverage_95": 1.0,
      "ci_width": 4.643281807372176,
      "mean_std": 1.8006795683297103,
      "cal_levels": [
        0.1,
        0.19444444444444445,
        0.28888888888888886,
        0.3833333333333333,
        0.47777777777777775,
        0.5722222222222222,
        0.6666666666666666,
        0.7611111111111111,
        0.8555555555555555,
        0.95
      ],
      "cal_empirical": [
        0.896551724137931,
        0.9131985731272295,
        0.9381688466111772,
        0.9536266349583828,
        0.9631391200951248,
        0.976218787158145,
        0.9785969084423306,
        0.9869203329369798,
        1.0,
        1.0
      ],
      "nll_a": 0.3396752973079115,
      "u_err": null,
      "chi2_ppc": 115016.26618671977,
      "chi2_ppc_pvalue": 0.0,
      "map_a_err": 0.49378687143325806,
      "map_u_err": null,
      "label": "OOD Data-Only",
      "warmup_time_s": 1251.124668598175,
      "sampling_time_s": 465.7480893135071,
      "step_time_s": 0.021460909473896027,
      "spearman_rho_error_std": 0.9185918031412432,
      "spearman_pvalue_error_std": 0.0,
      "a_err_per_sample": 0.7378068679988384
    },
    "ood_physics": {
      "sigma": 0.014624012348992528,
      "num_warmup": 15000,
      "num_samples": 5000,
      "num_chains": 4,
      "ess_min": 13920.880355925401,
      "rhat_max": 1.0006665792417493,
      "rhat_mean": 1.0000314172273013,
      "n_div": 0,
      "reliability_flag": "PASS",
      "reliability_explanation": "All diagnostics within thresholds",
      "a_err": 0.8659070730209351,
      "crps_a": 0.5098311181331747,
      "coverage_95": 1.0,
      "ci_width": 4.637336504161712,
      "mean_std": 1.7962373119693402,
      "cal_levels": [
        0.1,
        0.19444444444444445,
        0.28888888888888886,
        0.3833333333333333,
        0.47777777777777775,
        0.5722222222222222,
        0.6666666666666666,
        0.7611111111111111,
        0.8555555555555555,
        0.95
      ],
      "cal_empirical": [
        0.896551724137931,
        0.9131985731272295,
        0.9381688466111772,
        0.9548156956004756,
        0.9631391200951248,
        0.9750297265160524,
        0.9785969084423306,
        0.9845422116527943,
        1.0,
        1.0
      ],
      "nll_a": 0.34052579306743663,
      "u_err": null,
      "chi2_ppc": 115011.64570598619,
      "chi2_ppc_pvalue": 0.0,
      "map_a_err": 0.49378687143325806,
      "map_u_err": null,
      "label": "OOD Physics",
      "warmup_time_s": 1840.1342186927795,
      "sampling_time_s": 675.1061820983887,
      "step_time_s": 0.031440505009889604,
      "spearman_rho_error_std": 0.9167025378782209,
      "spearman_pvalue_error_std": 0.0,
      "a_err_per_sample": 0.7381098420217633
    }
  },
  "sweep_var": null,
  "baseline": null,
  "sweep_conditions": null,
  "laplace": null,
  "map_time_s": 8.747476577758789,
  "total_time_s": 30020.966604232788,
  "sweep_value": null,
  "is_sweep_baseline": null
}