{
  "experiment": "ood",
  "problem": "darcy_piecewise",
  "experiment_type": "comparison",
  "timestamp": "2026-06-10T18:54:48",
  "seed": 42,
  "test_idx": 1,
  "prior": {
    "n_prior": 500,
    "a_err": 0.5818139314651489,
    "crps_a": 1.242674149821641,
    "coverage_95": 1.0,
    "ci_width": 5.0,
    "mean_std": 2.491666960431166
  },
  "prior_ood": {
    "n_prior": 500,
    "a_err": 0.627592921257019,
    "crps_a": 1.2192734363852555,
    "coverage_95": 1.0,
    "ci_width": 5.0,
    "mean_std": 2.491666960431166
  },
  "condition": null,
  "conditions": {
    "in_domain_data_only": {
      "sigma": 0.01183766100393081,
      "num_warmup": 15000,
      "num_samples": 5000,
      "num_chains": 4,
      "ess_min": 17877.53422623908,
      "rhat_max": 1.000313474737042,
      "rhat_mean": 0.9999701301941937,
      "n_div": 0,
      "reliability_flag": "PASS",
      "reliability_explanation": "All diagnostics within thresholds",
      "a_err": 0.903526782989502,
      "crps_a": 0.39028103286266347,
      "coverage_95": 1.0,
      "ci_width": 4.958531510107015,
      "mean_std": 1.6925679577806687,
      "cal_levels": [
        0.1,
        0.19444444444444445,
        0.28888888888888886,
        0.3833333333333333,
        0.47777777777777775,
        0.5722222222222222,
        0.6666666666666666,
        0.7611111111111111,
        0.8555555555555555,
        0.95
      ],
      "cal_empirical": [
        0.9274673008323424,
        0.9357907253269917,
        0.9464922711058263,
        0.9607609988109393,
        0.9750297265160524,
        0.9833531510107015,
        0.990487514863258,
        0.9988109393579072,
        1.0,
        1.0
      ],
      "nll_a": 0.2732378465000098,
      "u_err": null,
      "chi2_ppc": 158559.4667136545,
      "chi2_ppc_pvalue": 0.0,
      "map_a_err": 0.7488452792167664,
      "map_u_err": null,
      "label": "In-domain Data-Only",
      "warmup_time_s": 1461.6929943561554,
      "sampling_time_s": 539.4550297260284,
      "step_time_s": 0.025014350301027298,
      "spearman_rho_error_std": 0.9707437910315048,
      "spearman_pvalue_error_std": 0.0,
      "a_err_per_sample": 0.7875886193811893
    },
    "in_domain_physics": {
      "sigma": 0.01183766100393081,
      "num_warmup": 15000,
      "num_samples": 5000,
      "num_chains": 4,
      "ess_min": 21.37920913581099,
      "rhat_max": 1.0803358744523381,
      "rhat_mean": 1.002520670197201,
      "n_div": 171,
      "reliability_flag": "WARN",
      "reliability_explanation": "ESS_min=21.4 < 50; R-hat_max=1.080 > 1.05",
      "a_err": 0.8663790822029114,
      "crps_a": 0.5052729440992866,
      "coverage_95": 0.9916765755053508,
      "ci_width": 2.9072532699167657,
      "mean_std": 1.159911242729948,
      "cal_levels": [
        0.1,
        0.19444444444444445,
        0.28888888888888886,
        0.3833333333333333,
        0.47777777777777775,
        0.5722222222222222,
        0.6666666666666666,
        0.7611111111111111,
        0.8555555555555555,
        0.95
      ],
      "cal_empirical": [
        0.8787158145065398,
        0.8929845422116528,
        0.8989298454221165,
        0.915576694411415,
        0.925089179548157,
        0.9369797859690844,
        0.9512485136741974,
        0.9655172413793104,
        0.9797859690844233,
        0.9916765755053508
      ],
      "nll_a": 0.3304437558538077,
      "u_err": null,
      "chi2_ppc": 158830.49636600167,
      "chi2_ppc_pvalue": 0.0,
      "map_a_err": 0.7488452792167664,
      "map_u_err": null,
      "label": "In-domain Physics",
      "warmup_time_s": 19258.807766199112,
      "sampling_time_s": 6500.6046414375305,
      "step_time_s": 0.32199265509545805,
      "spearman_rho_error_std": 0.9261384818890409,
      "spearman_pvalue_error_std": 0.0,
      "a_err_per_sample": 0.8143826812803745
    },
    "ood_data_only": {
      "sigma": 0.01183766100393081,
      "num_warmup": 15000,
      "num_samples": 5000,
      "num_chains": 4,
      "ess_min": 16616.076560645786,
      "rhat_max": 1.000295569736304,
      "rhat_mean": 0.9999849849883162,
      "n_div": 0,
      "reliability_flag": "PASS",
      "reliability_explanation": "All diagnostics within thresholds",
      "a_err": 0.8702871799468994,
      "crps_a": 0.5685794849881094,
      "coverage_95": 1.0,
      "ci_width": 4.673008323424495,
      "mean_std": 1.7581512985159062,
      "cal_levels": [
        0.1,
        0.19444444444444445,
        0.28888888888888886,
        0.3833333333333333,
        0.47777777777777775,
        0.5722222222222222,
        0.6666666666666666,
        0.7611111111111111,
        0.8555555555555555,
        0.95
      ],
      "cal_empirical": [
        0.8608799048751486,
        0.8834720570749108,
        0.8977407847800237,
        0.9191438763376932,
        0.9429250891795482,
        0.9595719381688466,
        0.9667063020214031,
        0.9785969084423306,
        0.995243757431629,
        1.0
      ],
      "nll_a": 0.3698065607560106,
      "u_err": null,
      "chi2_ppc": 139082.59684813194,
      "chi2_ppc_pvalue": 0.0,
      "map_a_err": 0.5679963231086731,
      "map_u_err": null,
      "label": "OOD Data-Only",
      "warmup_time_s": 1463.267259836197,
      "sampling_time_s": 549.3659381866455,
      "step_time_s": 0.02515791497528553,
      "spearman_rho_error_std": 0.8808169493995014,
      "spearman_pvalue_error_std": 1.1356535852629919e-274,
      "a_err_per_sample": 0.7813329003185033
    },
    "ood_physics": {
      "sigma": 0.01183766100393081,
      "num_warmup": 15000,
      "num_samples": 5000,
      "num_chains": 4,
      "ess_min": 3.227668684920572,
      "rhat_max": 1.6181128027541374,
      "rhat_mean": 1.1050954687622512,
      "n_div": 34,
      "reliability_flag": "FAIL",
      "reliability_explanation": "ESS_min=3.2 < 10; R-hat_max=1.618 > 1.2",
      "a_err": 0.7927386164665222,
      "crps_a": 0.9492718809007135,
      "coverage_95": 0.9595719381688466,
      "ci_width": 4.078478002378121,
      "mean_std": 1.669875000803153,
      "cal_levels": [
        0.1,
        0.19444444444444445,
        0.28888888888888886,
        0.3833333333333333,
        0.47777777777777775,
        0.5722222222222222,
        0.6666666666666666,
        0.7611111111111111,
        0.8555555555555555,
        0.95
      ],
      "cal_empirical": [
        0.7942925089179548,
        0.8228299643281808,
        0.8430439952437574,
        0.8573127229488704,
        0.8751486325802615,
        0.8882282996432818,
        0.9001189060642093,
        0.9286563614744352,
        0.9488703923900119,
        0.9595719381688466
      ],
      "nll_a": 0.8263233297238043,
      "u_err": null,
      "chi2_ppc": 136090.8519415469,
      "chi2_ppc_pvalue": 0.0,
      "map_a_err": 0.5679963231086731,
      "map_u_err": null,
      "label": "OOD Physics",
      "warmup_time_s": 19461.31116271019,
      "sampling_time_s": 6499.679636478424,
      "step_time_s": 0.3245123849898577,
      "spearman_rho_error_std": 0.5855902197495593,
      "spearman_pvalue_error_std": 1.4566070616218098e-78,
      "a_err_per_sample": 0.7100870760142803
    }
  },
  "sweep_var": null,
  "baseline": null,
  "sweep_conditions": null,
  "laplace": null,
  "map_time_s": 8.857319593429565,
  "total_time_s": 77262.00314617157,
  "sweep_value": null,
  "is_sweep_baseline": null
}