{
  "experiment": "ood",
  "problem": "darcy_piecewise",
  "experiment_type": "comparison",
  "timestamp": "2026-06-16T18:36:36",
  "seed": 123,
  "test_idx": 1,
  "prior": {
    "n_prior": 500,
    "a_err": 0.515845537185669,
    "crps_a": 1.2613396670630201,
    "coverage_95": 1.0,
    "ci_width": 5.0,
    "mean_std": 2.492686544094343
  },
  "prior_ood": {
    "n_prior": 500,
    "a_err": 0.6861166954040527,
    "crps_a": 1.197582235434007,
    "coverage_95": 1.0,
    "ci_width": 5.0,
    "mean_std": 2.492686544094343
  },
  "condition": null,
  "conditions": {
    "in_domain_data_only": {
      "sigma": 0.01183766100393081,
      "num_warmup": 15000,
      "num_samples": 5000,
      "num_chains": 4,
      "ess_min": 18473.869930186836,
      "rhat_max": 1.0004156479863728,
      "rhat_mean": 0.9999649902402027,
      "n_div": 0,
      "reliability_flag": "PASS",
      "reliability_explanation": "All diagnostics within thresholds",
      "a_err": 0.8935002088546753,
      "crps_a": 0.3707684752824019,
      "coverage_95": 1.0,
      "ci_width": 4.863258026159334,
      "mean_std": 1.6853603724255497,
      "cal_levels": [
        0.1,
        0.19444444444444445,
        0.28888888888888886,
        0.3833333333333333,
        0.47777777777777775,
        0.5722222222222222,
        0.6666666666666666,
        0.7611111111111111,
        0.8555555555555555,
        0.95
      ],
      "cal_empirical": [
        0.9227110582639715,
        0.9464922711058263,
        0.9607609988109393,
        0.9797859690844233,
        0.9892984542211652,
        0.9976218787158145,
        1.0,
        1.0,
        1.0,
        1.0
      ],
      "nll_a": 0.2609793088079433,
      "u_err": null,
      "chi2_ppc": 142260.19831759238,
      "chi2_ppc_pvalue": 0.0,
      "map_a_err": 0.5838980674743652,
      "map_u_err": null,
      "label": "In-domain Data-Only",
      "warmup_time_s": 1453.273231267929,
      "sampling_time_s": 555.4982252120972,
      "step_time_s": 0.02510964320600033,
      "spearman_rho_error_std": 0.9839807178057699,
      "spearman_pvalue_error_std": 0.0,
      "a_err_per_sample": 0.7899786242872476
    },
    "in_domain_physics": {
      "sigma": 0.01183766100393081,
      "num_warmup": 15000,
      "num_samples": 5000,
      "num_chains": 4,
      "ess_min": 161.05300730263858,
      "rhat_max": 1.0275290573488594,
      "rhat_mean": 1.0015879622490333,
      "n_div": 254,
      "reliability_flag": "WARN",
      "reliability_explanation": "divergences=1.3% > 1%",
      "a_err": 0.8540022373199463,
      "crps_a": 0.48879744146848986,
      "coverage_95": 0.9940546967895363,
      "ci_width": 2.7884958382877527,
      "mean_std": 1.1360158150031856,
      "cal_levels": [
        0.1,
        0.19444444444444445,
        0.28888888888888886,
        0.3833333333333333,
        0.47777777777777775,
        0.5722222222222222,
        0.6666666666666666,
        0.7611111111111111,
        0.8555555555555555,
        0.95
      ],
      "cal_empirical": [
        0.8715814506539834,
        0.8846611177170036,
        0.9072532699167658,
        0.9191438763376932,
        0.9310344827586207,
        0.9441141498216409,
        0.9571938168846611,
        0.9667063020214031,
        0.9821640903686087,
        0.9940546967895363
      ],
      "nll_a": 0.31343995667006047,
      "u_err": null,
      "chi2_ppc": 142993.5375928423,
      "chi2_ppc_pvalue": 0.0,
      "map_a_err": 0.5838980674743652,
      "map_u_err": null,
      "label": "In-domain Physics",
      "warmup_time_s": 19048.789647340775,
      "sampling_time_s": 6489.854880809784,
      "step_time_s": 0.319233056601882,
      "spearman_rho_error_std": 0.9385017069894592,
      "spearman_pvalue_error_std": 0.0,
      "a_err_per_sample": 0.8208367343008518
    },
    "ood_data_only": {
      "sigma": 0.01183766100393081,
      "num_warmup": 15000,
      "num_samples": 5000,
      "num_chains": 4,
      "ess_min": 11444.83506762457,
      "rhat_max": 1.0005024548640102,
      "rhat_mean": 1.0000673311295387,
      "n_div": 0,
      "reliability_flag": "PASS",
      "reliability_explanation": "All diagnostics within thresholds",
      "a_err": 0.8614871501922607,
      "crps_a": 0.5779466833680142,
      "coverage_95": 1.0,
      "ci_width": 4.95243757431629,
      "mean_std": 1.775650386401292,
      "cal_levels": [
        0.1,
        0.19444444444444445,
        0.28888888888888886,
        0.3833333333333333,
        0.47777777777777775,
        0.5722222222222222,
        0.6666666666666666,
        0.7611111111111111,
        0.8555555555555555,
        0.95
      ],
      "cal_empirical": [
        0.8561236623067776,
        0.8668252080856124,
        0.8906064209274673,
        0.9108204518430439,
        0.9453032104637337,
        0.9619500594530321,
        0.9714625445897741,
        0.9797859690844233,
        1.0,
        1.0
      ],
      "nll_a": 0.372230469513603,
      "u_err": null,
      "chi2_ppc": 118148.17187827265,
      "chi2_ppc_pvalue": 0.0,
      "map_a_err": 0.5766557455062866,
      "map_u_err": null,
      "label": "OOD Data-Only",
      "warmup_time_s": 1437.8289008140564,
      "sampling_time_s": 451.73816895484924,
      "step_time_s": 0.02361958837211132,
      "spearman_rho_error_std": 0.8927145496900923,
      "spearman_pvalue_error_std": 1.0918706947876131e-292,
      "a_err_per_sample": 0.7775804800599814
    },
    "ood_physics": {
      "sigma": 0.01183766100393081,
      "num_warmup": 15000,
      "num_samples": 5000,
      "num_chains": 4,
      "ess_min": 13.918573544021697,
      "rhat_max": 1.0944901046813553,
      "rhat_mean": 1.0082301471466462,
      "n_div": 56,
      "reliability_flag": "WARN",
      "reliability_explanation": "ESS_min=13.9 < 50; R-hat_max=1.094 > 1.05",
      "a_err": 0.7824965715408325,
      "crps_a": 1.0972580040725326,
      "coverage_95": 0.9571938168846611,
      "ci_width": 4.227110582639715,
      "mean_std": 1.7102068759652782,
      "cal_levels": [
        0.1,
        0.19444444444444445,
        0.28888888888888886,
        0.3833333333333333,
        0.47777777777777775,
        0.5722222222222222,
        0.6666666666666666,
        0.7611111111111111,
        0.8555555555555555,
        0.95
      ],
      "cal_empirical": [
        0.7538644470868014,
        0.7776456599286563,
        0.7931034482758621,
        0.8109393579072532,
        0.8442330558858502,
        0.8703923900118906,
        0.8846611177170036,
        0.8977407847800237,
        0.920332936979786,
        0.9571938168846611
      ],
      "nll_a": 0.921944531876427,
      "u_err": null,
      "chi2_ppc": 114799.30154114334,
      "chi2_ppc_pvalue": 0.0,
      "map_a_err": 0.5766557455062866,
      "map_u_err": null,
      "label": "OOD Physics",
      "warmup_time_s": 19583.07149529457,
      "sampling_time_s": 6495.361546039581,
      "step_time_s": 0.3259804130166769,
      "spearman_rho_error_std": 0.45757725570837454,
      "spearman_pvalue_error_std": 9.456516321297871e-45,
      "a_err_per_sample": 0.6846522031292319
    }
  },
  "sweep_var": null,
  "baseline": null,
  "sweep_conditions": null,
  "laplace": null,
  "map_time_s": 9.286632537841797,
  "total_time_s": 78664.92527508736,
  "sweep_value": null,
  "is_sweep_baseline": null
}