{
  "experiment": "ood",
  "problem": "darcy_continuous",
  "experiment_type": "comparison",
  "timestamp": "2026-06-16T04:53:01",
  "seed": 7,
  "test_idx": 1,
  "prior": {
    "n_prior": 500,
    "a_err": 0.32399487495422363,
    "crps_a": 0.42097534412284404,
    "coverage_95": 0.9322235434007135,
    "ci_width": 2.190958680701288,
    "mean_std": 0.6019103789100294
  },
  "prior_ood": {
    "n_prior": 500,
    "a_err": 0.3237943649291992,
    "crps_a": 0.6562254625299514,
    "coverage_95": 0.7705112960760999,
    "ci_width": 2.190958680701288,
    "mean_std": 0.6019103789100294
  },
  "condition": null,
  "conditions": {
    "in_domain_data_only": {
      "sigma": 0.005,
      "num_warmup": 5000,
      "num_samples": 2000,
      "num_chains": 4,
      "ess_min": 1323.5290517385872,
      "rhat_max": 1.0029103433979847,
      "rhat_mean": 1.0019003178100394,
      "n_div": 1,
      "reliability_flag": "PASS",
      "reliability_explanation": "All diagnostics within thresholds",
      "a_err": 0.0016939576698130384,
      "crps_a": 0.002899416029259319,
      "coverage_95": 0.9976218787158145,
      "ci_width": 0.03982372225863773,
      "mean_std": 0.010192775709992498,
      "cal_levels": [
        0.1,
        0.19444444444444445,
        0.28888888888888886,
        0.3833333333333333,
        0.47777777777777775,
        0.5722222222222222,
        0.6666666666666666,
        0.7611111111111111,
        0.8555555555555555,
        0.95
      ],
      "cal_empirical": [
        0.2164090368608799,
        0.4589774078478002,
        0.6551724137931034,
        0.7788347205707491,
        0.8442330558858502,
        0.8810939357907254,
        0.9120095124851367,
        0.9441141498216409,
        0.9833531510107015,
        0.9976218787158145
      ],
      "nll_a": -3.628460003348828,
      "u_err": null,
      "chi2_ppc": 0.7252895556339859,
      "chi2_ppc_pvalue": 1.0,
      "map_a_err": 0.002618638565763831,
      "map_u_err": null,
      "label": "In-domain Data-Only",
      "warmup_time_s": 159.3162820339203,
      "sampling_time_s": 49.34208822250366,
      "step_time_s": 0.007452084652015141,
      "spearman_rho_error_std": 0.22701479607831898,
      "spearman_pvalue_error_std": 2.7235983795188532e-11,
      "a_err_per_sample": null
    },
    "in_domain_physics": {
      "sigma": 0.005,
      "num_warmup": 5000,
      "num_samples": 2000,
      "num_chains": 4,
      "ess_min": 2.0024808092995707,
      "rhat_max": 29.92068587050798,
      "rhat_mean": 14.439641823173938,
      "n_div": 0,
      "reliability_flag": "FAIL",
      "reliability_explanation": "ESS_min=2.0 < 10; R-hat_max=29.921 > 1.2",
      "a_err": 0.1256222562018948,
      "crps_a": 0.12737450612632792,
      "coverage_95": 0.9964328180737217,
      "ci_width": 0.528550979879919,
      "mean_std": 0.25392538969964973,
      "cal_levels": [
        0.1,
        0.19444444444444445,
        0.28888888888888886,
        0.3833333333333333,
        0.47777777777777775,
        0.5722222222222222,
        0.6666666666666666,
        0.7611111111111111,
        0.8555555555555555,
        0.95
      ],
      "cal_empirical": [
        0.11414982164090369,
        0.1700356718192628,
        0.22829964328180738,
        0.3697978596908442,
        0.638525564803805,
        0.8692033293697978,
        0.9560047562425684,
        0.976218787158145,
        0.9881093935790726,
        0.9964328180737217
      ],
      "nll_a": -0.29295058558114073,
      "u_err": null,
      "chi2_ppc": 1764.2917743419875,
      "chi2_ppc_pvalue": 2.8911668039929307e-302,
      "map_a_err": 0.002618638565763831,
      "map_u_err": null,
      "label": "In-domain Physics",
      "warmup_time_s": 10751.241693735123,
      "sampling_time_s": 4306.910493373871,
      "step_time_s": 0.5377911495396069,
      "spearman_rho_error_std": 0.9997880107019491,
      "spearman_pvalue_error_std": 0.0,
      "a_err_per_sample": null
    },
    "ood_data_only": {
      "sigma": 0.005,
      "num_warmup": 5000,
      "num_samples": 2000,
      "num_chains": 4,
      "ess_min": 2.0089597710661846,
      "rhat_max": 14.436448099763274,
      "rhat_mean": 7.632390980864396,
      "n_div": 4,
      "reliability_flag": "FAIL",
      "reliability_explanation": "ESS_min=2.0 < 10; R-hat_max=14.436 > 1.2",
      "a_err": 0.07905586490584618,
      "crps_a": 0.07401224568226936,
      "coverage_95": 0.9988109393579072,
      "ci_width": 1.1575433814076497,
      "mean_std": 0.4539658922543008,
      "cal_levels": [
        0.1,
        0.19444444444444445,
        0.28888888888888886,
        0.3833333333333333,
        0.47777777777777775,
        0.5722222222222222,
        0.6666666666666666,
        0.7611111111111111,
        0.8555555555555555,
        0.95
      ],
      "cal_empirical": [
        0.5005945303210464,
        0.6111771700356718,
        0.7122473246135553,
        0.906064209274673,
        0.9976218787158145,
        0.9988109393579072,
        0.9988109393579072,
        0.9988109393579072,
        0.9988109393579072,
        0.9988109393579072
      ],
      "nll_a": 0.19176222562577228,
      "u_err": null,
      "chi2_ppc": 25.01506296915997,
      "chi2_ppc_pvalue": 0.9999999999999989,
      "map_a_err": 0.030346428975462914,
      "map_u_err": null,
      "label": "OOD Data-Only",
      "warmup_time_s": 703.2548282146454,
      "sampling_time_s": 308.8814070224762,
      "step_time_s": 0.03614772268704006,
      "spearman_rho_error_std": 0.9924709301504542,
      "spearman_pvalue_error_std": 0.0,
      "a_err_per_sample": null
    },
    "ood_physics": {
      "sigma": 0.005,
      "num_warmup": 5000,
      "num_samples": 2000,
      "num_chains": 4,
      "ess_min": 2.005315809756234,
      "rhat_max": 19.141238090300035,
      "rhat_mean": 6.899084027915798,
      "n_div": 0,
      "reliability_flag": "FAIL",
      "reliability_explanation": "ESS_min=2.0 < 10; R-hat_max=19.141 > 1.2",
      "a_err": 0.06669793367606493,
      "crps_a": 0.05932025000623582,
      "coverage_95": 1.0,
      "ci_width": 0.9059861803302065,
      "mean_std": 0.3569518792611018,
      "cal_levels": [
        0.1,
        0.19444444444444445,
        0.28888888888888886,
        0.3833333333333333,
        0.47777777777777775,
        0.5722222222222222,
        0.6666666666666666,
        0.7611111111111111,
        0.8555555555555555,
        0.95
      ],
      "cal_empirical": [
        0.48513674197384066,
        0.5790725326991677,
        0.6646848989298454,
        0.7538644470868014,
        0.8466111771700356,
        0.9881093935790726,
        0.9976218787158145,
        0.9988109393579072,
        1.0,
        1.0
      ],
      "nll_a": -0.19696154698027174,
      "u_err": null,
      "chi2_ppc": 38.572171977624144,
      "chi2_ppc_pvalue": 0.9999999959570545,
      "map_a_err": 0.030346428975462914,
      "map_u_err": null,
      "label": "OOD Physics",
      "warmup_time_s": 1097.468053817749,
      "sampling_time_s": 254.36666655540466,
      "step_time_s": 0.04827981144189834,
      "spearman_rho_error_std": 0.9924802102301176,
      "spearman_pvalue_error_std": 0.0,
      "a_err_per_sample": null
    }
  },
  "sweep_var": null,
  "baseline": null,
  "sweep_conditions": null,
  "laplace": null,
  "map_time_s": 7.485554218292236,
  "total_time_s": 32833.36934566498,
  "sweep_value": null,
  "is_sweep_baseline": null
}