{
  "experiment": "ood",
  "problem": "darcy_continuous",
  "experiment_type": "comparison",
  "timestamp": "2026-06-16T00:50:14",
  "seed": 123,
  "test_idx": 0,
  "prior": {
    "n_prior": 500,
    "a_err": 0.2781877815723419,
    "crps_a": 0.3326806325144244,
    "coverage_95": 0.9690844233055886,
    "ci_width": 2.17735216817791,
    "mean_std": 0.6057059821755985
  },
  "prior_ood": {
    "n_prior": 500,
    "a_err": 0.35304024815559387,
    "crps_a": 0.7868634462706473,
    "coverage_95": 0.6409036860879905,
    "ci_width": 2.17735216817791,
    "mean_std": 0.6057059821755985
  },
  "condition": null,
  "conditions": {
    "in_domain_data_only": {
      "sigma": 0.15,
      "num_warmup": 5000,
      "num_samples": 2000,
      "num_chains": 4,
      "ess_min": 479.04820226244686,
      "rhat_max": 1.005530999332747,
      "rhat_mean": 1.003680376860131,
      "n_div": 30,
      "reliability_flag": "PASS",
      "reliability_explanation": "All diagnostics within thresholds",
      "a_err": 0.022931258978628796,
      "crps_a": 0.03363693492927289,
      "coverage_95": 0.9988109393579072,
      "ci_width": 0.4838458227388835,
      "mean_std": 0.12351643035710659,
      "cal_levels": [
        0.1,
        0.19444444444444445,
        0.28888888888888886,
        0.3833333333333333,
        0.47777777777777775,
        0.5722222222222222,
        0.6666666666666666,
        0.7611111111111111,
        0.8555555555555555,
        0.95
      ],
      "cal_empirical": [
        0.17479191438763378,
        0.4304399524375743,
        0.6183115338882283,
        0.7645659928656362,
        0.901307966706302,
        0.9512485136741974,
        0.9667063020214031,
        0.9809750297265161,
        0.9940546967895363,
        0.9988109393579072
      ],
      "nll_a": -1.1982816792004476,
      "u_err": null,
      "chi2_ppc": 0.6052459143907476,
      "chi2_ppc_pvalue": 1.0,
      "map_a_err": 0.00830132607370615,
      "map_u_err": null,
      "label": "In-domain Data-Only",
      "warmup_time_s": 462.9177451133728,
      "sampling_time_s": 150.8044674396515,
      "step_time_s": 0.021918650448322297,
      "spearman_rho_error_std": 0.518526044947057,
      "spearman_pvalue_error_std": 4.673982900587517e-59,
      "a_err_per_sample": null
    },
    "in_domain_physics": {
      "sigma": 0.15,
      "num_warmup": 5000,
      "num_samples": 2000,
      "num_chains": 4,
      "ess_min": 574.9460139260657,
      "rhat_max": 1.0068765245736568,
      "rhat_mean": 1.0047804925738129,
      "n_div": 27,
      "reliability_flag": "PASS",
      "reliability_explanation": "All diagnostics within thresholds",
      "a_err": 0.023270406181463133,
      "crps_a": 0.03442486560974637,
      "coverage_95": 0.9988109393579072,
      "ci_width": 0.4754119309811163,
      "mean_std": 0.12194462083418764,
      "cal_levels": [
        0.1,
        0.19444444444444445,
        0.28888888888888886,
        0.3833333333333333,
        0.47777777777777775,
        0.5722222222222222,
        0.6666666666666666,
        0.7611111111111111,
        0.8555555555555555,
        0.95
      ],
      "cal_empirical": [
        0.17360285374554102,
        0.4102259215219976,
        0.5921521997621879,
        0.7407847800237812,
        0.9072532699167658,
        0.9512485136741974,
        0.9667063020214031,
        0.9845422116527943,
        0.9940546967895363,
        0.9988109393579072
      ],
      "nll_a": -1.210793102830904,
      "u_err": null,
      "chi2_ppc": 0.6061325178403061,
      "chi2_ppc_pvalue": 1.0,
      "map_a_err": 0.00830132607370615,
      "map_u_err": null,
      "label": "In-domain Physics",
      "warmup_time_s": 1137.2445123195648,
      "sampling_time_s": 357.3994572162628,
      "step_time_s": 0.053380141769136705,
      "spearman_rho_error_std": 0.5406359759637867,
      "spearman_pvalue_error_std": 5.257761100404926e-65,
      "a_err_per_sample": null
    },
    "ood_data_only": {
      "sigma": 0.15,
      "num_warmup": 5000,
      "num_samples": 2000,
      "num_chains": 4,
      "ess_min": 8.03525904414101,
      "rhat_max": 1.373092463930059,
      "rhat_mean": 1.213597314549667,
      "n_div": 63,
      "reliability_flag": "FAIL",
      "reliability_explanation": "ESS_min=8.0 < 10; R-hat_max=1.373 > 1.2",
      "a_err": 0.1624470264759498,
      "crps_a": 0.3110713804636734,
      "coverage_95": 0.8418549346016647,
      "ci_width": 1.4435829982474255,
      "mean_std": 0.4256468818859698,
      "cal_levels": [
        0.1,
        0.19444444444444445,
        0.28888888888888886,
        0.3833333333333333,
        0.47777777777777775,
        0.5722222222222222,
        0.6666666666666666,
        0.7611111111111111,
        0.8555555555555555,
        0.95
      ],
      "cal_empirical": [
        0.06302021403091558,
        0.12604042806183116,
        0.19976218787158145,
        0.29369797859690844,
        0.40784780023781214,
        0.4887039239001189,
        0.5624256837098692,
        0.6076099881093936,
        0.6825208085612366,
        0.8418549346016647
      ],
      "nll_a": 0.7349553166163177,
      "u_err": null,
      "chi2_ppc": 1.0534998879434077,
      "chi2_ppc_pvalue": 1.0,
      "map_a_err": 0.07281402498483658,
      "map_u_err": null,
      "label": "OOD Data-Only",
      "warmup_time_s": 1324.347528219223,
      "sampling_time_s": 410.015260219574,
      "step_time_s": 0.061941528158528464,
      "spearman_rho_error_std": 0.6219270730991874,
      "spearman_pvalue_error_std": 3.5194188185269767e-91,
      "a_err_per_sample": null
    },
    "ood_physics": {
      "sigma": 0.15,
      "num_warmup": 5000,
      "num_samples": 2000,
      "num_chains": 4,
      "ess_min": 2.1240139999150993,
      "rhat_max": 3.987311716314747,
      "rhat_mean": 2.147181895167023,
      "n_div": 14,
      "reliability_flag": "FAIL",
      "reliability_explanation": "ESS_min=2.1 < 10; R-hat_max=3.987 > 1.2",
      "a_err": 0.17096516431737022,
      "crps_a": 0.31824014222882835,
      "coverage_95": 0.8692033293697978,
      "ci_width": 1.774052372849183,
      "mean_std": 0.5170002552329117,
      "cal_levels": [
        0.1,
        0.19444444444444445,
        0.28888888888888886,
        0.3833333333333333,
        0.47777777777777775,
        0.5722222222222222,
        0.6666666666666666,
        0.7611111111111111,
        0.8555555555555555,
        0.95
      ],
      "cal_empirical": [
        0.04875148632580262,
        0.10344827586206896,
        0.1605231866825208,
        0.2294887039239001,
        0.3103448275862069,
        0.39001189060642094,
        0.4946492271105826,
        0.5992865636147443,
        0.703923900118906,
        0.8692033293697978
      ],
      "nll_a": 0.8327292708310966,
      "u_err": null,
      "chi2_ppc": 1.6853293951401298,
      "chi2_ppc_pvalue": 1.0,
      "map_a_err": 0.07281402498483658,
      "map_u_err": null,
      "label": "OOD Physics",
      "warmup_time_s": 2791.100414276123,
      "sampling_time_s": 1429.481947183609,
      "step_time_s": 0.15073508433784757,
      "spearman_rho_error_std": 0.5490494777534298,
      "spearman_pvalue_error_std": 2.18066929235131e-67,
      "a_err_per_sample": null
    }
  },
  "sweep_var": null,
  "baseline": null,
  "sweep_conditions": null,
  "laplace": null,
  "map_time_s": 7.167967319488525,
  "total_time_s": 21654.459591150284,
  "sweep_value": null,
  "is_sweep_baseline": null
}