{
  "experiment": "ood",
  "problem": "darcy_piecewise",
  "experiment_type": "comparison",
  "timestamp": "2026-06-16T21:52:29",
  "seed": 7,
  "test_idx": 0,
  "prior": {
    "n_prior": 500,
    "a_err": 0.5500966906547546,
    "crps_a": 1.2611420214030917,
    "coverage_95": 1.0,
    "ci_width": 5.0,
    "mean_std": 2.4911702004473337
  },
  "prior_ood": {
    "n_prior": 500,
    "a_err": 0.3715948164463043,
    "crps_a": 1.3231158620689656,
    "coverage_95": 1.0,
    "ci_width": 5.0,
    "mean_std": 2.4911702004473337
  },
  "condition": null,
  "conditions": {
    "in_domain_data_only": {
      "sigma": 0.008800348639427004,
      "num_warmup": 15000,
      "num_samples": 5000,
      "num_chains": 4,
      "ess_min": 9761.891986583832,
      "rhat_max": 1.000473870489038,
      "rhat_mean": 1.0000623439248606,
      "n_div": 0,
      "reliability_flag": "PASS",
      "reliability_explanation": "All diagnostics within thresholds",
      "a_err": 0.8646901249885559,
      "crps_a": 0.6475201081450654,
      "coverage_95": 0.9988109393579072,
      "ci_width": 4.565992865636147,
      "mean_std": 1.8962157366433723,
      "cal_levels": [
        0.1,
        0.19444444444444445,
        0.28888888888888886,
        0.3833333333333333,
        0.47777777777777775,
        0.5722222222222222,
        0.6666666666666666,
        0.7611111111111111,
        0.8555555555555555,
        0.95
      ],
      "cal_empirical": [
        0.9036860879904876,
        0.9322235434007135,
        0.9453032104637337,
        0.9548156956004756,
        0.9607609988109393,
        0.9667063020214031,
        0.9714625445897741,
        0.985731272294887,
        0.9928656361474435,
        0.9988109393579072
      ],
      "nll_a": 0.41342462897181753,
      "u_err": null,
      "chi2_ppc": 239123.35875803375,
      "chi2_ppc_pvalue": 0.0,
      "map_a_err": 0.6796179413795471,
      "map_u_err": null,
      "label": "In-domain Data-Only",
      "warmup_time_s": 1999.9524140357971,
      "sampling_time_s": 581.2808833122253,
      "step_time_s": 0.03226541621685028,
      "spearman_rho_error_std": 0.8619023038840767,
      "spearman_pvalue_error_std": 1.1466131491192167e-249,
      "a_err_per_sample": 0.7335819099768996
    },
    "in_domain_physics": {
      "sigma": 0.008800348639427004,
      "num_warmup": 15000,
      "num_samples": 5000,
      "num_chains": 4,
      "ess_min": 11.214604613985204,
      "rhat_max": 1.1328884495595426,
      "rhat_mean": 1.0103637853782061,
      "n_div": 39,
      "reliability_flag": "WARN",
      "reliability_explanation": "ESS_min=11.2 < 50; R-hat_max=1.133 > 1.05",
      "a_err": 0.7795073390007019,
      "crps_a": 0.8635056010701545,
      "coverage_95": 0.9774078478002378,
      "ci_width": 3.7455410225921524,
      "mean_std": 1.5011641777181195,
      "cal_levels": [
        0.1,
        0.19444444444444445,
        0.28888888888888886,
        0.3833333333333333,
        0.47777777777777775,
        0.5722222222222222,
        0.6666666666666666,
        0.7611111111111111,
        0.8555555555555555,
        0.95
      ],
      "cal_empirical": [
        0.7954815695600476,
        0.8252080856123662,
        0.8418549346016647,
        0.8549346016646849,
        0.8810939357907254,
        0.896551724137931,
        0.9167657550535078,
        0.9346016646848989,
        0.9595719381688466,
        0.9774078478002378
      ],
      "nll_a": 0.573202190305085,
      "u_err": null,
      "chi2_ppc": 236484.99838362192,
      "chi2_ppc_pvalue": 0.0,
      "map_a_err": 0.6796179413795471,
      "map_u_err": null,
      "label": "In-domain Physics",
      "warmup_time_s": 19702.61789536476,
      "sampling_time_s": 6579.0578718185425,
      "step_time_s": 0.3285209470897913,
      "spearman_rho_error_std": 0.7332458011196569,
      "spearman_pvalue_error_std": 1.070898329213118e-142,
      "a_err_per_sample": 0.7305582014828921
    },
    "ood_data_only": {
      "sigma": 0.008800348639427004,
      "num_warmup": 15000,
      "num_samples": 5000,
      "num_chains": 4,
      "ess_min": 15875.330975184694,
      "rhat_max": 1.0004081531537388,
      "rhat_mean": 1.000000631261307,
      "n_div": 0,
      "reliability_flag": "PASS",
      "reliability_explanation": "All diagnostics within thresholds",
      "a_err": 0.9413869380950928,
      "crps_a": 0.2293752080856124,
      "coverage_95": 0.9976218787158145,
      "ci_width": 2.794589774078465,
      "mean_std": 1.0859381969650808,
      "cal_levels": [
        0.1,
        0.19444444444444445,
        0.28888888888888886,
        0.3833333333333333,
        0.47777777777777775,
        0.5722222222222222,
        0.6666666666666666,
        0.7611111111111111,
        0.8555555555555555,
        0.95
      ],
      "cal_empirical": [
        0.9619500594530321,
        0.9667063020214031,
        0.9726516052318668,
        0.9738406658739596,
        0.9774078478002378,
        0.9797859690844233,
        0.9845422116527943,
        0.9892984542211652,
        0.9928656361474435,
        0.9976218787158145
      ],
      "nll_a": 0.1678786068093859,
      "u_err": null,
      "chi2_ppc": 292415.98915027763,
      "chi2_ppc_pvalue": 0.0,
      "map_a_err": 0.6634845733642578,
      "map_u_err": null,
      "label": "OOD Data-Only",
      "warmup_time_s": 1623.0669164657593,
      "sampling_time_s": 568.1909320354462,
      "step_time_s": 0.02739072310626507,
      "spearman_rho_error_std": 0.9842831610579965,
      "spearman_pvalue_error_std": 0.0,
      "a_err_per_sample": 0.8735063877135515
    },
    "ood_physics": {
      "sigma": 0.008800348639427004,
      "num_warmup": 15000,
      "num_samples": 5000,
      "num_chains": 4,
      "ess_min": 3432.5379208265977,
      "rhat_max": 1.0026245859078902,
      "rhat_mean": 1.0005028705976478,
      "n_div": 737,
      "reliability_flag": "WARN",
      "reliability_explanation": "divergences=3.7% > 1%",
      "a_err": 0.7501699328422546,
      "crps_a": 0.8734858539239002,
      "coverage_95": 0.9239001189060642,
      "ci_width": 2.1819262782401903,
      "mean_std": 0.8915729207089286,
      "cal_levels": [
        0.1,
        0.19444444444444445,
        0.28888888888888886,
        0.3833333333333333,
        0.47777777777777775,
        0.5722222222222222,
        0.6666666666666666,
        0.7611111111111111,
        0.8555555555555555,
        0.95
      ],
      "cal_empirical": [
        0.7954815695600476,
        0.8061831153388823,
        0.8204518430439952,
        0.8287752675386445,
        0.8418549346016647,
        0.8573127229488704,
        0.8680142687277052,
        0.8775267538644471,
        0.9001189060642093,
        0.9239001189060642
      ],
      "nll_a": 0.829535080439966,
      "u_err": null,
      "chi2_ppc": 291375.2864250061,
      "chi2_ppc_pvalue": 0.0,
      "map_a_err": 0.6634845733642578,
      "map_u_err": null,
      "label": "OOD Physics",
      "warmup_time_s": 16413.12421154976,
      "sampling_time_s": 4259.339492321014,
      "step_time_s": 0.25840579629838467,
      "spearman_rho_error_std": 0.7279491851320417,
      "spearman_pvalue_error_std": 1.1410384893991813e-139,
      "a_err_per_sample": 0.7333191698879004
    }
  },
  "sweep_var": null,
  "baseline": null,
  "sweep_conditions": null,
  "laplace": null,
  "map_time_s": 9.344068050384521,
  "total_time_s": 74073.77491998672,
  "sweep_value": null,
  "is_sweep_baseline": null
}