{
  "experiment": "ood",
  "problem": "darcy_continuous",
  "experiment_type": "comparison",
  "timestamp": "2026-06-15T22:55:22",
  "seed": 42,
  "test_idx": 0,
  "prior": {
    "n_prior": 500,
    "a_err": 0.2595818042755127,
    "crps_a": 0.3107739942157622,
    "coverage_95": 0.9702734839476813,
    "ci_width": 2.158489676421679,
    "mean_std": 0.5963447841903301
  },
  "prior_ood": {
    "n_prior": 500,
    "a_err": 0.3689362406730652,
    "crps_a": 0.8390618205581942,
    "coverage_95": 0.619500594530321,
    "ci_width": 2.158489676421679,
    "mean_std": 0.5963447841903301
  },
  "condition": null,
  "conditions": {
    "in_domain_data_only": {
      "sigma": 0.04,
      "num_warmup": 5000,
      "num_samples": 2000,
      "num_chains": 4,
      "ess_min": 475.1131134593717,
      "rhat_max": 1.0066147727806107,
      "rhat_mean": 1.0046480438891892,
      "n_div": 20,
      "reliability_flag": "PASS",
      "reliability_explanation": "All diagnostics within thresholds",
      "a_err": 0.007005176287739514,
      "crps_a": 0.012359850896298425,
      "coverage_95": 0.9988109393579072,
      "ci_width": 0.16064554754929633,
      "mean_std": 0.04281437528208778,
      "cal_levels": [
        0.1,
        0.19444444444444445,
        0.28888888888888886,
        0.3833333333333333,
        0.47777777777777775,
        0.5722222222222222,
        0.6666666666666666,
        0.7611111111111111,
        0.8555555555555555,
        0.95
      ],
      "cal_empirical": [
        0.2972651605231867,
        0.5267538644470868,
        0.7098692033293698,
        0.8394768133174791,
        0.9322235434007135,
        0.9869203329369798,
        0.9928656361474435,
        0.9976218787158145,
        0.9988109393579072,
        0.9988109393579072
      ],
      "nll_a": -2.2500104479361904,
      "u_err": null,
      "chi2_ppc": 1.8865470979026475,
      "chi2_ppc_pvalue": 1.0,
      "map_a_err": 0.014812750741839409,
      "map_u_err": null,
      "label": "In-domain Data-Only",
      "warmup_time_s": 230.0049819946289,
      "sampling_time_s": 81.68549680709839,
      "step_time_s": 0.011131802814347403,
      "spearman_rho_error_std": 0.3476882514594943,
      "spearman_pvalue_error_std": 2.6411295014842662e-25,
      "a_err_per_sample": null
    },
    "in_domain_physics": {
      "sigma": 0.04,
      "num_warmup": 5000,
      "num_samples": 2000,
      "num_chains": 4,
      "ess_min": 534.8458909243095,
      "rhat_max": 1.0040211589917931,
      "rhat_mean": 1.0030004449226495,
      "n_div": 23,
      "reliability_flag": "PASS",
      "reliability_explanation": "All diagnostics within thresholds",
      "a_err": 0.006573117790946498,
      "crps_a": 0.011839460431661238,
      "coverage_95": 0.9988109393579072,
      "ci_width": 0.15845225708075167,
      "mean_std": 0.0419530154461665,
      "cal_levels": [
        0.1,
        0.19444444444444445,
        0.28888888888888886,
        0.3833333333333333,
        0.47777777777777775,
        0.5722222222222222,
        0.6666666666666666,
        0.7611111111111111,
        0.8555555555555555,
        0.95
      ],
      "cal_empirical": [
        0.29607609988109396,
        0.5422116527942925,
        0.7265160523186682,
        0.8656361474435196,
        0.9571938168846611,
        0.9881093935790726,
        0.995243757431629,
        0.9988109393579072,
        0.9988109393579072,
        0.9988109393579072
      ],
      "nll_a": -2.2825210269354868,
      "u_err": null,
      "chi2_ppc": 1.8551232838206102,
      "chi2_ppc_pvalue": 1.0,
      "map_a_err": 0.014812750741839409,
      "map_u_err": null,
      "label": "In-domain Physics",
      "warmup_time_s": 540.4483864307404,
      "sampling_time_s": 168.08137583732605,
      "step_time_s": 0.025304634366716657,
      "spearman_rho_error_std": 0.36787960670215425,
      "spearman_pvalue_error_std": 2.3910309290049664e-28,
      "a_err_per_sample": null
    },
    "ood_data_only": {
      "sigma": 0.04,
      "num_warmup": 5000,
      "num_samples": 2000,
      "num_chains": 4,
      "ess_min": 51.91172538837625,
      "rhat_max": 1.0893356800684741,
      "rhat_mean": 1.0600440093661039,
      "n_div": 141,
      "reliability_flag": "WARN",
      "reliability_explanation": "R-hat_max=1.089 > 1.05; divergences=1.8% > 1%",
      "a_err": 0.06465896073804869,
      "crps_a": 0.12938432081894397,
      "coverage_95": 0.7847800237812128,
      "ci_width": 0.6361993926527264,
      "mean_std": 0.16923585329668725,
      "cal_levels": [
        0.1,
        0.19444444444444445,
        0.28888888888888886,
        0.3833333333333333,
        0.47777777777777775,
        0.5722222222222222,
        0.6666666666666666,
        0.7611111111111111,
        0.8555555555555555,
        0.95
      ],
      "cal_empirical": [
        0.04756242568370987,
        0.10107015457788347,
        0.16171224732461356,
        0.22473246135552913,
        0.29607609988109396,
        0.36741973840665876,
        0.4447086801426873,
        0.5196195005945303,
        0.6278240190249703,
        0.7847800237812128
      ],
      "nll_a": 0.04400223755793602,
      "u_err": null,
      "chi2_ppc": 0.7190269057914277,
      "chi2_ppc_pvalue": 1.0,
      "map_a_err": 0.06174939125776291,
      "map_u_err": null,
      "label": "OOD Data-Only",
      "warmup_time_s": 299.36735939979553,
      "sampling_time_s": 93.17828154563904,
      "step_time_s": 0.014019487176622663,
      "spearman_rho_error_std": 0.4057385390007452,
      "spearman_pvalue_error_std": 1.1445891691066777e-34,
      "a_err_per_sample": null
    },
    "ood_physics": {
      "sigma": 0.04,
      "num_warmup": 5000,
      "num_samples": 2000,
      "num_chains": 4,
      "ess_min": 628.1700963354305,
      "rhat_max": 1.0113461768785055,
      "rhat_mean": 1.00778084126496,
      "n_div": 52,
      "reliability_flag": "PASS",
      "reliability_explanation": "All diagnostics within thresholds",
      "a_err": 0.06554230004000124,
      "crps_a": 0.13036484987407237,
      "coverage_95": 0.7942925089179548,
      "ci_width": 0.6188663272925651,
      "mean_std": 0.16243666616276747,
      "cal_levels": [
        0.1,
        0.19444444444444445,
        0.28888888888888886,
        0.3833333333333333,
        0.47777777777777775,
        0.5722222222222222,
        0.6666666666666666,
        0.7611111111111111,
        0.8555555555555555,
        0.95
      ],
      "cal_empirical": [
        0.05112960760998811,
        0.09750297265160524,
        0.14982164090368608,
        0.20214030915576695,
        0.267538644470868,
        0.3460166468489893,
        0.4149821640903686,
        0.4946492271105826,
        0.5873959571938169,
        0.7942925089179548
      ],
      "nll_a": 0.040786188142716714,
      "u_err": null,
      "chi2_ppc": 0.7452672654526248,
      "chi2_ppc_pvalue": 1.0,
      "map_a_err": 0.06174939125776291,
      "map_u_err": null,
      "label": "OOD Physics",
      "warmup_time_s": 712.3936696052551,
      "sampling_time_s": 198.47548985481262,
      "step_time_s": 0.032531041409288135,
      "spearman_rho_error_std": 0.4306162941252657,
      "spearman_pvalue_error_std": 2.7414494047382454e-39,
      "a_err_per_sample": null
    }
  },
  "sweep_var": null,
  "baseline": null,
  "sweep_conditions": null,
  "laplace": null,
  "map_time_s": 7.985897779464722,
  "total_time_s": 16038.431387424469,
  "sweep_value": null,
  "is_sweep_baseline": null
}