{
  "experiment": "ood",
  "problem": "darcy_piecewise",
  "experiment_type": "comparison",
  "timestamp": "2026-06-16T23:29:12",
  "seed": 7,
  "test_idx": 1,
  "prior": {
    "n_prior": 500,
    "a_err": 0.4630796015262604,
    "crps_a": 1.3010944589774078,
    "coverage_95": 1.0,
    "ci_width": 5.0,
    "mean_std": 2.4911702004473337
  },
  "prior_ood": {
    "n_prior": 500,
    "a_err": 0.6820642352104187,
    "crps_a": 1.1922478478002376,
    "coverage_95": 1.0,
    "ci_width": 5.0,
    "mean_std": 2.4911702004473337
  },
  "condition": null,
  "conditions": {
    "in_domain_data_only": {
      "sigma": 0.01183766100393081,
      "num_warmup": 15000,
      "num_samples": 5000,
      "num_chains": 4,
      "ess_min": 16824.153763562237,
      "rhat_max": 1.0003260138004906,
      "rhat_mean": 0.999997697555737,
      "n_div": 0,
      "reliability_flag": "PASS",
      "reliability_explanation": "All diagnostics within thresholds",
      "a_err": 0.8919479250907898,
      "crps_a": 0.39699839001189063,
      "coverage_95": 1.0,
      "ci_width": 4.821789536266349,
      "mean_std": 1.7168876305869707,
      "cal_levels": [
        0.1,
        0.19444444444444445,
        0.28888888888888886,
        0.3833333333333333,
        0.47777777777777775,
        0.5722222222222222,
        0.6666666666666666,
        0.7611111111111111,
        0.8555555555555555,
        0.95
      ],
      "cal_empirical": [
        0.9227110582639715,
        0.9357907253269917,
        0.9429250891795482,
        0.9571938168846611,
        0.976218787158145,
        0.9916765755053508,
        1.0,
        1.0,
        1.0,
        1.0
      ],
      "nll_a": 0.27656159148877485,
      "u_err": null,
      "chi2_ppc": 139039.3702559172,
      "chi2_ppc_pvalue": 0.0,
      "map_a_err": 0.5404325127601624,
      "map_u_err": null,
      "label": "In-domain Data-Only",
      "warmup_time_s": 1558.998788356781,
      "sampling_time_s": 560.7362053394318,
      "step_time_s": 0.02649668742120266,
      "spearman_rho_error_std": 0.9758270655078801,
      "spearman_pvalue_error_std": 0.0,
      "a_err_per_sample": 0.7818049768894911
    },
    "in_domain_physics": {
      "sigma": 0.01183766100393081,
      "num_warmup": 15000,
      "num_samples": 5000,
      "num_chains": 4,
      "ess_min": 15.294017700133503,
      "rhat_max": 1.0754068382341615,
      "rhat_mean": 1.0025170935514798,
      "n_div": 131,
      "reliability_flag": "WARN",
      "reliability_explanation": "ESS_min=15.3 < 50; R-hat_max=1.075 > 1.05",
      "a_err": 0.8502485752105713,
      "crps_a": 0.5323031035225922,
      "coverage_95": 0.9928656361474435,
      "ci_width": 2.960909631391188,
      "mean_std": 1.149331074482592,
      "cal_levels": [
        0.1,
        0.19444444444444445,
        0.28888888888888886,
        0.3833333333333333,
        0.47777777777777775,
        0.5722222222222222,
        0.6666666666666666,
        0.7611111111111111,
        0.8555555555555555,
        0.95
      ],
      "cal_empirical": [
        0.8692033293697978,
        0.882282996432818,
        0.8953626634958383,
        0.9036860879904876,
        0.9179548156956004,
        0.929845422116528,
        0.9476813317479191,
        0.9607609988109393,
        0.9774078478002378,
        0.9928656361474435
      ],
      "nll_a": 0.34303491883697834,
      "u_err": null,
      "chi2_ppc": 139653.3715071287,
      "chi2_ppc_pvalue": 0.0,
      "map_a_err": 0.5404325127601624,
      "map_u_err": null,
      "label": "In-domain Physics",
      "warmup_time_s": 19384.798817157745,
      "sampling_time_s": 5795.4264233112335,
      "step_time_s": 0.31475281550586226,
      "spearman_rho_error_std": 0.9236654221575522,
      "spearman_pvalue_error_std": 0.0,
      "a_err_per_sample": 0.8107986346811056
    },
    "ood_data_only": {
      "sigma": 0.01183766100393081,
      "num_warmup": 15000,
      "num_samples": 5000,
      "num_chains": 4,
      "ess_min": 11753.664942147632,
      "rhat_max": 1.0006960143433088,
      "rhat_mean": 1.0000683062419273,
      "n_div": 0,
      "reliability_flag": "PASS",
      "reliability_explanation": "All diagnostics within thresholds",
      "a_err": 0.8614871501922607,
      "crps_a": 0.6016379549940547,
      "coverage_95": 1.0,
      "ci_width": 4.476813317479191,
      "mean_std": 1.670020413966739,
      "cal_levels": [
        0.1,
        0.19444444444444445,
        0.28888888888888886,
        0.3833333333333333,
        0.47777777777777775,
        0.5722222222222222,
        0.6666666666666666,
        0.7611111111111111,
        0.8555555555555555,
        0.95
      ],
      "cal_empirical": [
        0.8525564803804994,
        0.8632580261593341,
        0.8775267538644471,
        0.8989298454221165,
        0.9143876337693222,
        0.9310344827586207,
        0.9607609988109393,
        0.9774078478002378,
        0.9976218787158145,
        1.0
      ],
      "nll_a": 0.3811512836622689,
      "u_err": null,
      "chi2_ppc": 122946.37914414924,
      "chi2_ppc_pvalue": 0.0,
      "map_a_err": 0.5958002209663391,
      "map_u_err": null,
      "label": "OOD Data-Only",
      "warmup_time_s": 1457.1454758644104,
      "sampling_time_s": 467.52237272262573,
      "step_time_s": 0.02405834810733795,
      "spearman_rho_error_std": 0.8787041936071995,
      "spearman_pvalue_error_std": 1.1293869812585497e-271,
      "a_err_per_sample": 0.78361188955307
    },
    "ood_physics": {
      "sigma": 0.01183766100393081,
      "num_warmup": 15000,
      "num_samples": 5000,
      "num_chains": 4,
      "ess_min": 4.575107994214303,
      "rhat_max": 1.396945398108118,
      "rhat_mean": 1.0825493920622753,
      "n_div": 26,
      "reliability_flag": "FAIL",
      "reliability_explanation": "ESS_min=4.6 < 10; R-hat_max=1.397 > 1.2",
      "a_err": 0.7992149591445923,
      "crps_a": 0.9352370415130797,
      "coverage_95": 0.9607609988109393,
      "ci_width": 4.019024970273484,
      "mean_std": 1.5791564330072483,
      "cal_levels": [
        0.1,
        0.19444444444444445,
        0.28888888888888886,
        0.3833333333333333,
        0.47777777777777775,
        0.5722222222222222,
        0.6666666666666666,
        0.7611111111111111,
        0.8555555555555555,
        0.95
      ],
      "cal_empirical": [
        0.7954815695600476,
        0.8109393579072532,
        0.8347205707491082,
        0.8513674197384067,
        0.8692033293697978,
        0.882282996432818,
        0.8989298454221165,
        0.9143876337693222,
        0.9369797859690844,
        0.9607609988109393
      ],
      "nll_a": 0.8224613477316346,
      "u_err": null,
      "chi2_ppc": 119460.22420630092,
      "chi2_ppc_pvalue": 0.0,
      "map_a_err": 0.5958002209663391,
      "map_u_err": null,
      "label": "OOD Physics",
      "warmup_time_s": 19810.345156669617,
      "sampling_time_s": 6632.900154590607,
      "step_time_s": 0.3305405663907528,
      "spearman_rho_error_std": 0.6002613008960175,
      "spearman_pvalue_error_std": 1.8360087564516826e-83,
      "a_err_per_sample": 0.7236231082648039
    }
  },
  "sweep_var": null,
  "baseline": null,
  "sweep_conditions": null,
  "laplace": null,
  "map_time_s": 8.94098973274231,
  "total_time_s": 77523.78657412529,
  "sweep_value": null,
  "is_sweep_baseline": null
}