{
  "experiment": "ood",
  "problem": "darcy_continuous",
  "experiment_type": "comparison",
  "timestamp": "2026-06-15T23:38:07",
  "seed": 123,
  "test_idx": 2,
  "prior": {
    "n_prior": 500,
    "a_err": 0.256202757358551,
    "crps_a": 0.3770305478616579,
    "coverage_95": 0.7574316290130797,
    "ci_width": 2.17735216817791,
    "mean_std": 0.6057059821755985
  },
  "prior_ood": {
    "n_prior": 500,
    "a_err": 0.2688085436820984,
    "crps_a": 0.49987782495590083,
    "coverage_95": 0.906064209274673,
    "ci_width": 2.17735216817791,
    "mean_std": 0.6057059821755985
  },
  "condition": null,
  "conditions": {
    "in_domain_data_only": {
      "sigma": 0.005,
      "num_warmup": 5000,
      "num_samples": 2000,
      "num_chains": 4,
      "ess_min": 3655.964505814466,
      "rhat_max": 1.000818285971916,
      "rhat_mean": 1.0004997039504546,
      "n_div": 0,
      "reliability_flag": "PASS",
      "reliability_explanation": "All diagnostics within thresholds",
      "a_err": 0.01126174088830109,
      "crps_a": 0.013119567572431679,
      "coverage_95": 0.9750297265160524,
      "ci_width": 0.08990927876280647,
      "mean_std": 0.02290489677846306,
      "cal_levels": [
        0.1,
        0.19444444444444445,
        0.28888888888888886,
        0.3833333333333333,
        0.47777777777777775,
        0.5722222222222222,
        0.6666666666666666,
        0.7611111111111111,
        0.8555555555555555,
        0.95
      ],
      "cal_empirical": [
        0.020214030915576695,
        0.04994054696789536,
        0.08680142687277051,
        0.1426872770511296,
        0.2164090368608799,
        0.3103448275862069,
        0.4780023781212842,
        0.7170035671819263,
        0.8870392390011891,
        0.9750297265160524
      ],
      "nll_a": -2.4934257284490897,
      "u_err": null,
      "chi2_ppc": 0.4770320883106227,
      "chi2_ppc_pvalue": 1.0,
      "map_a_err": 0.010908112861216068,
      "map_u_err": null,
      "label": "In-domain Data-Only",
      "warmup_time_s": 92.77602910995483,
      "sampling_time_s": 21.11044430732727,
      "step_time_s": 0.004067374050617218,
      "spearman_rho_error_std": 0.7846138498329787,
      "spearman_pvalue_error_std": 2.2522916327322436e-176,
      "a_err_per_sample": null
    },
    "in_domain_physics": {
      "sigma": 0.005,
      "num_warmup": 5000,
      "num_samples": 2000,
      "num_chains": 4,
      "ess_min": 8281.168052316718,
      "rhat_max": 1.0003083901658691,
      "rhat_mean": 1.0000360910845127,
      "n_div": 0,
      "reliability_flag": "PASS",
      "reliability_explanation": "All diagnostics within thresholds",
      "a_err": 0.00609967128184154,
      "crps_a": 0.008075987709042838,
      "coverage_95": 0.9702734839476813,
      "ci_width": 0.06228526313292191,
      "mean_std": 0.01581451993527029,
      "cal_levels": [
        0.1,
        0.19444444444444445,
        0.28888888888888886,
        0.3833333333333333,
        0.47777777777777775,
        0.5722222222222222,
        0.6666666666666666,
        0.7611111111111111,
        0.8555555555555555,
        0.95
      ],
      "cal_empirical": [
        0.030915576694411414,
        0.07847800237812129,
        0.13079667063020214,
        0.21997621878715815,
        0.3460166468489893,
        0.460166468489893,
        0.6099881093935791,
        0.7847800237812128,
        0.901307966706302,
        0.9702734839476813
      ],
      "nll_a": -2.8803861089291827,
      "u_err": null,
      "chi2_ppc": 0.30100975424806026,
      "chi2_ppc_pvalue": 1.0,
      "map_a_err": 0.010908112861216068,
      "map_u_err": null,
      "label": "In-domain Physics",
      "warmup_time_s": 178.1598596572876,
      "sampling_time_s": 41.99904704093933,
      "step_time_s": 0.007862818096365248,
      "spearman_rho_error_std": 0.5656816601820428,
      "spearman_pvalue_error_std": 2.6600945205376193e-72,
      "a_err_per_sample": null
    },
    "ood_data_only": {
      "sigma": 0.005,
      "num_warmup": 5000,
      "num_samples": 2000,
      "num_chains": 4,
      "ess_min": 2.004748447576366,
      "rhat_max": 20.43067421324844,
      "rhat_mean": 12.91847581268439,
      "n_div": 1,
      "reliability_flag": "FAIL",
      "reliability_explanation": "ESS_min=2.0 < 10; R-hat_max=20.431 > 1.2",
      "a_err": 0.1294877525209493,
      "crps_a": 0.18847562998771777,
      "coverage_95": 0.8192627824019025,
      "ci_width": 0.8147077065950744,
      "mean_std": 0.3581690533034984,
      "cal_levels": [
        0.1,
        0.19444444444444445,
        0.28888888888888886,
        0.3833333333333333,
        0.47777777777777775,
        0.5722222222222222,
        0.6666666666666666,
        0.7611111111111111,
        0.8555555555555555,
        0.95
      ],
      "cal_empirical": [
        0.28418549346016647,
        0.42092746730083236,
        0.5136741973840666,
        0.5814506539833532,
        0.6623067776456599,
        0.7015457788347206,
        0.7360285374554102,
        0.7633769322235434,
        0.7942925089179548,
        0.8192627824019025
      ],
      "nll_a": 0.18764553741553647,
      "u_err": null,
      "chi2_ppc": 166.57120994204695,
      "chi2_ppc_pvalue": 3.3343616723155125e-05,
      "map_a_err": 0.11172685027122498,
      "map_u_err": null,
      "label": "OOD Data-Only",
      "warmup_time_s": 767.2033581733704,
      "sampling_time_s": 684.8728926181793,
      "step_time_s": 0.051859866099698206,
      "spearman_rho_error_std": 0.9771741915335815,
      "spearman_pvalue_error_std": 0.0,
      "a_err_per_sample": null
    },
    "ood_physics": {
      "sigma": 0.005,
      "num_warmup": 5000,
      "num_samples": 2000,
      "num_chains": 4,
      "ess_min": 2.030960782460618,
      "rhat_max": 7.650829953995591,
      "rhat_mean": 5.0776028577646715,
      "n_div": 0,
      "reliability_flag": "FAIL",
      "reliability_explanation": "ESS_min=2.0 < 10; R-hat_max=7.651 > 1.2",
      "a_err": 0.032068347801712145,
      "crps_a": 0.05115698465026417,
      "coverage_95": 0.633769322235434,
      "ci_width": 0.3400329713953045,
      "mean_std": 0.11247297346201511,
      "cal_levels": [
        0.1,
        0.19444444444444445,
        0.28888888888888886,
        0.3833333333333333,
        0.47777777777777775,
        0.5722222222222222,
        0.6666666666666666,
        0.7611111111111111,
        0.8555555555555555,
        0.95
      ],
      "cal_empirical": [
        0.05112960760998811,
        0.10463733650416171,
        0.1629013079667063,
        0.22235434007134364,
        0.31272294887039237,
        0.4280618311533888,
        0.4661117717003567,
        0.5089179548156956,
        0.5659928656361475,
        0.633769322235434
      ],
      "nll_a": -0.6788014195168666,
      "u_err": null,
      "chi2_ppc": 16.40914882389521,
      "chi2_ppc_pvalue": 1.0,
      "map_a_err": 0.11172685027122498,
      "map_u_err": null,
      "label": "OOD Physics",
      "warmup_time_s": 176.51907777786255,
      "sampling_time_s": 35.67386245727539,
      "step_time_s": 0.007578319294112069,
      "spearman_rho_error_std": 0.4289949835117192,
      "spearman_pvalue_error_std": 5.6369687866954324e-39,
      "a_err_per_sample": null
    }
  },
  "sweep_var": null,
  "baseline": null,
  "sweep_conditions": null,
  "laplace": null,
  "map_time_s": 7.193278074264526,
  "total_time_s": 16209.62493634224,
  "sweep_value": null,
  "is_sweep_baseline": null
}