{
  "experiment": "ood",
  "problem": "darcy_continuous",
  "experiment_type": "comparison",
  "timestamp": "2026-06-16T03:57:49",
  "seed": 123,
  "test_idx": 1,
  "prior": {
    "n_prior": 500,
    "a_err": 0.3354776203632355,
    "crps_a": 0.4368887054644238,
    "coverage_95": 0.9239001189060642,
    "ci_width": 2.17735216817791,
    "mean_std": 0.6057059821755985
  },
  "prior_ood": {
    "n_prior": 500,
    "a_err": 0.31094619631767273,
    "crps_a": 0.6207490426133927,
    "coverage_95": 0.7883472057074911,
    "ci_width": 2.17735216817791,
    "mean_std": 0.6057059821755985
  },
  "condition": null,
  "conditions": {
    "in_domain_data_only": {
      "sigma": 0.005,
      "num_warmup": 5000,
      "num_samples": 2000,
      "num_chains": 4,
      "ess_min": 2.0295779607132225,
      "rhat_max": 7.8610652454599945,
      "rhat_mean": 4.27658234443603,
      "n_div": 0,
      "reliability_flag": "FAIL",
      "reliability_explanation": "ESS_min=2.0 < 10; R-hat_max=7.861 > 1.2",
      "a_err": 0.02124546177277397,
      "crps_a": 0.02993066263619274,
      "coverage_95": 0.9583828775267539,
      "ci_width": 0.08636910577386883,
      "mean_std": 0.02679145622512437,
      "cal_levels": [
        0.1,
        0.19444444444444445,
        0.28888888888888886,
        0.3833333333333333,
        0.47777777777777775,
        0.5722222222222222,
        0.6666666666666666,
        0.7611111111111111,
        0.8555555555555555,
        0.95
      ],
      "cal_empirical": [
        0.02140309155766944,
        0.030915576694411414,
        0.04875148632580262,
        0.06777645659928656,
        0.08680142687277051,
        0.12009512485136742,
        0.23662306777645659,
        0.5897740784780023,
        0.8478002378121284,
        0.9583828775267539
      ],
      "nll_a": -1.7582928616708278,
      "u_err": null,
      "chi2_ppc": 21.45519479427277,
      "chi2_ppc_pvalue": 1.0,
      "map_a_err": 0.002374971052631736,
      "map_u_err": null,
      "label": "In-domain Data-Only",
      "warmup_time_s": 121.64072322845459,
      "sampling_time_s": 46.05939078330994,
      "step_time_s": 0.0059892897861344475,
      "spearman_rho_error_std": 0.9780814605392856,
      "spearman_pvalue_error_std": 0.0,
      "a_err_per_sample": null
    },
    "in_domain_physics": {
      "sigma": 0.005,
      "num_warmup": 5000,
      "num_samples": 2000,
      "num_chains": 4,
      "ess_min": 2.0022943083791387,
      "rhat_max": 31.55180971253057,
      "rhat_mean": 15.029682950181472,
      "n_div": 0,
      "reliability_flag": "FAIL",
      "reliability_explanation": "ESS_min=2.0 < 10; R-hat_max=31.552 > 1.2",
      "a_err": 0.12792584888203634,
      "crps_a": 0.12272844439349162,
      "coverage_95": 0.9964328180737217,
      "ci_width": 0.5987476700573986,
      "mean_std": 0.265499207978466,
      "cal_levels": [
        0.1,
        0.19444444444444445,
        0.28888888888888886,
        0.3833333333333333,
        0.47777777777777775,
        0.5722222222222222,
        0.6666666666666666,
        0.7611111111111111,
        0.8555555555555555,
        0.95
      ],
      "cal_empirical": [
        0.14149821640903687,
        0.20451843043995244,
        0.31272294887039237,
        0.5315101070154578,
        0.7146254458977408,
        0.8573127229488704,
        0.9334126040428062,
        0.9750297265160524,
        0.9892984542211652,
        0.9964328180737217
      ],
      "nll_a": -0.24298340684023279,
      "u_err": null,
      "chi2_ppc": 1646.2915703249769,
      "chi2_ppc_pvalue": 4.1039551733038183e-278,
      "map_a_err": 0.002374971052631736,
      "map_u_err": null,
      "label": "In-domain Physics",
      "warmup_time_s": 10723.398646593094,
      "sampling_time_s": 4291.457642555237,
      "step_time_s": 0.5362448674695832,
      "spearman_rho_error_std": 0.9991748596993173,
      "spearman_pvalue_error_std": 0.0,
      "a_err_per_sample": null
    },
    "ood_data_only": {
      "sigma": 0.005,
      "num_warmup": 5000,
      "num_samples": 2000,
      "num_chains": 4,
      "ess_min": 2.0071261424210807,
      "rhat_max": 16.39867203784378,
      "rhat_mean": 9.216120608089167,
      "n_div": 6,
      "reliability_flag": "FAIL",
      "reliability_explanation": "ESS_min=2.0 < 10; R-hat_max=16.399 > 1.2",
      "a_err": 0.14556001177998162,
      "crps_a": 0.22937827469829958,
      "coverage_95": 0.9988109393579072,
      "ci_width": 1.140362582770994,
      "mean_std": 0.47911226769489934,
      "cal_levels": [
        0.1,
        0.19444444444444445,
        0.28888888888888886,
        0.3833333333333333,
        0.47777777777777775,
        0.5722222222222222,
        0.6666666666666666,
        0.7611111111111111,
        0.8555555555555555,
        0.95
      ],
      "cal_empirical": [
        0.0,
        0.0011890606420927466,
        0.009512485136741973,
        0.47324613555291317,
        0.6111771700356718,
        0.8085612366230678,
        0.9976218787158145,
        0.9988109393579072,
        0.9988109393579072,
        0.9988109393579072
      ],
      "nll_a": 0.5351179112976032,
      "u_err": null,
      "chi2_ppc": 120.71906738859545,
      "chi2_ppc_pvalue": 0.07766112626946134,
      "map_a_err": 0.03803759813308716,
      "map_u_err": null,
      "label": "OOD Data-Only",
      "warmup_time_s": 278.16481709480286,
      "sampling_time_s": 65.40306830406189,
      "step_time_s": 0.012270281621388027,
      "spearman_rho_error_std": 0.9974858045042279,
      "spearman_pvalue_error_std": 0.0,
      "a_err_per_sample": null
    },
    "ood_physics": {
      "sigma": 0.005,
      "num_warmup": 5000,
      "num_samples": 2000,
      "num_chains": 4,
      "ess_min": 5181.376776840514,
      "rhat_max": 1.0007781730520373,
      "rhat_mean": 1.0004757797027897,
      "n_div": 0,
      "reliability_flag": "PASS",
      "reliability_explanation": "All diagnostics within thresholds",
      "a_err": 0.004946406005928199,
      "crps_a": 0.01020837259606484,
      "coverage_95": 0.9988109393579072,
      "ci_width": 0.12980790504589237,
      "mean_std": 0.03303403667401617,
      "cal_levels": [
        0.1,
        0.19444444444444445,
        0.28888888888888886,
        0.3833333333333333,
        0.47777777777777775,
        0.5722222222222222,
        0.6666666666666666,
        0.7611111111111111,
        0.8555555555555555,
        0.95
      ],
      "cal_empirical": [
        0.1117717003567182,
        0.21997621878715815,
        0.3769322235434007,
        0.5790725326991677,
        0.9750297265160524,
        0.9964328180737217,
        0.9976218787158145,
        0.9988109393579072,
        0.9988109393579072,
        0.9988109393579072
      ],
      "nll_a": -2.478852485582986,
      "u_err": null,
      "chi2_ppc": 0.38442124832379543,
      "chi2_ppc_pvalue": 1.0,
      "map_a_err": 0.03803759813308716,
      "map_u_err": null,
      "label": "OOD Physics",
      "warmup_time_s": 269.6381287574768,
      "sampling_time_s": 63.5468590259552,
      "step_time_s": 0.011899463849408286,
      "spearman_rho_error_std": 0.7579973507389969,
      "spearman_pvalue_error_std": 7.203816593159499e-158,
      "a_err_per_sample": null
    }
  },
  "sweep_var": null,
  "baseline": null,
  "sweep_conditions": null,
  "laplace": null,
  "map_time_s": 7.137359619140625,
  "total_time_s": 31024.880655288696,
  "sweep_value": null,
  "is_sweep_baseline": null
}