{
  "experiment": "ood",
  "problem": "darcy_continuous",
  "experiment_type": "comparison",
  "timestamp": "2026-06-16T04:22:32",
  "seed": 42,
  "test_idx": 1,
  "prior": {
    "n_prior": 500,
    "a_err": 0.310390830039978,
    "crps_a": 0.3935566956881522,
    "coverage_95": 0.9571938168846611,
    "ci_width": 2.158489676421679,
    "mean_std": 0.5963447841903301
  },
  "prior_ood": {
    "n_prior": 500,
    "a_err": 0.328864723443985,
    "crps_a": 0.6724966075960689,
    "coverage_95": 0.7360285374554102,
    "ci_width": 2.158489676421679,
    "mean_std": 0.5963447841903301
  },
  "condition": null,
  "conditions": {
    "in_domain_data_only": {
      "sigma": 0.005,
      "num_warmup": 5000,
      "num_samples": 2000,
      "num_chains": 4,
      "ess_min": 1577.1959796236383,
      "rhat_max": 1.0024578106614808,
      "rhat_mean": 1.0018711558151472,
      "n_div": 0,
      "reliability_flag": "PASS",
      "reliability_explanation": "All diagnostics within thresholds",
      "a_err": 0.0020083822501785597,
      "crps_a": 0.003082359708847846,
      "coverage_95": 0.9976218787158145,
      "ci_width": 0.04074856550465628,
      "mean_std": 0.010448500148105042,
      "cal_levels": [
        0.1,
        0.19444444444444445,
        0.28888888888888886,
        0.3833333333333333,
        0.47777777777777775,
        0.5722222222222222,
        0.6666666666666666,
        0.7611111111111111,
        0.8555555555555555,
        0.95
      ],
      "cal_empirical": [
        0.17360285374554102,
        0.3697978596908442,
        0.5469678953626635,
        0.6896551724137931,
        0.8014268727705113,
        0.8775267538644471,
        0.9227110582639715,
        0.9667063020214031,
        0.995243757431629,
        0.9976218787158145
      ],
      "nll_a": -3.585507420710792,
      "u_err": null,
      "chi2_ppc": 0.21659758551698885,
      "chi2_ppc_pvalue": 1.0,
      "map_a_err": 0.00299640791490674,
      "map_u_err": null,
      "label": "In-domain Data-Only",
      "warmup_time_s": 183.45713210105896,
      "sampling_time_s": 62.7524356842041,
      "step_time_s": 0.008793198849473681,
      "spearman_rho_error_std": 0.2262315775288116,
      "spearman_pvalue_error_std": 3.197106210107364e-11,
      "a_err_per_sample": null
    },
    "in_domain_physics": {
      "sigma": 0.005,
      "num_warmup": 5000,
      "num_samples": 2000,
      "num_chains": 4,
      "ess_min": 2.0057055617203177,
      "rhat_max": 18.53026786208673,
      "rhat_mean": 9.733919491640336,
      "n_div": 1,
      "reliability_flag": "FAIL",
      "reliability_explanation": "ESS_min=2.0 < 10; R-hat_max=18.530 > 1.2",
      "a_err": 0.04860344249400903,
      "crps_a": 0.026728003834030366,
      "coverage_95": 0.9964328180737217,
      "ci_width": 0.40487713035662104,
      "mean_std": 0.16933394428993762,
      "cal_levels": [
        0.1,
        0.19444444444444445,
        0.28888888888888886,
        0.3833333333333333,
        0.47777777777777775,
        0.5722222222222222,
        0.6666666666666666,
        0.7611111111111111,
        0.8555555555555555,
        0.95
      ],
      "cal_empirical": [
        0.24256837098692033,
        0.40784780023781214,
        0.6016646848989299,
        0.7681331747919143,
        0.9084423305588585,
        0.9488703923900119,
        0.9714625445897741,
        0.9797859690844233,
        0.9928656361474435,
        0.9964328180737217
      ],
      "nll_a": -1.0258470856955135,
      "u_err": null,
      "chi2_ppc": 274.6117281619369,
      "chi2_ppc_pvalue": 3.3155082347746687e-18,
      "map_a_err": 0.00299640791490674,
      "map_u_err": null,
      "label": "In-domain Physics",
      "warmup_time_s": 10751.470729589462,
      "sampling_time_s": 4310.256041765213,
      "step_time_s": 0.537918813262667,
      "spearman_rho_error_std": 0.9983146164886034,
      "spearman_pvalue_error_std": 0.0,
      "a_err_per_sample": null
    },
    "ood_data_only": {
      "sigma": 0.005,
      "num_warmup": 5000,
      "num_samples": 2000,
      "num_chains": 4,
      "ess_min": 2.0062081589402276,
      "rhat_max": 17.673154138616184,
      "rhat_mean": 9.775990789573804,
      "n_div": 0,
      "reliability_flag": "FAIL",
      "reliability_explanation": "ESS_min=2.0 < 10; R-hat_max=17.673 > 1.2",
      "a_err": 0.13290981917819236,
      "crps_a": 0.21492064303607025,
      "coverage_95": 1.0,
      "ci_width": 0.9416003059555942,
      "mean_std": 0.42200527962467693,
      "cal_levels": [
        0.1,
        0.19444444444444445,
        0.28888888888888886,
        0.3833333333333333,
        0.47777777777777775,
        0.5722222222222222,
        0.6666666666666666,
        0.7611111111111111,
        0.8555555555555555,
        0.95
      ],
      "cal_empirical": [
        0.0011890606420927466,
        0.0047562425683709865,
        0.08204518430439953,
        0.5029726516052319,
        0.5980975029726516,
        0.7360285374554102,
        0.9785969084423306,
        1.0,
        1.0,
        1.0
      ],
      "nll_a": 0.34505801582372964,
      "u_err": null,
      "chi2_ppc": 98.7574972521093,
      "chi2_ppc_pvalue": 0.5163572054051317,
      "map_a_err": 0.0357380136847496,
      "map_u_err": null,
      "label": "OOD Data-Only",
      "warmup_time_s": 570.7681002616882,
      "sampling_time_s": 71.56389546394348,
      "step_time_s": 0.02294042841877256,
      "spearman_rho_error_std": 0.9973275186237075,
      "spearman_pvalue_error_std": 0.0,
      "a_err_per_sample": null
    },
    "ood_physics": {
      "sigma": 0.005,
      "num_warmup": 5000,
      "num_samples": 2000,
      "num_chains": 4,
      "ess_min": 2.0981685497787614,
      "rhat_max": 4.359933596440156,
      "rhat_mean": 2.422635779245022,
      "n_div": 1,
      "reliability_flag": "FAIL",
      "reliability_explanation": "ESS_min=2.1 < 10; R-hat_max=4.360 > 1.2",
      "a_err": 0.003150384051053189,
      "crps_a": 0.011354592705104166,
      "coverage_95": 0.9988109393579072,
      "ci_width": 0.1776678648263791,
      "mean_std": 0.04704326627808615,
      "cal_levels": [
        0.1,
        0.19444444444444445,
        0.28888888888888886,
        0.3833333333333333,
        0.47777777777777775,
        0.5722222222222222,
        0.6666666666666666,
        0.7611111111111111,
        0.8555555555555555,
        0.95
      ],
      "cal_empirical": [
        0.4340071343638526,
        0.7859690844233056,
        0.8989298454221165,
        0.9571938168846611,
        0.9940546967895363,
        0.9976218787158145,
        0.9988109393579072,
        0.9988109393579072,
        0.9988109393579072,
        0.9988109393579072
      ],
      "nll_a": -2.224755318525728,
      "u_err": null,
      "chi2_ppc": 0.45461129989511206,
      "chi2_ppc_pvalue": 1.0,
      "map_a_err": 0.0357380136847496,
      "map_u_err": null,
      "label": "OOD Physics",
      "warmup_time_s": 2343.1766555309296,
      "sampling_time_s": 511.1756615638733,
      "step_time_s": 0.10194115418195725,
      "spearman_rho_error_std": 0.15806666889926552,
      "spearman_pvalue_error_std": 4.1028748179122635e-06,
      "a_err_per_sample": null
    }
  },
  "sweep_var": null,
  "baseline": null,
  "sweep_conditions": null,
  "laplace": null,
  "map_time_s": 7.1355109214782715,
  "total_time_s": 34295.90146827698,
  "sweep_value": null,
  "is_sweep_baseline": null
}