{
  "experiment": "ood",
  "problem": "darcy_continuous",
  "experiment_type": "comparison",
  "timestamp": "2026-06-15T23:40:28",
  "seed": 7,
  "test_idx": 2,
  "prior": {
    "n_prior": 500,
    "a_err": 0.2514346241950989,
    "crps_a": 0.3716895978023667,
    "coverage_95": 0.7717003567181926,
    "ci_width": 2.190958680701288,
    "mean_std": 0.6019103789100294
  },
  "prior_ood": {
    "n_prior": 500,
    "a_err": 0.28198570013046265,
    "crps_a": 0.5303581654980554,
    "coverage_95": 0.925089179548157,
    "ci_width": 2.190958680701288,
    "mean_std": 0.6019103789100294
  },
  "condition": null,
  "conditions": {
    "in_domain_data_only": {
      "sigma": 0.005,
      "num_warmup": 5000,
      "num_samples": 2000,
      "num_chains": 4,
      "ess_min": 3650.558531849191,
      "rhat_max": 1.001848807808987,
      "rhat_mean": 1.0009432212398832,
      "n_div": 0,
      "reliability_flag": "PASS",
      "reliability_explanation": "All diagnostics within thresholds",
      "a_err": 0.01142404738281161,
      "crps_a": 0.013193536253743223,
      "coverage_95": 0.9583828775267539,
      "ci_width": 0.0865278902411522,
      "mean_std": 0.022190184430457775,
      "cal_levels": [
        0.1,
        0.19444444444444445,
        0.28888888888888886,
        0.3833333333333333,
        0.47777777777777775,
        0.5722222222222222,
        0.6666666666666666,
        0.7611111111111111,
        0.8555555555555555,
        0.95
      ],
      "cal_empirical": [
        0.020214030915576695,
        0.04994054696789536,
        0.08323424494649227,
        0.12604042806183116,
        0.1902497027348395,
        0.2699167657550535,
        0.4173602853745541,
        0.6730083234244947,
        0.8703923900118906,
        0.9583828775267539
      ],
      "nll_a": -2.5011063305168446,
      "u_err": null,
      "chi2_ppc": 0.441970711669275,
      "chi2_ppc_pvalue": 1.0,
      "map_a_err": 0.014504615217447281,
      "map_u_err": null,
      "label": "In-domain Data-Only",
      "warmup_time_s": 105.37108659744263,
      "sampling_time_s": 25.22303557395935,
      "step_time_s": 0.004664075791835785,
      "spearman_rho_error_std": 0.8007731920286536,
      "spearman_pvalue_error_std": 5.992134533517523e-189,
      "a_err_per_sample": null
    },
    "in_domain_physics": {
      "sigma": 0.005,
      "num_warmup": 5000,
      "num_samples": 2000,
      "num_chains": 4,
      "ess_min": 8058.5803013873965,
      "rhat_max": 1.0000673277720789,
      "rhat_mean": 0.9998489529100598,
      "n_div": 0,
      "reliability_flag": "PASS",
      "reliability_explanation": "All diagnostics within thresholds",
      "a_err": 0.005929086383394745,
      "crps_a": 0.007774394910618619,
      "coverage_95": 0.9750297265160524,
      "ci_width": 0.057833971436460525,
      "mean_std": 0.014763486569547844,
      "cal_levels": [
        0.1,
        0.19444444444444445,
        0.28888888888888886,
        0.3833333333333333,
        0.47777777777777775,
        0.5722222222222222,
        0.6666666666666666,
        0.7611111111111111,
        0.8555555555555555,
        0.95
      ],
      "cal_empirical": [
        0.030915576694411414,
        0.05826397146254459,
        0.10463733650416171,
        0.19262782401902498,
        0.30202140309155767,
        0.4482758620689655,
        0.5885850178359097,
        0.7847800237812128,
        0.9024970273483948,
        0.9750297265160524
      ],
      "nll_a": -2.9271149136265313,
      "u_err": null,
      "chi2_ppc": 0.2701776838787159,
      "chi2_ppc_pvalue": 1.0,
      "map_a_err": 0.014504615217447281,
      "map_u_err": null,
      "label": "In-domain Physics",
      "warmup_time_s": 184.72437596321106,
      "sampling_time_s": 34.6571888923645,
      "step_time_s": 0.007835055887699127,
      "spearman_rho_error_std": 0.594587897888459,
      "spearman_pvalue_error_std": 1.5433849805009239e-81,
      "a_err_per_sample": null
    },
    "ood_data_only": {
      "sigma": 0.005,
      "num_warmup": 5000,
      "num_samples": 2000,
      "num_chains": 4,
      "ess_min": 2.0053684575412247,
      "rhat_max": 19.353318031795716,
      "rhat_mean": 10.419830976964665,
      "n_div": 0,
      "reliability_flag": "FAIL",
      "reliability_explanation": "ESS_min=2.0 < 10; R-hat_max=19.353 > 1.2",
      "a_err": 0.1446419564836288,
      "crps_a": 0.2775943314444352,
      "coverage_95": 0.9643281807372176,
      "ci_width": 1.3385089068551104,
      "mean_std": 0.5612467832802042,
      "cal_levels": [
        0.1,
        0.19444444444444445,
        0.28888888888888886,
        0.3833333333333333,
        0.47777777777777775,
        0.5722222222222222,
        0.6666666666666666,
        0.7611111111111111,
        0.8555555555555555,
        0.95
      ],
      "cal_empirical": [
        0.2925089179548157,
        0.375743162901308,
        0.44946492271105826,
        0.5160523186682521,
        0.7122473246135553,
        0.8275862068965517,
        0.8466111771700356,
        0.8739595719381689,
        0.8953626634958383,
        0.9643281807372176
      ],
      "nll_a": 0.5431128502632313,
      "u_err": null,
      "chi2_ppc": 205.75161614437556,
      "chi2_ppc_pvalue": 2.599858253903079e-09,
      "map_a_err": 0.10771080106496811,
      "map_u_err": null,
      "label": "OOD Data-Only",
      "warmup_time_s": 119.71449613571167,
      "sampling_time_s": 30.209298133850098,
      "step_time_s": 0.00535442122391292,
      "spearman_rho_error_std": 0.765655655784899,
      "spearman_pvalue_error_std": 6.117253752086161e-163,
      "a_err_per_sample": null
    },
    "ood_physics": {
      "sigma": 0.005,
      "num_warmup": 5000,
      "num_samples": 2000,
      "num_chains": 4,
      "ess_min": 8024.217597384304,
      "rhat_max": 0.9998698583944307,
      "rhat_mean": 0.999785886304553,
      "n_div": 0,
      "reliability_flag": "PASS",
      "reliability_explanation": "All diagnostics within thresholds",
      "a_err": 0.020255523052799877,
      "crps_a": 0.042061856754614844,
      "coverage_95": 0.4625445897740785,
      "ci_width": 0.106212235578139,
      "mean_std": 0.027062266742557118,
      "cal_levels": [
        0.1,
        0.19444444444444445,
        0.28888888888888886,
        0.3833333333333333,
        0.47777777777777775,
        0.5722222222222222,
        0.6666666666666666,
        0.7611111111111111,
        0.8555555555555555,
        0.95
      ],
      "cal_empirical": [
        0.036860879904875146,
        0.06302021403091558,
        0.10344827586206896,
        0.1367419738406659,
        0.1700356718192628,
        0.2057074910820452,
        0.2473246135552913,
        0.30083234244946494,
        0.3626634958382878,
        0.4625445897740785
      ],
      "nll_a": 0.27918201686153143,
      "u_err": null,
      "chi2_ppc": 2.3159542073604893,
      "chi2_ppc_pvalue": 1.0,
      "map_a_err": 0.10771080106496811,
      "map_u_err": null,
      "label": "OOD Physics",
      "warmup_time_s": 218.66610312461853,
      "sampling_time_s": 31.686275005340576,
      "step_time_s": 0.008941156361784254,
      "spearman_rho_error_std": 0.29874117736774175,
      "spearman_pvalue_error_std": 8.476436042725117e-19,
      "a_err_per_sample": null
    }
  },
  "sweep_var": null,
  "baseline": null,
  "sweep_conditions": null,
  "laplace": null,
  "map_time_s": 6.998124599456787,
  "total_time_s": 14342.959290027618,
  "sweep_value": null,
  "is_sweep_baseline": null
}