{
  "experiment": "ood",
  "problem": "darcy_piecewise",
  "experiment_type": "comparison",
  "timestamp": "2026-06-16T17:33:37",
  "seed": 123,
  "test_idx": 0,
  "prior": {
    "n_prior": 500,
    "a_err": 0.543628454208374,
    "crps_a": 1.2695679667063018,
    "coverage_95": 1.0,
    "ci_width": 5.0,
    "mean_std": 2.492686544094343
  },
  "prior_ood": {
    "n_prior": 500,
    "a_err": 0.3617444634437561,
    "crps_a": 1.3307570273483946,
    "coverage_95": 1.0,
    "ci_width": 5.0,
    "mean_std": 2.492686544094343
  },
  "condition": null,
  "conditions": {
    "in_domain_data_only": {
      "sigma": 0.008800348639427004,
      "num_warmup": 15000,
      "num_samples": 5000,
      "num_chains": 4,
      "ess_min": 11803.340569405607,
      "rhat_max": 1.0005058968635838,
      "rhat_mean": 1.0000375375688386,
      "n_div": 0,
      "reliability_flag": "PASS",
      "reliability_explanation": "All diagnostics within thresholds",
      "a_err": 0.8427096605300903,
      "crps_a": 0.6642855566736029,
      "coverage_95": 0.9976218787158145,
      "ci_width": 4.494649227110583,
      "mean_std": 1.8942778947169223,
      "cal_levels": [
        0.1,
        0.19444444444444445,
        0.28888888888888886,
        0.3833333333333333,
        0.47777777777777775,
        0.5722222222222222,
        0.6666666666666666,
        0.7611111111111111,
        0.8555555555555555,
        0.95
      ],
      "cal_empirical": [
        0.8608799048751486,
        0.9036860879904876,
        0.9286563614744352,
        0.9512485136741974,
        0.9643281807372176,
        0.9678953626634959,
        0.976218787158145,
        0.9869203329369798,
        0.9928656361474435,
        0.9976218787158145
      ],
      "nll_a": 0.4226561958262278,
      "u_err": null,
      "chi2_ppc": 250210.52011522045,
      "chi2_ppc_pvalue": 0.0,
      "map_a_err": 0.6855671405792236,
      "map_u_err": null,
      "label": "In-domain Data-Only",
      "warmup_time_s": 1899.3930530548096,
      "sampling_time_s": 667.3470871448517,
      "step_time_s": 0.03208425175249577,
      "spearman_rho_error_std": 0.8507980065397113,
      "spearman_pvalue_error_std": 1.1627118146183346e-236,
      "a_err_per_sample": 0.7307224946826696
    },
    "in_domain_physics": {
      "sigma": 0.008800348639427004,
      "num_warmup": 15000,
      "num_samples": 5000,
      "num_chains": 4,
      "ess_min": 6.154031871135381,
      "rhat_max": 1.2279746413852448,
      "rhat_mean": 1.018768021901665,
      "n_div": 38,
      "reliability_flag": "FAIL",
      "reliability_explanation": "ESS_min=6.2 < 10; R-hat_max=1.228 > 1.2",
      "a_err": 0.7400217056274414,
      "crps_a": 0.8926197550535079,
      "coverage_95": 0.9678953626634959,
      "ci_width": 3.5552913198573126,
      "mean_std": 1.503210988782265,
      "cal_levels": [
        0.1,
        0.19444444444444445,
        0.28888888888888886,
        0.3833333333333333,
        0.47777777777777775,
        0.5722222222222222,
        0.6666666666666666,
        0.7611111111111111,
        0.8555555555555555,
        0.95
      ],
      "cal_empirical": [
        0.7824019024970273,
        0.8275862068965517,
        0.8513674197384067,
        0.8668252080856124,
        0.8929845422116528,
        0.9167657550535078,
        0.9239001189060642,
        0.93935790725327,
        0.9476813317479191,
        0.9678953626634959
      ],
      "nll_a": 0.6153032836095477,
      "u_err": null,
      "chi2_ppc": 247568.0626927158,
      "chi2_ppc_pvalue": 0.0,
      "map_a_err": 0.6855671405792236,
      "map_u_err": null,
      "label": "In-domain Physics",
      "warmup_time_s": 19599.04323911667,
      "sampling_time_s": 6547.693473577499,
      "step_time_s": 0.3268342089086771,
      "spearman_rho_error_std": 0.7118832606607328,
      "spearman_pvalue_error_std": 6.582725270617329e-131,
      "a_err_per_sample": 0.7224570770323276
    },
    "ood_data_only": {
      "sigma": 0.008800348639427004,
      "num_warmup": 15000,
      "num_samples": 5000,
      "num_chains": 4,
      "ess_min": 16532.386765203133,
      "rhat_max": 1.0004055049945773,
      "rhat_mean": 0.9999881857981798,
      "n_div": 1,
      "reliability_flag": "PASS",
      "reliability_explanation": "All diagnostics within thresholds",
      "a_err": 0.9383381605148315,
      "crps_a": 0.2340804179845422,
      "coverage_95": 0.9976218787158145,
      "ci_width": 2.9549643281807243,
      "mean_std": 1.1092949098047309,
      "cal_levels": [
        0.1,
        0.19444444444444445,
        0.28888888888888886,
        0.3833333333333333,
        0.47777777777777775,
        0.5722222222222222,
        0.6666666666666666,
        0.7611111111111111,
        0.8555555555555555,
        0.95
      ],
      "cal_empirical": [
        0.9583828775267539,
        0.9655172413793104,
        0.9690844233055886,
        0.9750297265160524,
        0.9797859690844233,
        0.9833531510107015,
        0.9881093935790726,
        0.990487514863258,
        0.9940546967895363,
        0.9976218787158145
      ],
      "nll_a": 0.16970787204454849,
      "u_err": null,
      "chi2_ppc": 302203.9232293078,
      "chi2_ppc_pvalue": 0.0,
      "map_a_err": 0.6546734571456909,
      "map_u_err": null,
      "label": "OOD Data-Only",
      "warmup_time_s": 1573.8739709854126,
      "sampling_time_s": 554.554146528244,
      "step_time_s": 0.026605351468920707,
      "spearman_rho_error_std": 0.984939508364308,
      "spearman_pvalue_error_std": 0.0,
      "a_err_per_sample": 0.8694252674758435
    },
    "ood_physics": {
      "sigma": 0.008800348639427004,
      "num_warmup": 15000,
      "num_samples": 5000,
      "num_chains": 4,
      "ess_min": 27.86759808391431,
      "rhat_max": 1.0795454673494318,
      "rhat_mean": 1.003508480395155,
      "n_div": 470,
      "reliability_flag": "WARN",
      "reliability_explanation": "ESS_min=27.9 < 50; R-hat_max=1.080 > 1.05; divergences=2.4% > 1%",
      "a_err": 0.7498821020126343,
      "crps_a": 0.8934683887039239,
      "coverage_95": 0.915576694411415,
      "ci_width": 2.235434007134364,
      "mean_std": 0.9083571740351574,
      "cal_levels": [
        0.1,
        0.19444444444444445,
        0.28888888888888886,
        0.3833333333333333,
        0.47777777777777775,
        0.5722222222222222,
        0.6666666666666666,
        0.7611111111111111,
        0.8555555555555555,
        0.95
      ],
      "cal_empirical": [
        0.8002378121284186,
        0.812128418549346,
        0.8180737217598097,
        0.8299643281807372,
        0.8370986920332937,
        0.8418549346016647,
        0.8549346016646849,
        0.8727705112960761,
        0.8894173602853745,
        0.915576694411415
      ],
      "nll_a": 0.8986954059873913,
      "u_err": null,
      "chi2_ppc": 300343.4643034354,
      "chi2_ppc_pvalue": 0.0,
      "map_a_err": 0.6546734571456909,
      "map_u_err": null,
      "label": "OOD Physics",
      "warmup_time_s": 16728.307819843292,
      "sampling_time_s": 5752.718634605408,
      "step_time_s": 0.2810128306806087,
      "spearman_rho_error_std": 0.6843156266785244,
      "spearman_pvalue_error_std": 3.352793074866475e-117,
      "a_err_per_sample": 0.728021108520031
    }
  },
  "sweep_var": null,
  "baseline": null,
  "sweep_conditions": null,
  "laplace": null,
  "map_time_s": 8.74039101600647,
  "total_time_s": 75504.37975716591,
  "sweep_value": null,
  "is_sweep_baseline": null
}