{
  "experiment": "ood",
  "problem": "eit",
  "experiment_type": "comparison",
  "timestamp": "2026-06-16T18:11:36",
  "seed": 7,
  "test_idx": 1,
  "prior": {
    "n_prior": 500,
    "a_err": 0.332443505525589,
    "crps_a": 0.8249766712544576,
    "coverage_95": 0.9931640625,
    "ci_width": 3.8394155488046953,
    "mean_std": 1.1047369150457884
  },
  "prior_ood": {
    "n_prior": 500,
    "a_err": 0.28266170620918274,
    "crps_a": 0.5093972343614804,
    "coverage_95": 1.0,
    "ci_width": 3.8394155488046953,
    "mean_std": 1.1047369150457884
  },
  "condition": null,
  "conditions": {
    "in_domain_data_only": {
      "sigma": 0.2,
      "num_warmup": 5000,
      "num_samples": 2000,
      "num_chains": 4,
      "ess_min": 3828.496128414999,
      "rhat_max": 1.000463604923729,
      "rhat_mean": 1.000240910298609,
      "n_div": 1,
      "reliability_flag": "PASS",
      "reliability_explanation": "All diagnostics within thresholds",
      "a_err": 0.004019021754062514,
      "crps_a": 0.009675349959430105,
      "coverage_95": 0.994140625,
      "ci_width": 0.10270216532945656,
      "mean_std": 0.02613929894863455,
      "cal_levels": [
        0.1,
        0.19444444444444445,
        0.28888888888888886,
        0.3833333333333333,
        0.47777777777777775,
        0.5722222222222222,
        0.6666666666666666,
        0.7611111111111111,
        0.8555555555555555,
        0.95
      ],
      "cal_empirical": [
        0.1240234375,
        0.23828125,
        0.388671875,
        0.5126953125,
        0.66015625,
        0.759765625,
        0.8466796875,
        0.9228515625,
        0.97265625,
        0.994140625
      ],
      "nll_a": -2.590251017287538,
      "u_err": null,
      "chi2_ppc": 19.978480471704017,
      "chi2_ppc_pvalue": 1.0,
      "map_a_err": 0.05626631900668144,
      "map_u_err": null,
      "label": "In-domain Data-Only",
      "warmup_time_s": 146.926251411438,
      "sampling_time_s": 41.30613040924072,
      "step_time_s": 0.00672258506502424,
      "spearman_rho_error_std": 0.2633166328409985,
      "spearman_pvalue_error_std": 1.057731963694148e-17,
      "a_err_per_sample": null
    },
    "in_domain_physics": {
      "sigma": 0.2,
      "num_warmup": 5000,
      "num_samples": 2000,
      "num_chains": 4,
      "ess_min": 8161.55503774164,
      "rhat_max": 1.0002910210755656,
      "rhat_mean": 0.999930204782237,
      "n_div": 0,
      "reliability_flag": "PASS",
      "reliability_explanation": "All diagnostics within thresholds",
      "a_err": 0.0053782075772955485,
      "crps_a": 0.01160897105656628,
      "coverage_95": 0.94921875,
      "ci_width": 0.08367946884690793,
      "mean_std": 0.021271821227122956,
      "cal_levels": [
        0.1,
        0.19444444444444445,
        0.28888888888888886,
        0.3833333333333333,
        0.47777777777777775,
        0.5722222222222222,
        0.6666666666666666,
        0.7611111111111111,
        0.8555555555555555,
        0.95
      ],
      "cal_empirical": [
        0.0927734375,
        0.1708984375,
        0.2490234375,
        0.3369140625,
        0.4072265625,
        0.498046875,
        0.583984375,
        0.6953125,
        0.833984375,
        0.94921875
      ],
      "nll_a": -2.5091431139373466,
      "u_err": null,
      "chi2_ppc": 19.396824854479007,
      "chi2_ppc_pvalue": 1.0,
      "map_a_err": 0.05626631900668144,
      "map_u_err": null,
      "label": "In-domain Physics",
      "warmup_time_s": 182.45133090019226,
      "sampling_time_s": 36.857606410980225,
      "step_time_s": 0.007832462046827589,
      "spearman_rho_error_std": 0.39041088128531576,
      "spearman_pvalue_error_std": 1.2688935620995326e-38,
      "a_err_per_sample": null
    },
    "ood_data_only": {
      "sigma": 0.2,
      "num_warmup": 5000,
      "num_samples": 2000,
      "num_chains": 4,
      "ess_min": 2.146076416937572,
      "rhat_max": 3.678374641971754,
      "rhat_mean": 2.8732986965129164,
      "n_div": 14,
      "reliability_flag": "FAIL",
      "reliability_explanation": "ESS_min=2.1 < 10; R-hat_max=3.678 > 1.2",
      "a_err": 0.047294779087528216,
      "crps_a": 0.06394778192790009,
      "coverage_95": 0.6259765625,
      "ci_width": 0.23642667948111376,
      "mean_std": 0.07620750070808852,
      "cal_levels": [
        0.1,
        0.19444444444444445,
        0.28888888888888886,
        0.3833333333333333,
        0.47777777777777775,
        0.5722222222222222,
        0.6666666666666666,
        0.7611111111111111,
        0.8555555555555555,
        0.95
      ],
      "cal_empirical": [
        0.0517578125,
        0.0859375,
        0.1123046875,
        0.1435546875,
        0.1845703125,
        0.3046875,
        0.4267578125,
        0.484375,
        0.5498046875,
        0.6259765625
      ],
      "nll_a": -0.5483811241980299,
      "u_err": null,
      "chi2_ppc": 23.776459213129424,
      "chi2_ppc_pvalue": 1.0,
      "map_a_err": 0.31041833758354187,
      "map_u_err": null,
      "label": "OOD Data-Only",
      "warmup_time_s": 1739.6357688903809,
      "sampling_time_s": 235.28373861312866,
      "step_time_s": 0.07053283955369677,
      "spearman_rho_error_std": 0.8402042839389171,
      "spearman_pvalue_error_std": 6.932257121125208e-274,
      "a_err_per_sample": null
    },
    "ood_physics": {
      "sigma": 0.2,
      "num_warmup": 5000,
      "num_samples": 2000,
      "num_chains": 4,
      "ess_min": 2.0143540631476307,
      "rhat_max": 11.39800057188561,
      "rhat_mean": 6.405175244187386,
      "n_div": 10,
      "reliability_flag": "FAIL",
      "reliability_explanation": "ESS_min=2.0 < 10; R-hat_max=11.398 > 1.2",
      "a_err": 0.07506538091611781,
      "crps_a": 0.11981398820103475,
      "coverage_95": 0.318359375,
      "ci_width": 0.22510402898355114,
      "mean_std": 0.08146444634986551,
      "cal_levels": [
        0.1,
        0.19444444444444445,
        0.28888888888888886,
        0.3833333333333333,
        0.47777777777777775,
        0.5722222222222222,
        0.6666666666666666,
        0.7611111111111111,
        0.8555555555555555,
        0.95
      ],
      "cal_empirical": [
        0.0068359375,
        0.0185546875,
        0.02734375,
        0.0478515625,
        0.064453125,
        0.27734375,
        0.2880859375,
        0.296875,
        0.3125,
        0.318359375
      ],
      "nll_a": 0.4463919075779146,
      "u_err": null,
      "chi2_ppc": 39.2153088835109,
      "chi2_ppc_pvalue": 0.999999999999981,
      "map_a_err": 0.31041833758354187,
      "map_u_err": null,
      "label": "OOD Physics",
      "warmup_time_s": 9784.690390825272,
      "sampling_time_s": 3944.900682926178,
      "step_time_s": 0.4903425383482661,
      "spearman_rho_error_std": 0.8535273876153351,
      "spearman_pvalue_error_std": 1.302447583855416e-291,
      "a_err_per_sample": null
    }
  },
  "sweep_var": null,
  "baseline": null,
  "sweep_conditions": null,
  "laplace": null,
  "map_time_s": 9.823410034179688,
  "total_time_s": 33649.54301524162,
  "sweep_value": null,
  "is_sweep_baseline": null
}