{
  "experiment": "ood",
  "problem": "eit",
  "experiment_type": "comparison",
  "timestamp": "2026-06-16T14:41:49",
  "seed": 123,
  "test_idx": 2,
  "prior": {
    "n_prior": 500,
    "a_err": 0.3029334247112274,
    "crps_a": 0.7353393017843192,
    "coverage_95": 1.0,
    "ci_width": 3.713656630037276,
    "mean_std": 1.0525433964418416
  },
  "prior_ood": {
    "n_prior": 500,
    "a_err": 0.27936771512031555,
    "crps_a": 0.49616299140093,
    "coverage_95": 1.0,
    "ci_width": 3.713656630037276,
    "mean_std": 1.0525433964418416
  },
  "condition": null,
  "conditions": {
    "in_domain_data_only": {
      "sigma": 0.1,
      "num_warmup": 5000,
      "num_samples": 2000,
      "num_chains": 4,
      "ess_min": 4695.879023988429,
      "rhat_max": 1.000347887475493,
      "rhat_mean": 1.0000853374788128,
      "n_div": 0,
      "reliability_flag": "PASS",
      "reliability_explanation": "All diagnostics within thresholds",
      "a_err": 0.0043095758606125165,
      "crps_a": 0.009884427542733821,
      "coverage_95": 0.8935546875,
      "ci_width": 0.06955480453225368,
      "mean_std": 0.017827045633434326,
      "cal_levels": [
        0.1,
        0.19444444444444445,
        0.28888888888888886,
        0.3833333333333333,
        0.47777777777777775,
        0.5722222222222222,
        0.6666666666666666,
        0.7611111111111111,
        0.8555555555555555,
        0.95
      ],
      "cal_empirical": [
        0.0888671875,
        0.17578125,
        0.2666015625,
        0.3701171875,
        0.470703125,
        0.548828125,
        0.6279296875,
        0.712890625,
        0.779296875,
        0.8935546875
      ],
      "nll_a": -2.5355813040126067,
      "u_err": null,
      "chi2_ppc": 89.76309126277582,
      "chi2_ppc_pvalue": 0.9911251753941261,
      "map_a_err": 0.07724487036466599,
      "map_u_err": null,
      "label": "In-domain Data-Only",
      "warmup_time_s": 293.2932279109955,
      "sampling_time_s": 40.50927448272705,
      "step_time_s": 0.011921517942632947,
      "spearman_rho_error_std": 0.20542644928831982,
      "spearman_pvalue_error_std": 3.2117469466023153e-11,
      "a_err_per_sample": null
    },
    "in_domain_physics": {
      "sigma": 0.1,
      "num_warmup": 5000,
      "num_samples": 2000,
      "num_chains": 4,
      "ess_min": 6135.630831025543,
      "rhat_max": 1.0006549515634469,
      "rhat_mean": 1.0001838948758757,
      "n_div": 0,
      "reliability_flag": "PASS",
      "reliability_explanation": "All diagnostics within thresholds",
      "a_err": 0.005205240898272453,
      "crps_a": 0.011812854315016675,
      "coverage_95": 0.7421875,
      "ci_width": 0.05515188588322105,
      "mean_std": 0.014121947200324968,
      "cal_levels": [
        0.1,
        0.19444444444444445,
        0.28888888888888886,
        0.3833333333333333,
        0.47777777777777775,
        0.5722222222222222,
        0.6666666666666666,
        0.7611111111111111,
        0.8555555555555555,
        0.95
      ],
      "cal_empirical": [
        0.072265625,
        0.1259765625,
        0.18359375,
        0.248046875,
        0.3125,
        0.376953125,
        0.443359375,
        0.5078125,
        0.5986328125,
        0.7421875
      ],
      "nll_a": -2.1508731069241485,
      "u_err": null,
      "chi2_ppc": 89.59139935077648,
      "chi2_ppc_pvalue": 0.9914456916907903,
      "map_a_err": 0.07724487036466599,
      "map_u_err": null,
      "label": "In-domain Physics",
      "warmup_time_s": 231.6331272125244,
      "sampling_time_s": 58.84899306297302,
      "step_time_s": 0.010374361438410622,
      "spearman_rho_error_std": 0.34605124812245186,
      "spearman_pvalue_error_std": 3.533604510688399e-30,
      "a_err_per_sample": null
    },
    "ood_data_only": {
      "sigma": 0.1,
      "num_warmup": 5000,
      "num_samples": 2000,
      "num_chains": 4,
      "ess_min": 2610.2269117174537,
      "rhat_max": 1.0012501545443844,
      "rhat_mean": 1.000737418174719,
      "n_div": 26,
      "reliability_flag": "PASS",
      "reliability_explanation": "All diagnostics within thresholds",
      "a_err": 0.056876951634995586,
      "crps_a": 0.11009502291690557,
      "coverage_95": 0.064453125,
      "ci_width": 0.0645994519520749,
      "mean_std": 0.016725281557773426,
      "cal_levels": [
        0.1,
        0.19444444444444445,
        0.28888888888888886,
        0.3833333333333333,
        0.47777777777777775,
        0.5722222222222222,
        0.6666666666666666,
        0.7611111111111111,
        0.8555555555555555,
        0.95
      ],
      "cal_empirical": [
        0.00390625,
        0.0068359375,
        0.0087890625,
        0.013671875,
        0.0166015625,
        0.01953125,
        0.03125,
        0.0341796875,
        0.044921875,
        0.064453125
      ],
      "nll_a": 24.25130289467869,
      "u_err": null,
      "chi2_ppc": 78.92477860893165,
      "chi2_ppc_pvalue": 0.9994521254010599,
      "map_a_err": 0.25665462017059326,
      "map_u_err": null,
      "label": "OOD Data-Only",
      "warmup_time_s": 1988.5066730976105,
      "sampling_time_s": 469.0722689628601,
      "step_time_s": 0.08777067650215967,
      "spearman_rho_error_std": 0.9352775418425003,
      "spearman_pvalue_error_std": 0.0,
      "a_err_per_sample": null
    },
    "ood_physics": {
      "sigma": 0.1,
      "num_warmup": 5000,
      "num_samples": 2000,
      "num_chains": 4,
      "ess_min": 2123.8323093704794,
      "rhat_max": 1.001054998967734,
      "rhat_mean": 1.0006254980900864,
      "n_div": 18,
      "reliability_flag": "PASS",
      "reliability_explanation": "All diagnostics within thresholds",
      "a_err": 0.0778094378525591,
      "crps_a": 0.1539497777975952,
      "coverage_95": 0.0576171875,
      "ci_width": 0.059745957902248355,
      "mean_std": 0.015290920597176646,
      "cal_levels": [
        0.1,
        0.19444444444444445,
        0.28888888888888886,
        0.3833333333333333,
        0.47777777777777775,
        0.5722222222222222,
        0.6666666666666666,
        0.7611111111111111,
        0.8555555555555555,
        0.95
      ],
      "cal_empirical": [
        0.00390625,
        0.0068359375,
        0.009765625,
        0.0126953125,
        0.0166015625,
        0.0244140625,
        0.029296875,
        0.0361328125,
        0.04296875,
        0.0576171875
      ],
      "nll_a": 51.626312508874065,
      "u_err": null,
      "chi2_ppc": 106.30448187423282,
      "chi2_ppc_pvalue": 0.8726873820456705,
      "map_a_err": 0.25665462017059326,
      "map_u_err": null,
      "label": "OOD Physics",
      "warmup_time_s": 2998.910988330841,
      "sampling_time_s": 2535.1707017421722,
      "step_time_s": 0.19764577464546476,
      "spearman_rho_error_std": 0.9373590833094914,
      "spearman_pvalue_error_std": 0.0,
      "a_err_per_sample": null
    }
  },
  "sweep_var": null,
  "baseline": null,
  "sweep_conditions": null,
  "laplace": null,
  "map_time_s": 9.091293334960938,
  "total_time_s": 25620.94566345215,
  "sweep_value": null,
  "is_sweep_baseline": null
}