{
  "experiment": "ood",
  "problem": "eit",
  "experiment_type": "comparison",
  "timestamp": "2026-06-16T11:47:05",
  "seed": 42,
  "test_idx": 0,
  "prior": {
    "n_prior": 500,
    "a_err": 0.3181970417499542,
    "crps_a": 0.7735320736925708,
    "coverage_95": 1.0,
    "ci_width": 3.80434848162999,
    "mean_std": 1.0967404587745617
  },
  "prior_ood": {
    "n_prior": 500,
    "a_err": 0.28496161103248596,
    "crps_a": 0.5105936779112121,
    "coverage_95": 1.0,
    "ci_width": 3.80434848162999,
    "mean_std": 1.0967404587745617
  },
  "condition": null,
  "conditions": {
    "in_domain_data_only": {
      "sigma": 0.2,
      "num_warmup": 5000,
      "num_samples": 2000,
      "num_chains": 4,
      "ess_min": 3082.591108179036,
      "rhat_max": 1.0005170688439633,
      "rhat_mean": 1.0000716034516557,
      "n_div": 5,
      "reliability_flag": "PASS",
      "reliability_explanation": "All diagnostics within thresholds",
      "a_err": 0.004397382003063072,
      "crps_a": 0.010203492536251165,
      "coverage_95": 0.984375,
      "ci_width": 0.09597322740916625,
      "mean_std": 0.02451534376623281,
      "cal_levels": [
        0.1,
        0.19444444444444445,
        0.28888888888888886,
        0.3833333333333333,
        0.47777777777777775,
        0.5722222222222222,
        0.6666666666666666,
        0.7611111111111111,
        0.8555555555555555,
        0.95
      ],
      "cal_empirical": [
        0.0849609375,
        0.1845703125,
        0.29296875,
        0.4375,
        0.5576171875,
        0.6708984375,
        0.7724609375,
        0.8740234375,
        0.953125,
        0.984375
      ],
      "nll_a": -2.553714715101317,
      "u_err": null,
      "chi2_ppc": 24.798249812143222,
      "chi2_ppc_pvalue": 1.0,
      "map_a_err": 0.059124454855918884,
      "map_u_err": null,
      "label": "In-domain Data-Only",
      "warmup_time_s": 125.25349950790405,
      "sampling_time_s": 36.77298641204834,
      "step_time_s": 0.0057866602114268716,
      "spearman_rho_error_std": 0.2574529048351334,
      "spearman_pvalue_error_std": 5.765904136714824e-17,
      "a_err_per_sample": null
    },
    "in_domain_physics": {
      "sigma": 0.2,
      "num_warmup": 5000,
      "num_samples": 2000,
      "num_chains": 4,
      "ess_min": 9457.640603972188,
      "rhat_max": 1.0003152665168817,
      "rhat_mean": 1.000093151520132,
      "n_div": 0,
      "reliability_flag": "PASS",
      "reliability_explanation": "All diagnostics within thresholds",
      "a_err": 0.004011226165374231,
      "crps_a": 0.009243899803123058,
      "coverage_95": 0.9677734375,
      "ci_width": 0.07921795644873166,
      "mean_std": 0.02026644965730319,
      "cal_levels": [
        0.1,
        0.19444444444444445,
        0.28888888888888886,
        0.3833333333333333,
        0.47777777777777775,
        0.5722222222222222,
        0.6666666666666666,
        0.7611111111111111,
        0.8555555555555555,
        0.95
      ],
      "cal_empirical": [
        0.123046875,
        0.23828125,
        0.3466796875,
        0.44140625,
        0.525390625,
        0.607421875,
        0.697265625,
        0.7958984375,
        0.8779296875,
        0.9677734375
      ],
      "nll_a": -2.6738152854693356,
      "u_err": null,
      "chi2_ppc": 24.297699669992433,
      "chi2_ppc_pvalue": 1.0,
      "map_a_err": 0.059124454855918884,
      "map_u_err": null,
      "label": "In-domain Physics",
      "warmup_time_s": 170.8255534172058,
      "sampling_time_s": 29.049093008041382,
      "step_time_s": 0.007138380229473114,
      "spearman_rho_error_std": 0.12773226834632714,
      "spearman_pvalue_error_std": 4.145050734656814e-05,
      "a_err_per_sample": null
    },
    "ood_data_only": {
      "sigma": 0.2,
      "num_warmup": 5000,
      "num_samples": 2000,
      "num_chains": 4,
      "ess_min": 20.7753583114024,
      "rhat_max": 1.168368297548425,
      "rhat_mean": 1.1133357597004154,
      "n_div": 106,
      "reliability_flag": "WARN",
      "reliability_explanation": "ESS_min=20.8 < 50; R-hat_max=1.168 > 1.05; divergences=1.3% > 1%",
      "a_err": 0.08683201420888857,
      "crps_a": 0.16442081522701416,
      "coverage_95": 0.0830078125,
      "ci_width": 0.11434525359869818,
      "mean_std": 0.028508534770030576,
      "cal_levels": [
        0.1,
        0.19444444444444445,
        0.28888888888888886,
        0.3833333333333333,
        0.47777777777777775,
        0.5722222222222222,
        0.6666666666666666,
        0.7611111111111111,
        0.8555555555555555,
        0.95
      ],
      "cal_empirical": [
        0.001953125,
        0.0068359375,
        0.0068359375,
        0.01171875,
        0.013671875,
        0.015625,
        0.0205078125,
        0.025390625,
        0.033203125,
        0.0830078125
      ],
      "nll_a": 14.88326033610716,
      "u_err": null,
      "chi2_ppc": 21.403060540813584,
      "chi2_ppc_pvalue": 1.0,
      "map_a_err": 0.24962708353996277,
      "map_u_err": null,
      "label": "OOD Data-Only",
      "warmup_time_s": 1714.2335278987885,
      "sampling_time_s": 291.7766034603119,
      "step_time_s": 0.07164321897711072,
      "spearman_rho_error_std": 0.9489470307917888,
      "spearman_pvalue_error_std": 0.0,
      "a_err_per_sample": null
    },
    "ood_physics": {
      "sigma": 0.2,
      "num_warmup": 5000,
      "num_samples": 2000,
      "num_chains": 4,
      "ess_min": 75.79530351096774,
      "rhat_max": 1.0544191601363664,
      "rhat_mean": 1.01409653382594,
      "n_div": 14,
      "reliability_flag": "WARN",
      "reliability_explanation": "R-hat_max=1.054 > 1.05",
      "a_err": 0.1090998344499864,
      "crps_a": 0.21638103136368192,
      "coverage_95": 0.06640625,
      "ci_width": 0.07759162783012288,
      "mean_std": 0.019761478308925398,
      "cal_levels": [
        0.1,
        0.19444444444444445,
        0.28888888888888886,
        0.3833333333333333,
        0.47777777777777775,
        0.5722222222222222,
        0.6666666666666666,
        0.7611111111111111,
        0.8555555555555555,
        0.95
      ],
      "cal_empirical": [
        0.009765625,
        0.013671875,
        0.0185546875,
        0.021484375,
        0.025390625,
        0.0283203125,
        0.03515625,
        0.04296875,
        0.0498046875,
        0.06640625
      ],
      "nll_a": 56.569357609673965,
      "u_err": null,
      "chi2_ppc": 58.2786484150122,
      "chi2_ppc_pvalue": 0.9999999187612981,
      "map_a_err": 0.24962708353996277,
      "map_u_err": null,
      "label": "OOD Physics",
      "warmup_time_s": 2731.34534740448,
      "sampling_time_s": 3451.2752397060394,
      "step_time_s": 0.22080787811108998,
      "spearman_rho_error_std": 0.8659193727201201,
      "spearman_pvalue_error_std": 9.32805103712117e-310,
      "a_err_per_sample": null
    }
  },
  "sweep_var": null,
  "baseline": null,
  "sweep_conditions": null,
  "laplace": null,
  "map_time_s": 8.870699882507324,
  "total_time_s": 25561.22734117508,
  "sweep_value": null,
  "is_sweep_baseline": null
}