{
  "experiment": "ood",
  "problem": "eit",
  "experiment_type": "comparison",
  "timestamp": "2026-06-16T15:48:09",
  "seed": 42,
  "test_idx": 1,
  "prior": {
    "n_prior": 500,
    "a_err": 0.3181970417499542,
    "crps_a": 0.7735320736925708,
    "coverage_95": 1.0,
    "ci_width": 3.80434848162999,
    "mean_std": 1.0967404587745617
  },
  "prior_ood": {
    "n_prior": 500,
    "a_err": 0.28496161103248596,
    "crps_a": 0.5105936779112121,
    "coverage_95": 1.0,
    "ci_width": 3.80434848162999,
    "mean_std": 1.0967404587745617
  },
  "condition": null,
  "conditions": {
    "in_domain_data_only": {
      "sigma": 0.3,
      "num_warmup": 5000,
      "num_samples": 2000,
      "num_chains": 4,
      "ess_min": 3028.35143945074,
      "rhat_max": 1.0010394641110296,
      "rhat_mean": 1.0005842845691688,
      "n_div": 8,
      "reliability_flag": "PASS",
      "reliability_explanation": "All diagnostics within thresholds",
      "a_err": 0.005610939281112864,
      "crps_a": 0.0129395325770264,
      "coverage_95": 0.998046875,
      "ci_width": 0.1365604616628927,
      "mean_std": 0.03466894130501807,
      "cal_levels": [
        0.1,
        0.19444444444444445,
        0.28888888888888886,
        0.3833333333333333,
        0.47777777777777775,
        0.5722222222222222,
        0.6666666666666666,
        0.7611111111111111,
        0.8555555555555555,
        0.95
      ],
      "cal_empirical": [
        0.1162109375,
        0.2373046875,
        0.3525390625,
        0.4580078125,
        0.6142578125,
        0.763671875,
        0.87109375,
        0.9521484375,
        0.9794921875,
        0.998046875
      ],
      "nll_a": -2.334178858355535,
      "u_err": null,
      "chi2_ppc": 9.707680659947776,
      "chi2_ppc_pvalue": 1.0,
      "map_a_err": 0.0853203535079956,
      "map_u_err": null,
      "label": "In-domain Data-Only",
      "warmup_time_s": 117.69994807243347,
      "sampling_time_s": 36.760849475860596,
      "step_time_s": 0.005516457055296217,
      "spearman_rho_error_std": 0.35859378352764465,
      "spearman_pvalue_error_std": 1.965721898656368e-32,
      "a_err_per_sample": null
    },
    "in_domain_physics": {
      "sigma": 0.3,
      "num_warmup": 5000,
      "num_samples": 2000,
      "num_chains": 4,
      "ess_min": 2.0024574026611903,
      "rhat_max": 29.93437133084038,
      "rhat_mean": 18.671113240225097,
      "n_div": 0,
      "reliability_flag": "FAIL",
      "reliability_explanation": "ESS_min=2.0 < 10; R-hat_max=29.934 > 1.2",
      "a_err": 0.10368578059574793,
      "crps_a": 0.15402816189015575,
      "coverage_95": 0.990234375,
      "ci_width": 0.8902409679978008,
      "mean_std": 0.3698620488544322,
      "cal_levels": [
        0.1,
        0.19444444444444445,
        0.28888888888888886,
        0.3833333333333333,
        0.47777777777777775,
        0.5722222222222222,
        0.6666666666666666,
        0.7611111111111111,
        0.8555555555555555,
        0.95
      ],
      "cal_empirical": [
        0.126953125,
        0.1865234375,
        0.2373046875,
        0.3046875,
        0.396484375,
        0.501953125,
        0.58984375,
        0.701171875,
        0.869140625,
        0.990234375
      ],
      "nll_a": 0.12460695554128395,
      "u_err": null,
      "chi2_ppc": 691.5860859559162,
      "chi2_ppc_pvalue": 1.1755451670519352e-79,
      "map_a_err": 0.0853203535079956,
      "map_u_err": null,
      "label": "In-domain Physics",
      "warmup_time_s": 9842.15598320961,
      "sampling_time_s": 3955.307954788208,
      "step_time_s": 0.4927665692142078,
      "spearman_rho_error_std": 0.96187859863386,
      "spearman_pvalue_error_std": 0.0,
      "a_err_per_sample": null
    },
    "ood_data_only": {
      "sigma": 0.3,
      "num_warmup": 5000,
      "num_samples": 2000,
      "num_chains": 4,
      "ess_min": 5.532870256094246,
      "rhat_max": 1.5243533268071907,
      "rhat_mean": 1.2473791235566354,
      "n_div": 134,
      "reliability_flag": "FAIL",
      "reliability_explanation": "ESS_min=5.5 < 10; R-hat_max=1.524 > 1.2; divergences=1.7% > 1%",
      "a_err": 0.09403844739457756,
      "crps_a": 0.17167626593048263,
      "coverage_95": 0.259765625,
      "ci_width": 0.23473676266260618,
      "mean_std": 0.05139164546885422,
      "cal_levels": [
        0.1,
        0.19444444444444445,
        0.28888888888888886,
        0.3833333333333333,
        0.47777777777777775,
        0.5722222222222222,
        0.6666666666666666,
        0.7611111111111111,
        0.8555555555555555,
        0.95
      ],
      "cal_empirical": [
        0.0048828125,
        0.0087890625,
        0.01171875,
        0.015625,
        0.0234375,
        0.03125,
        0.0390625,
        0.06640625,
        0.1025390625,
        0.259765625
      ],
      "nll_a": 4.350993633968797,
      "u_err": null,
      "chi2_ppc": 20.418566767959966,
      "chi2_ppc_pvalue": 1.0,
      "map_a_err": 0.29744455218315125,
      "map_u_err": null,
      "label": "OOD Data-Only",
      "warmup_time_s": 2357.5144102573395,
      "sampling_time_s": 2055.9525094032288,
      "step_time_s": 0.15762381855930602,
      "spearman_rho_error_std": 0.9080299714791502,
      "spearman_pvalue_error_std": 0.0,
      "a_err_per_sample": null
    },
    "ood_physics": {
      "sigma": 0.3,
      "num_warmup": 5000,
      "num_samples": 2000,
      "num_chains": 4,
      "ess_min": 1944.8783605424592,
      "rhat_max": 1.002558511949032,
      "rhat_mean": 1.0010598253646237,
      "n_div": 27,
      "reliability_flag": "PASS",
      "reliability_explanation": "All diagnostics within thresholds",
      "a_err": 0.1159260363627593,
      "crps_a": 0.22582104621921745,
      "coverage_95": 0.119140625,
      "ci_width": 0.11747467507549904,
      "mean_std": 0.03029276709100532,
      "cal_levels": [
        0.1,
        0.19444444444444445,
        0.28888888888888886,
        0.3833333333333333,
        0.47777777777777775,
        0.5722222222222222,
        0.6666666666666666,
        0.7611111111111111,
        0.8555555555555555,
        0.95
      ],
      "cal_empirical": [
        0.0068359375,
        0.0126953125,
        0.0185546875,
        0.021484375,
        0.0302734375,
        0.0419921875,
        0.0595703125,
        0.07421875,
        0.08984375,
        0.119140625
      ],
      "nll_a": 27.995570803622513,
      "u_err": null,
      "chi2_ppc": 49.61656989680214,
      "chi2_ppc_pvalue": 0.9999999997443443,
      "map_a_err": 0.29744455218315125,
      "map_u_err": null,
      "label": "OOD Physics",
      "warmup_time_s": 2759.142731189728,
      "sampling_time_s": 400.42067098617554,
      "step_time_s": 0.11284155007771084,
      "spearman_rho_error_std": 0.8393237250554322,
      "spearman_pvalue_error_std": 9.008947320480283e-273,
      "a_err_per_sample": null
    }
  },
  "sweep_var": null,
  "baseline": null,
  "sweep_conditions": null,
  "laplace": null,
  "map_time_s": 8.961103439331055,
  "total_time_s": 38517.37075996399,
  "sweep_value": null,
  "is_sweep_baseline": null
}