{
  "experiment": "ood",
  "problem": "eit",
  "experiment_type": "comparison",
  "timestamp": "2026-06-16T16:48:49",
  "seed": 7,
  "test_idx": 2,
  "prior": {
    "n_prior": 500,
    "a_err": 0.332443505525589,
    "crps_a": 0.8249766712544576,
    "coverage_95": 0.9931640625,
    "ci_width": 3.8394155488046953,
    "mean_std": 1.1047369150457884
  },
  "prior_ood": {
    "n_prior": 500,
    "a_err": 0.28266170620918274,
    "crps_a": 0.5093972343614804,
    "coverage_95": 1.0,
    "ci_width": 3.8394155488046953,
    "mean_std": 1.1047369150457884
  },
  "condition": null,
  "conditions": {
    "in_domain_data_only": {
      "sigma": 0.2,
      "num_warmup": 5000,
      "num_samples": 2000,
      "num_chains": 4,
      "ess_min": 2842.6992302948443,
      "rhat_max": 1.0007121787036628,
      "rhat_mean": 1.0003151743457377,
      "n_div": 8,
      "reliability_flag": "PASS",
      "reliability_explanation": "All diagnostics within thresholds",
      "a_err": 0.0062487251709598774,
      "crps_a": 0.01349414457639739,
      "coverage_95": 0.9775390625,
      "ci_width": 0.10955047317775313,
      "mean_std": 0.02791468828194548,
      "cal_levels": [
        0.1,
        0.19444444444444445,
        0.28888888888888886,
        0.3833333333333333,
        0.47777777777777775,
        0.5722222222222222,
        0.6666666666666666,
        0.7611111111111111,
        0.8555555555555555,
        0.95
      ],
      "cal_empirical": [
        0.099609375,
        0.1787109375,
        0.2626953125,
        0.345703125,
        0.435546875,
        0.5419921875,
        0.6923828125,
        0.806640625,
        0.90234375,
        0.9775390625
      ],
      "nll_a": -2.3462160391527425,
      "u_err": null,
      "chi2_ppc": 23.465494931443363,
      "chi2_ppc_pvalue": 1.0,
      "map_a_err": 0.054212648421525955,
      "map_u_err": null,
      "label": "In-domain Data-Only",
      "warmup_time_s": 126.15989470481873,
      "sampling_time_s": 41.17346453666687,
      "step_time_s": 0.005976191401481629,
      "spearman_rho_error_std": 0.30619345003933907,
      "spearman_pvalue_error_std": 1.1475158343425254e-23,
      "a_err_per_sample": null
    },
    "in_domain_physics": {
      "sigma": 0.2,
      "num_warmup": 5000,
      "num_samples": 2000,
      "num_chains": 4,
      "ess_min": 8944.447094590229,
      "rhat_max": 1.0003763592626773,
      "rhat_mean": 1.0000179129002036,
      "n_div": 0,
      "reliability_flag": "PASS",
      "reliability_explanation": "All diagnostics within thresholds",
      "a_err": 0.005650587880314953,
      "crps_a": 0.012253089431862119,
      "coverage_95": 0.9384765625,
      "ci_width": 0.08611732455869298,
      "mean_std": 0.021848695462431317,
      "cal_levels": [
        0.1,
        0.19444444444444445,
        0.28888888888888886,
        0.3833333333333333,
        0.47777777777777775,
        0.5722222222222222,
        0.6666666666666666,
        0.7611111111111111,
        0.8555555555555555,
        0.95
      ],
      "cal_empirical": [
        0.08984375,
        0.1572265625,
        0.2392578125,
        0.3154296875,
        0.4072265625,
        0.4970703125,
        0.583984375,
        0.6767578125,
        0.8046875,
        0.9384765625
      ],
      "nll_a": -2.447130062159058,
      "u_err": null,
      "chi2_ppc": 22.671541192972796,
      "chi2_ppc_pvalue": 1.0,
      "map_a_err": 0.054212648421525955,
      "map_u_err": null,
      "label": "In-domain Physics",
      "warmup_time_s": 169.8616259098053,
      "sampling_time_s": 30.19746994972229,
      "step_time_s": 0.007144967709268843,
      "spearman_rho_error_std": 0.39048955949145264,
      "spearman_pvalue_error_std": 1.222506546101292e-38,
      "a_err_per_sample": null
    },
    "ood_data_only": {
      "sigma": 0.2,
      "num_warmup": 5000,
      "num_samples": 2000,
      "num_chains": 4,
      "ess_min": 2.232456026689558,
      "rhat_max": 2.971151637613364,
      "rhat_mean": 2.190485184475263,
      "n_div": 20,
      "reliability_flag": "FAIL",
      "reliability_explanation": "ESS_min=2.2 < 10; R-hat_max=2.971 > 1.2",
      "a_err": 0.08481530974291537,
      "crps_a": 0.14812661578845385,
      "coverage_95": 0.21875,
      "ci_width": 0.19532078716836343,
      "mean_std": 0.05415339547503789,
      "cal_levels": [
        0.1,
        0.19444444444444445,
        0.28888888888888886,
        0.3833333333333333,
        0.47777777777777775,
        0.5722222222222222,
        0.6666666666666666,
        0.7611111111111111,
        0.8555555555555555,
        0.95
      ],
      "cal_empirical": [
        0.0205078125,
        0.0263671875,
        0.0361328125,
        0.044921875,
        0.0546875,
        0.08203125,
        0.1064453125,
        0.125,
        0.1484375,
        0.21875
      ],
      "nll_a": 3.3099585319407208,
      "u_err": null,
      "chi2_ppc": 27.499363200771977,
      "chi2_ppc_pvalue": 1.0,
      "map_a_err": 0.3031001389026642,
      "map_u_err": null,
      "label": "OOD Data-Only",
      "warmup_time_s": 1670.9902770519257,
      "sampling_time_s": 2074.967306613922,
      "step_time_s": 0.1337841994166374,
      "spearman_rho_error_std": 0.8969013192010585,
      "spearman_pvalue_error_std": 0.0,
      "a_err_per_sample": null
    },
    "ood_physics": {
      "sigma": 0.2,
      "num_warmup": 5000,
      "num_samples": 2000,
      "num_chains": 4,
      "ess_min": 183.78353593329052,
      "rhat_max": 1.0212615446270006,
      "rhat_mean": 1.0057903371512664,
      "n_div": 25,
      "reliability_flag": "PASS",
      "reliability_explanation": "All diagnostics within thresholds",
      "a_err": 0.10787023766801199,
      "crps_a": 0.21271039962298477,
      "coverage_95": 0.07421875,
      "ci_width": 0.08865719153603031,
      "mean_std": 0.022715650309426672,
      "cal_levels": [
        0.1,
        0.19444444444444445,
        0.28888888888888886,
        0.3833333333333333,
        0.47777777777777775,
        0.5722222222222222,
        0.6666666666666666,
        0.7611111111111111,
        0.8555555555555555,
        0.95
      ],
      "cal_empirical": [
        0.0029296875,
        0.0068359375,
        0.0107421875,
        0.0146484375,
        0.0244140625,
        0.033203125,
        0.041015625,
        0.0498046875,
        0.05859375,
        0.07421875
      ],
      "nll_a": 41.94712003782263,
      "u_err": null,
      "chi2_ppc": 51.51550697589828,
      "chi2_ppc_pvalue": 0.9999999989596333,
      "map_a_err": 0.3031001389026642,
      "map_u_err": null,
      "label": "OOD Physics",
      "warmup_time_s": 2889.973044395447,
      "sampling_time_s": 2501.884834051132,
      "step_time_s": 0.19256635280166354,
      "spearman_rho_error_std": 0.8639429068914956,
      "spearman_pvalue_error_std": 9.617625665583934e-307,
      "a_err_per_sample": null
    }
  },
  "sweep_var": null,
  "baseline": null,
  "sweep_conditions": null,
  "laplace": null,
  "map_time_s": 9.364207744598389,
  "total_time_s": 27115.231196641922,
  "sweep_value": null,
  "is_sweep_baseline": null
}