{
  "experiment": "ood",
  "problem": "eit",
  "experiment_type": "comparison",
  "timestamp": "2026-06-16T13:25:58",
  "seed": 123,
  "test_idx": 0,
  "prior": {
    "n_prior": 500,
    "a_err": 0.3029334247112274,
    "crps_a": 0.7353393017843192,
    "coverage_95": 1.0,
    "ci_width": 3.713656630037276,
    "mean_std": 1.0525433964418416
  },
  "prior_ood": {
    "n_prior": 500,
    "a_err": 0.27936771512031555,
    "crps_a": 0.49616299140093,
    "coverage_95": 1.0,
    "ci_width": 3.713656630037276,
    "mean_std": 1.0525433964418416
  },
  "condition": null,
  "conditions": {
    "in_domain_data_only": {
      "sigma": 0.1,
      "num_warmup": 5000,
      "num_samples": 2000,
      "num_chains": 4,
      "ess_min": 5050.396695643524,
      "rhat_max": 1.001212995272831,
      "rhat_mean": 1.000606176378782,
      "n_div": 0,
      "reliability_flag": "PASS",
      "reliability_explanation": "All diagnostics within thresholds",
      "a_err": 0.004484557343719921,
      "crps_a": 0.009991970543387105,
      "coverage_95": 0.884765625,
      "ci_width": 0.05724107867374242,
      "mean_std": 0.014607125838814045,
      "cal_levels": [
        0.1,
        0.19444444444444445,
        0.28888888888888886,
        0.3833333333333333,
        0.47777777777777775,
        0.5722222222222222,
        0.6666666666666666,
        0.7611111111111111,
        0.8555555555555555,
        0.95
      ],
      "cal_empirical": [
        0.072265625,
        0.1416015625,
        0.2197265625,
        0.2900390625,
        0.3642578125,
        0.4326171875,
        0.5126953125,
        0.599609375,
        0.73046875,
        0.884765625
      ],
      "nll_a": -2.562032179062167,
      "u_err": null,
      "chi2_ppc": 95.86983356679164,
      "chi2_ppc_pvalue": 0.9712453826698103,
      "map_a_err": 0.052620165050029755,
      "map_u_err": null,
      "label": "In-domain Data-Only",
      "warmup_time_s": 183.59019684791565,
      "sampling_time_s": 36.157233476638794,
      "step_time_s": 0.00784812251159123,
      "spearman_rho_error_std": 0.3517030814140619,
      "spearman_pvalue_error_std": 3.506034936425914e-31,
      "a_err_per_sample": null
    },
    "in_domain_physics": {
      "sigma": 0.1,
      "num_warmup": 5000,
      "num_samples": 2000,
      "num_chains": 4,
      "ess_min": 6019.505038642259,
      "rhat_max": 1.0004434247505694,
      "rhat_mean": 1.0002259665274889,
      "n_div": 0,
      "reliability_flag": "PASS",
      "reliability_explanation": "All diagnostics within thresholds",
      "a_err": 0.004205304980570119,
      "crps_a": 0.009366273425092251,
      "coverage_95": 0.826171875,
      "ci_width": 0.04909173468945799,
      "mean_std": 0.012534167007735547,
      "cal_levels": [
        0.1,
        0.19444444444444445,
        0.28888888888888886,
        0.3833333333333333,
        0.47777777777777775,
        0.5722222222222222,
        0.6666666666666666,
        0.7611111111111111,
        0.8555555555555555,
        0.95
      ],
      "cal_empirical": [
        0.0595703125,
        0.1171875,
        0.1826171875,
        0.2587890625,
        0.345703125,
        0.4052734375,
        0.490234375,
        0.568359375,
        0.6650390625,
        0.826171875
      ],
      "nll_a": -2.5086444189785837,
      "u_err": null,
      "chi2_ppc": 96.25324919844599,
      "chi2_ppc_pvalue": 0.969293920051533,
      "map_a_err": 0.052620165050029755,
      "map_u_err": null,
      "label": "In-domain Physics",
      "warmup_time_s": 244.6054880619049,
      "sampling_time_s": 59.210662841796875,
      "step_time_s": 0.010850576817989349,
      "spearman_rho_error_std": 0.36641891227380013,
      "spearman_pvalue_error_std": 6.8346923018998184e-34,
      "a_err_per_sample": null
    },
    "ood_data_only": {
      "sigma": 0.1,
      "num_warmup": 5000,
      "num_samples": 2000,
      "num_chains": 4,
      "ess_min": 2790.9340003811662,
      "rhat_max": 1.0029634921593504,
      "rhat_mean": 1.0018879153652558,
      "n_div": 34,
      "reliability_flag": "PASS",
      "reliability_explanation": "All diagnostics within thresholds",
      "a_err": 0.06659788240176735,
      "crps_a": 0.13154873720811405,
      "coverage_95": 0.03515625,
      "ci_width": 0.051513870086973744,
      "mean_std": 0.01310912190471168,
      "cal_levels": [
        0.1,
        0.19444444444444445,
        0.28888888888888886,
        0.3833333333333333,
        0.47777777777777775,
        0.5722222222222222,
        0.6666666666666666,
        0.7611111111111111,
        0.8555555555555555,
        0.95
      ],
      "cal_empirical": [
        0.0009765625,
        0.00390625,
        0.0078125,
        0.009765625,
        0.0107421875,
        0.0107421875,
        0.0166015625,
        0.0185546875,
        0.0244140625,
        0.03515625
      ],
      "nll_a": 49.20242876898675,
      "u_err": null,
      "chi2_ppc": 68.21042555402076,
      "chi2_ppc_pvalue": 0.9999886410226441,
      "map_a_err": 0.24790671467781067,
      "map_u_err": null,
      "label": "OOD Data-Only",
      "warmup_time_s": 1724.7725176811218,
      "sampling_time_s": 380.1949350833893,
      "step_time_s": 0.07517740902730397,
      "spearman_rho_error_std": 0.9473839943494741,
      "spearman_pvalue_error_std": 0.0,
      "a_err_per_sample": null
    },
    "ood_physics": {
      "sigma": 0.1,
      "num_warmup": 5000,
      "num_samples": 2000,
      "num_chains": 4,
      "ess_min": 1660.6133396489085,
      "rhat_max": 1.002698229127795,
      "rhat_mean": 1.001960039683176,
      "n_div": 8,
      "reliability_flag": "PASS",
      "reliability_explanation": "All diagnostics within thresholds",
      "a_err": 0.08352963417746016,
      "crps_a": 0.1670067076745773,
      "coverage_95": 0.0244140625,
      "ci_width": 0.0477511700936424,
      "mean_std": 0.012222236604016026,
      "cal_levels": [
        0.1,
        0.19444444444444445,
        0.28888888888888886,
        0.3833333333333333,
        0.47777777777777775,
        0.5722222222222222,
        0.6666666666666666,
        0.7611111111111111,
        0.8555555555555555,
        0.95
      ],
      "cal_empirical": [
        0.0029296875,
        0.0048828125,
        0.005859375,
        0.0087890625,
        0.009765625,
        0.01171875,
        0.0146484375,
        0.017578125,
        0.01953125,
        0.0244140625
      ],
      "nll_a": 89.8829415922832,
      "u_err": null,
      "chi2_ppc": 98.80565851471003,
      "chi2_ppc_pvalue": 0.9535282031013799,
      "map_a_err": 0.24790671467781067,
      "map_u_err": null,
      "label": "OOD Physics",
      "warmup_time_s": 4570.789796590805,
      "sampling_time_s": 3700.8765394687653,
      "step_time_s": 0.2954166548592704,
      "spearman_rho_error_std": 0.9360131607181174,
      "spearman_pvalue_error_std": 0.0,
      "a_err_per_sample": null
    }
  },
  "sweep_var": null,
  "baseline": null,
  "sweep_conditions": null,
  "laplace": null,
  "map_time_s": 9.202038526535034,
  "total_time_s": 28130.414129018784,
  "sweep_value": null,
  "is_sweep_baseline": null
}