{
  "experiment": "ood",
  "problem": "eit",
  "experiment_type": "comparison",
  "timestamp": "2026-06-16T13:02:16",
  "seed": 42,
  "test_idx": 2,
  "prior": {
    "n_prior": 500,
    "a_err": 0.3181970417499542,
    "crps_a": 0.7735320736925708,
    "coverage_95": 1.0,
    "ci_width": 3.80434848162999,
    "mean_std": 1.0967404587745617
  },
  "prior_ood": {
    "n_prior": 500,
    "a_err": 0.28496161103248596,
    "crps_a": 0.5105936779112121,
    "coverage_95": 1.0,
    "ci_width": 3.80434848162999,
    "mean_std": 1.0967404587745617
  },
  "condition": null,
  "conditions": {
    "in_domain_data_only": {
      "sigma": 0.3,
      "num_warmup": 5000,
      "num_samples": 2000,
      "num_chains": 4,
      "ess_min": 2557.504313827849,
      "rhat_max": 1.0005087187596535,
      "rhat_mean": 1.0001744008634883,
      "n_div": 12,
      "reliability_flag": "PASS",
      "reliability_explanation": "All diagnostics within thresholds",
      "a_err": 0.00785467707598147,
      "crps_a": 0.01678346317297695,
      "coverage_95": 0.99609375,
      "ci_width": 0.14104431269505274,
      "mean_std": 0.035894876615913014,
      "cal_levels": [
        0.1,
        0.19444444444444445,
        0.28888888888888886,
        0.3833333333333333,
        0.47777777777777775,
        0.5722222222222222,
        0.6666666666666666,
        0.7611111111111111,
        0.8555555555555555,
        0.95
      ],
      "cal_empirical": [
        0.09375,
        0.185546875,
        0.2626953125,
        0.3525390625,
        0.4345703125,
        0.5537109375,
        0.6904296875,
        0.8388671875,
        0.9521484375,
        0.99609375
      ],
      "nll_a": -2.1552353400881863,
      "u_err": null,
      "chi2_ppc": 10.764556348194818,
      "chi2_ppc_pvalue": 1.0,
      "map_a_err": 0.054234907031059265,
      "map_u_err": null,
      "label": "In-domain Data-Only",
      "warmup_time_s": 107.77747583389282,
      "sampling_time_s": 31.961020946502686,
      "step_time_s": 0.00499066059929984,
      "spearman_rho_error_std": 0.350295076800658,
      "spearman_pvalue_error_std": 6.261918467015976e-31,
      "a_err_per_sample": null
    },
    "in_domain_physics": {
      "sigma": 0.3,
      "num_warmup": 5000,
      "num_samples": 2000,
      "num_chains": 4,
      "ess_min": 8802.768451374159,
      "rhat_max": 1.0003233494513624,
      "rhat_mean": 1.0000639734405066,
      "n_div": 0,
      "reliability_flag": "PASS",
      "reliability_explanation": "All diagnostics within thresholds",
      "a_err": 0.006263328538470656,
      "crps_a": 0.013585453105051742,
      "coverage_95": 0.982421875,
      "ci_width": 0.11342664850387002,
      "mean_std": 0.028988181880169495,
      "cal_levels": [
        0.1,
        0.19444444444444445,
        0.28888888888888886,
        0.3833333333333333,
        0.47777777777777775,
        0.5722222222222222,
        0.6666666666666666,
        0.7611111111111111,
        0.8555555555555555,
        0.95
      ],
      "cal_empirical": [
        0.0966796875,
        0.1953125,
        0.2822265625,
        0.400390625,
        0.5068359375,
        0.599609375,
        0.689453125,
        0.783203125,
        0.900390625,
        0.982421875
      ],
      "nll_a": -2.361780267583903,
      "u_err": null,
      "chi2_ppc": 10.210516331602225,
      "chi2_ppc_pvalue": 1.0,
      "map_a_err": 0.054234907031059265,
      "map_u_err": null,
      "label": "In-domain Physics",
      "warmup_time_s": 143.46935725212097,
      "sampling_time_s": 29.282448768615723,
      "step_time_s": 0.006169707357883454,
      "spearman_rho_error_std": 0.39435032365352973,
      "spearman_pvalue_error_std": 1.941671350935704e-39,
      "a_err_per_sample": null
    },
    "ood_data_only": {
      "sigma": 0.3,
      "num_warmup": 5000,
      "num_samples": 2000,
      "num_chains": 4,
      "ess_min": 52.62154454258031,
      "rhat_max": 1.0556730319388967,
      "rhat_mean": 1.0250170499309919,
      "n_div": 100,
      "reliability_flag": "WARN",
      "reliability_explanation": "R-hat_max=1.056 > 1.05; divergences=1.2% > 1%",
      "a_err": 0.10666279484182364,
      "crps_a": 0.20221951321491768,
      "coverage_95": 0.1396484375,
      "ci_width": 0.1288239315191857,
      "mean_std": 0.03334727469362997,
      "cal_levels": [
        0.1,
        0.19444444444444445,
        0.28888888888888886,
        0.3833333333333333,
        0.47777777777777775,
        0.5722222222222222,
        0.6666666666666666,
        0.7611111111111111,
        0.8555555555555555,
        0.95
      ],
      "cal_empirical": [
        0.005859375,
        0.021484375,
        0.0361328125,
        0.0400390625,
        0.044921875,
        0.0478515625,
        0.05859375,
        0.06640625,
        0.0986328125,
        0.1396484375
      ],
      "nll_a": 17.87242323225046,
      "u_err": null,
      "chi2_ppc": 15.658534278578216,
      "chi2_ppc_pvalue": 1.0,
      "map_a_err": 0.2689601182937622,
      "map_u_err": null,
      "label": "OOD Data-Only",
      "warmup_time_s": 3636.0746870040894,
      "sampling_time_s": 1629.3622834682465,
      "step_time_s": 0.18805132037401198,
      "spearman_rho_error_std": 0.8031206078785493,
      "spearman_pvalue_error_std": 4.540338907792558e-232,
      "a_err_per_sample": null
    },
    "ood_physics": {
      "sigma": 0.3,
      "num_warmup": 5000,
      "num_samples": 2000,
      "num_chains": 4,
      "ess_min": 5.3425039368227365,
      "rhat_max": 1.3131066523213561,
      "rhat_mean": 1.144076471258537,
      "n_div": 122,
      "reliability_flag": "FAIL",
      "reliability_explanation": "ESS_min=5.3 < 10; R-hat_max=1.313 > 1.2; divergences=1.5% > 1%",
      "a_err": 0.12597452401940187,
      "crps_a": 0.2421511973876704,
      "coverage_95": 0.12109375,
      "ci_width": 0.15461914531850368,
      "mean_std": 0.039795632514612496,
      "cal_levels": [
        0.1,
        0.19444444444444445,
        0.28888888888888886,
        0.3833333333333333,
        0.47777777777777775,
        0.5722222222222222,
        0.6666666666666666,
        0.7611111111111111,
        0.8555555555555555,
        0.95
      ],
      "cal_empirical": [
        0.0068359375,
        0.0107421875,
        0.017578125,
        0.0244140625,
        0.029296875,
        0.0341796875,
        0.0458984375,
        0.0673828125,
        0.0908203125,
        0.12109375
      ],
      "nll_a": 19.95802726873257,
      "u_err": null,
      "chi2_ppc": 33.96339704963924,
      "chi2_ppc_pvalue": 1.0,
      "map_a_err": 0.2689601182937622,
      "map_u_err": null,
      "label": "OOD Physics",
      "warmup_time_s": 3820.4881744384766,
      "sampling_time_s": 1549.1366121768951,
      "step_time_s": 0.19177231380769186,
      "spearman_rho_error_std": 0.8473497290966311,
      "spearman_pvalue_error_std": 3.507060618011404e-283,
      "a_err_per_sample": null
    }
  },
  "sweep_var": null,
  "baseline": null,
  "sweep_conditions": null,
  "laplace": null,
  "map_time_s": 8.97672152519226,
  "total_time_s": 27618.256626605988,
  "sweep_value": null,
  "is_sweep_baseline": null
}