{
  "experiment": "ood",
  "problem": "eit",
  "experiment_type": "comparison",
  "timestamp": "2026-06-16T15:30:04",
  "seed": 7,
  "test_idx": 0,
  "prior": {
    "n_prior": 500,
    "a_err": 0.332443505525589,
    "crps_a": 0.8249766712544576,
    "coverage_95": 0.9931640625,
    "ci_width": 3.8394155488046953,
    "mean_std": 1.1047369150457884
  },
  "prior_ood": {
    "n_prior": 500,
    "a_err": 0.28266170620918274,
    "crps_a": 0.5093972343614804,
    "coverage_95": 1.0,
    "ci_width": 3.8394155488046953,
    "mean_std": 1.1047369150457884
  },
  "condition": null,
  "conditions": {
    "in_domain_data_only": {
      "sigma": 0.2,
      "num_warmup": 5000,
      "num_samples": 2000,
      "num_chains": 4,
      "ess_min": 3155.9917613985053,
      "rhat_max": 1.0017208183060482,
      "rhat_mean": 1.0007879817765282,
      "n_div": 2,
      "reliability_flag": "PASS",
      "reliability_explanation": "All diagnostics within thresholds",
      "a_err": 0.004441651722498077,
      "crps_a": 0.010210865156134345,
      "coverage_95": 0.9833984375,
      "ci_width": 0.09552405785309054,
      "mean_std": 0.02438724370563745,
      "cal_levels": [
        0.1,
        0.19444444444444445,
        0.28888888888888886,
        0.3833333333333333,
        0.47777777777777775,
        0.5722222222222222,
        0.6666666666666666,
        0.7611111111111111,
        0.8555555555555555,
        0.95
      ],
      "cal_empirical": [
        0.0859375,
        0.177734375,
        0.2939453125,
        0.4287109375,
        0.5517578125,
        0.6650390625,
        0.7666015625,
        0.8701171875,
        0.9501953125,
        0.9833984375
      ],
      "nll_a": -2.553056053426671,
      "u_err": null,
      "chi2_ppc": 24.994297443743992,
      "chi2_ppc_pvalue": 1.0,
      "map_a_err": 0.04704749956727028,
      "map_u_err": null,
      "label": "In-domain Data-Only",
      "warmup_time_s": 134.18674278259277,
      "sampling_time_s": 39.580923080444336,
      "step_time_s": 0.00620598806653704,
      "spearman_rho_error_std": 0.26238021690150914,
      "spearman_pvalue_error_std": 1.3907103418548533e-17,
      "a_err_per_sample": null
    },
    "in_domain_physics": {
      "sigma": 0.2,
      "num_warmup": 5000,
      "num_samples": 2000,
      "num_chains": 4,
      "ess_min": 9337.883863606603,
      "rhat_max": 1.00031951496198,
      "rhat_mean": 1.0000476351927412,
      "n_div": 0,
      "reliability_flag": "PASS",
      "reliability_explanation": "All diagnostics within thresholds",
      "a_err": 0.004014235318044608,
      "crps_a": 0.009198020707292032,
      "coverage_95": 0.9658203125,
      "ci_width": 0.07942425846962203,
      "mean_std": 0.020220928406852093,
      "cal_levels": [
        0.1,
        0.19444444444444445,
        0.28888888888888886,
        0.3833333333333333,
        0.47777777777777775,
        0.5722222222222222,
        0.6666666666666666,
        0.7611111111111111,
        0.8555555555555555,
        0.95
      ],
      "cal_empirical": [
        0.119140625,
        0.236328125,
        0.3447265625,
        0.439453125,
        0.5185546875,
        0.6005859375,
        0.693359375,
        0.80078125,
        0.8798828125,
        0.9658203125
      ],
      "nll_a": -2.6760733066868507,
      "u_err": null,
      "chi2_ppc": 24.402630248477394,
      "chi2_ppc_pvalue": 1.0,
      "map_a_err": 0.04704749956727028,
      "map_u_err": null,
      "label": "In-domain Physics",
      "warmup_time_s": 190.98819875717163,
      "sampling_time_s": 29.310412883758545,
      "step_time_s": 0.00786780755860465,
      "spearman_rho_error_std": 0.13492053948215435,
      "spearman_pvalue_error_std": 1.4775707490487592e-05,
      "a_err_per_sample": null
    },
    "ood_data_only": {
      "sigma": 0.2,
      "num_warmup": 5000,
      "num_samples": 2000,
      "num_chains": 4,
      "ess_min": 6.410927369423883,
      "rhat_max": 1.605117433040699,
      "rhat_mean": 1.361468148007105,
      "n_div": 124,
      "reliability_flag": "FAIL",
      "reliability_explanation": "ESS_min=6.4 < 10; R-hat_max=1.605 > 1.2; divergences=1.6% > 1%",
      "a_err": 0.08391701964109047,
      "crps_a": 0.15755565944937544,
      "coverage_95": 0.109375,
      "ci_width": 0.1327649904986895,
      "mean_std": 0.031217201321406974,
      "cal_levels": [
        0.1,
        0.19444444444444445,
        0.28888888888888886,
        0.3833333333333333,
        0.47777777777777775,
        0.5722222222222222,
        0.6666666666666666,
        0.7611111111111111,
        0.8555555555555555,
        0.95
      ],
      "cal_empirical": [
        0.0009765625,
        0.0048828125,
        0.0078125,
        0.0107421875,
        0.015625,
        0.0166015625,
        0.0224609375,
        0.0302734375,
        0.068359375,
        0.109375
      ],
      "nll_a": 12.007427834884925,
      "u_err": null,
      "chi2_ppc": 21.601415247381617,
      "chi2_ppc_pvalue": 1.0,
      "map_a_err": 0.300899475812912,
      "map_u_err": null,
      "label": "OOD Data-Only",
      "warmup_time_s": 1491.6559581756592,
      "sampling_time_s": 269.50369572639465,
      "step_time_s": 0.06289855906793049,
      "spearman_rho_error_std": 0.9288198045561832,
      "spearman_pvalue_error_std": 0.0,
      "a_err_per_sample": null
    },
    "ood_physics": {
      "sigma": 0.2,
      "num_warmup": 5000,
      "num_samples": 2000,
      "num_chains": 4,
      "ess_min": 20.51793768538391,
      "rhat_max": 1.0934856922000453,
      "rhat_mean": 1.0218478068469241,
      "n_div": 26,
      "reliability_flag": "WARN",
      "reliability_explanation": "ESS_min=20.5 < 50; R-hat_max=1.093 > 1.05",
      "a_err": 0.10933093064089595,
      "crps_a": 0.2167332386784274,
      "coverage_95": 0.0703125,
      "ci_width": 0.07880388513811729,
      "mean_std": 0.020020961745055438,
      "cal_levels": [
        0.1,
        0.19444444444444445,
        0.28888888888888886,
        0.3833333333333333,
        0.47777777777777775,
        0.5722222222222222,
        0.6666666666666666,
        0.7611111111111111,
        0.8555555555555555,
        0.95
      ],
      "cal_empirical": [
        0.0087890625,
        0.013671875,
        0.0185546875,
        0.021484375,
        0.025390625,
        0.02734375,
        0.0361328125,
        0.04296875,
        0.0498046875,
        0.0703125
      ],
      "nll_a": 56.02906912232517,
      "u_err": null,
      "chi2_ppc": 56.56504149580689,
      "chi2_ppc_pvalue": 0.9999999706319418,
      "map_a_err": 0.300899475812912,
      "map_u_err": null,
      "label": "OOD Physics",
      "warmup_time_s": 4708.877371549606,
      "sampling_time_s": 2238.994675397873,
      "step_time_s": 0.2481382873909814,
      "spearman_rho_error_std": 0.8595965283241541,
      "spearman_pvalue_error_std": 2.7906983703611594e-300,
      "a_err_per_sample": null
    }
  },
  "sweep_var": null,
  "baseline": null,
  "sweep_conditions": null,
  "laplace": null,
  "map_time_s": 8.879465103149414,
  "total_time_s": 26222.961171627045,
  "sweep_value": null,
  "is_sweep_baseline": null
}