{
  "experiment": "ood",
  "problem": "eit",
  "experiment_type": "comparison",
  "timestamp": "2026-06-16T13:12:14",
  "seed": 123,
  "test_idx": 1,
  "prior": {
    "n_prior": 500,
    "a_err": 0.3029334247112274,
    "crps_a": 0.7353393017843192,
    "coverage_95": 1.0,
    "ci_width": 3.713656630037276,
    "mean_std": 1.0525433964418416
  },
  "prior_ood": {
    "n_prior": 500,
    "a_err": 0.27936771512031555,
    "crps_a": 0.49616299140093,
    "coverage_95": 1.0,
    "ci_width": 3.713656630037276,
    "mean_std": 1.0525433964418416
  },
  "condition": null,
  "conditions": {
    "in_domain_data_only": {
      "sigma": 0.2,
      "num_warmup": 5000,
      "num_samples": 2000,
      "num_chains": 4,
      "ess_min": 3570.836153534371,
      "rhat_max": 1.0010869497880444,
      "rhat_mean": 1.0004429556391858,
      "n_div": 1,
      "reliability_flag": "PASS",
      "reliability_explanation": "All diagnostics within thresholds",
      "a_err": 0.004055960401032711,
      "crps_a": 0.009752412267329154,
      "coverage_95": 0.9951171875,
      "ci_width": 0.10311717257555167,
      "mean_std": 0.026257169145666174,
      "cal_levels": [
        0.1,
        0.19444444444444445,
        0.28888888888888886,
        0.3833333333333333,
        0.47777777777777775,
        0.5722222222222222,
        0.6666666666666666,
        0.7611111111111111,
        0.8555555555555555,
        0.95
      ],
      "cal_empirical": [
        0.126953125,
        0.2509765625,
        0.3935546875,
        0.505859375,
        0.6533203125,
        0.7568359375,
        0.8369140625,
        0.912109375,
        0.970703125,
        0.9951171875
      ],
      "nll_a": -2.5844162132102744,
      "u_err": null,
      "chi2_ppc": 19.818748334725885,
      "chi2_ppc_pvalue": 1.0,
      "map_a_err": 0.08669685572385788,
      "map_u_err": null,
      "label": "In-domain Data-Only",
      "warmup_time_s": 135.03788590431213,
      "sampling_time_s": 40.52587938308716,
      "step_time_s": 0.006270134474549975,
      "spearman_rho_error_std": 0.25399813809813315,
      "spearman_pvalue_error_std": 1.5351042271096438e-16,
      "a_err_per_sample": null
    },
    "in_domain_physics": {
      "sigma": 0.2,
      "num_warmup": 5000,
      "num_samples": 2000,
      "num_chains": 4,
      "ess_min": 7719.9698152947885,
      "rhat_max": 1.0001385587897897,
      "rhat_mean": 0.9999331814988742,
      "n_div": 0,
      "reliability_flag": "PASS",
      "reliability_explanation": "All diagnostics within thresholds",
      "a_err": 0.005399833557269163,
      "crps_a": 0.011587390286803542,
      "coverage_95": 0.951171875,
      "ci_width": 0.08414314416272957,
      "mean_std": 0.02140316267187914,
      "cal_levels": [
        0.1,
        0.19444444444444445,
        0.28888888888888886,
        0.3833333333333333,
        0.47777777777777775,
        0.5722222222222222,
        0.6666666666666666,
        0.7611111111111111,
        0.8555555555555555,
        0.95
      ],
      "cal_empirical": [
        0.0927734375,
        0.169921875,
        0.2509765625,
        0.33984375,
        0.400390625,
        0.5009765625,
        0.5859375,
        0.69921875,
        0.8369140625,
        0.951171875
      ],
      "nll_a": -2.5078046904716587,
      "u_err": null,
      "chi2_ppc": 19.49831501007333,
      "chi2_ppc_pvalue": 1.0,
      "map_a_err": 0.08669685572385788,
      "map_u_err": null,
      "label": "In-domain Physics",
      "warmup_time_s": 182.39885640144348,
      "sampling_time_s": 40.276488065719604,
      "step_time_s": 0.007952690873827254,
      "spearman_rho_error_std": 0.39817567144696375,
      "spearman_pvalue_error_std": 3.061243568663036e-40,
      "a_err_per_sample": null
    },
    "ood_data_only": {
      "sigma": 0.2,
      "num_warmup": 5000,
      "num_samples": 2000,
      "num_chains": 4,
      "ess_min": 2.249401898103683,
      "rhat_max": 2.9844947657211747,
      "rhat_mean": 2.279577657522836,
      "n_div": 25,
      "reliability_flag": "FAIL",
      "reliability_explanation": "ESS_min=2.2 < 10; R-hat_max=2.984 > 1.2",
      "a_err": 0.05781816693648473,
      "crps_a": 0.08995620720499961,
      "coverage_95": 0.568359375,
      "ci_width": 0.22187181538030498,
      "mean_std": 0.06251818545745505,
      "cal_levels": [
        0.1,
        0.19444444444444445,
        0.28888888888888886,
        0.3833333333333333,
        0.47777777777777775,
        0.5722222222222222,
        0.6666666666666666,
        0.7611111111111111,
        0.8555555555555555,
        0.95
      ],
      "cal_empirical": [
        0.0078125,
        0.0126953125,
        0.01953125,
        0.033203125,
        0.0625,
        0.1103515625,
        0.1533203125,
        0.2177734375,
        0.4482421875,
        0.568359375
      ],
      "nll_a": 0.2782630287374023,
      "u_err": null,
      "chi2_ppc": 27.064328671159117,
      "chi2_ppc_pvalue": 1.0,
      "map_a_err": 0.28739580512046814,
      "map_u_err": null,
      "label": "OOD Data-Only",
      "warmup_time_s": 1740.490136384964,
      "sampling_time_s": 577.6848986148834,
      "step_time_s": 0.08279196553570883,
      "spearman_rho_error_std": 0.8873616761140118,
      "spearman_pvalue_error_std": 0.0,
      "a_err_per_sample": null
    },
    "ood_physics": {
      "sigma": 0.2,
      "num_warmup": 5000,
      "num_samples": 2000,
      "num_chains": 4,
      "ess_min": 2.6337348618340166,
      "rhat_max": 1.9598396744446758,
      "rhat_mean": 1.402966970246733,
      "n_div": 11,
      "reliability_flag": "FAIL",
      "reliability_explanation": "ESS_min=2.6 < 10; R-hat_max=1.960 > 1.2",
      "a_err": 0.09354280324982953,
      "crps_a": 0.1808758564779768,
      "coverage_95": 0.1142578125,
      "ci_width": 0.10860244518834253,
      "mean_std": 0.028118194422207303,
      "cal_levels": [
        0.1,
        0.19444444444444445,
        0.28888888888888886,
        0.3833333333333333,
        0.47777777777777775,
        0.5722222222222222,
        0.6666666666666666,
        0.7611111111111111,
        0.8555555555555555,
        0.95
      ],
      "cal_empirical": [
        0.009765625,
        0.0185546875,
        0.03125,
        0.04296875,
        0.0517578125,
        0.056640625,
        0.0693359375,
        0.0849609375,
        0.099609375,
        0.1142578125
      ],
      "nll_a": 22.575852786627145,
      "u_err": null,
      "chi2_ppc": 69.77844875034343,
      "chi2_ppc_pvalue": 0.9999782259007242,
      "map_a_err": 0.28739580512046814,
      "map_u_err": null,
      "label": "OOD Physics",
      "warmup_time_s": 1715.3209853172302,
      "sampling_time_s": 297.3688609600067,
      "step_time_s": 0.07188178022418704,
      "spearman_rho_error_std": 0.8214390735641226,
      "spearman_pvalue_error_std": 1.6484675128312558e-251,
      "a_err_per_sample": null
    }
  },
  "sweep_var": null,
  "baseline": null,
  "sweep_conditions": null,
  "laplace": null,
  "map_time_s": 8.982999801635742,
  "total_time_s": 22344.993978261948,
  "sweep_value": null,
  "is_sweep_baseline": null
}