{
  "experiment": "noise_sweep",
  "problem": "burgers",
  "experiment_type": "sweep",
  "timestamp": "2026-06-14T12:22:41",
  "seed": 123,
  "test_idx": null,
  "prior": {
    "n_prior": 500,
    "a_err": 0.9602197408676147,
    "crps_a": 0.06393076147802378,
    "coverage_95": 0.9921875,
    "ci_width": 0.5937180768084882,
    "mean_std": 0.15028668313661503
  },
  "prior_ood": null,
  "condition": null,
  "conditions": null,
  "sweep_var": "snr_db",
  "baseline": {
    "sigma": 0.005,
    "num_warmup": 5000,
    "num_samples": 2000,
    "num_chains": 4,
    "ess_min": 4067.3066169827866,
    "rhat_max": 1.0013570618744707,
    "rhat_mean": 1.0001596753032203,
    "n_div": 0,
    "reliability_flag": "PASS",
    "reliability_explanation": "All diagnostics within thresholds",
    "a_err": 0.10225873019240267,
    "crps_a": 0.006730480015868253,
    "coverage_95": 0.953125,
    "ci_width": 0.06264449307301137,
    "mean_std": 0.01602812243805169,
    "cal_levels": [
      0.1,
      0.19444444444444445,
      0.28888888888888886,
      0.3833333333333333,
      0.47777777777777775,
      0.5722222222222222,
      0.6666666666666666,
      0.7611111111111111,
      0.8555555555555555,
      0.95
    ],
    "cal_empirical": [
      0.1328125,
      0.25,
      0.3515625,
      0.4765625,
      0.578125,
      0.6953125,
      0.796875,
      0.859375,
      0.921875,
      0.953125
    ],
    "nll_a": -3.2373064739111896,
    "u_err": null,
    "chi2_ppc": 0.4031928106803397,
    "chi2_ppc_pvalue": 1.0,
    "map_a_err": 0.137282309844917,
    "map_u_err": null,
    "label": "Clean",
    "warmup_time_s": 518.7641253471375,
    "sampling_time_s": 199.12435960769653,
    "step_time_s": 0.025638874462672642,
    "spearman_rho_error_std": 0.20210927485808458,
    "spearman_pvalue_error_std": 0.02214696039009257,
    "a_err_per_sample": null
  },
  "sweep_conditions": [],
  "laplace": null,
  "map_time_s": 8.590648174285889,
  "total_time_s": 2281.246997833252,
  "sweep_value": null,
  "is_sweep_baseline": null
}