{
  "experiment": "noise_sweep",
  "problem": "burgers",
  "experiment_type": "sweep",
  "timestamp": "2026-06-14T12:23:16",
  "seed": 123,
  "test_idx": null,
  "prior": {
    "n_prior": 500,
    "a_err": 0.9602197408676147,
    "crps_a": 0.06393076147802378,
    "coverage_95": 0.9921875,
    "ci_width": 0.5937180768084882,
    "mean_std": 0.15028668313661503
  },
  "prior_ood": null,
  "condition": null,
  "conditions": null,
  "sweep_var": "snr_db",
  "baseline": null,
  "sweep_conditions": [
    {
      "sigma": 0.005,
      "num_warmup": 5000,
      "num_samples": 2000,
      "num_chains": 4,
      "ess_min": 3893.611645335124,
      "rhat_max": 1.0004920870250824,
      "rhat_mean": 1.0000700550774402,
      "n_div": 0,
      "reliability_flag": "PASS",
      "reliability_explanation": "All diagnostics within thresholds",
      "a_err": 0.12361319173952245,
      "crps_a": 0.007763166704912741,
      "coverage_95": 0.921875,
      "ci_width": 0.06235548521066782,
      "mean_std": 0.01592757275123327,
      "cal_levels": [
        0.1,
        0.19444444444444445,
        0.28888888888888886,
        0.3833333333333333,
        0.47777777777777775,
        0.5722222222222222,
        0.6666666666666666,
        0.7611111111111111,
        0.8555555555555555,
        0.95
      ],
      "cal_empirical": [
        0.125,
        0.2265625,
        0.3515625,
        0.4453125,
        0.5,
        0.5859375,
        0.71875,
        0.7734375,
        0.8984375,
        0.921875
      ],
      "nll_a": -3.1459823979826216,
      "u_err": null,
      "chi2_ppc": 3.433609825316515,
      "chi2_ppc_pvalue": 1.0,
      "map_a_err": null,
      "map_u_err": null,
      "label": "SNR=35dB",
      "warmup_time_s": 512.0649981498718,
      "sampling_time_s": 192.35804653167725,
      "step_time_s": 0.025157965881483894,
      "spearman_rho_error_std": 0.28299533052554476,
      "spearman_pvalue_error_std": 0.0012089956480143024,
      "a_err_per_sample": null
    }
  ],
  "laplace": null,
  "map_time_s": 7.6270129680633545,
  "total_time_s": 2205.150879383087,
  "sweep_value": null,
  "is_sweep_baseline": null
}