{
  "experiment": "noise_sweep",
  "problem": "burgers",
  "experiment_type": "sweep",
  "timestamp": "2026-06-14T11:44:09",
  "seed": 42,
  "test_idx": null,
  "prior": {
    "n_prior": 500,
    "a_err": 0.9434337019920349,
    "crps_a": 0.06372308686693665,
    "coverage_95": 0.9921875,
    "ci_width": 0.6128114267302585,
    "mean_std": 0.15381072323505676
  },
  "prior_ood": null,
  "condition": null,
  "conditions": null,
  "sweep_var": "snr_db",
  "baseline": {
    "sigma": 0.002,
    "num_warmup": 5000,
    "num_samples": 2000,
    "num_chains": 4,
    "ess_min": 3221.008196048725,
    "rhat_max": 1.0017264416088254,
    "rhat_mean": 1.00051543155115,
    "n_div": 0,
    "reliability_flag": "PASS",
    "reliability_explanation": "All diagnostics within thresholds",
    "a_err": 0.06590826653155102,
    "crps_a": 0.0042168955608017766,
    "coverage_95": 0.953125,
    "ci_width": 0.03511127535754184,
    "mean_std": 0.008981145063204287,
    "cal_levels": [
      0.1,
      0.19444444444444445,
      0.28888888888888886,
      0.3833333333333333,
      0.47777777777777775,
      0.5722222222222222,
      0.6666666666666666,
      0.7611111111111111,
      0.8555555555555555,
      0.95
    ],
    "cal_empirical": [
      0.0703125,
      0.1171875,
      0.2578125,
      0.3828125,
      0.5234375,
      0.65625,
      0.703125,
      0.84375,
      0.890625,
      0.953125
    ],
    "nll_a": -3.677101195302586,
    "u_err": null,
    "chi2_ppc": 3.315194165389333,
    "chi2_ppc_pvalue": 1.0,
    "map_a_err": 0.09284250176968759,
    "map_u_err": null,
    "label": "Clean",
    "warmup_time_s": 805.4780061244965,
    "sampling_time_s": 381.5797736644745,
    "step_time_s": 0.04239492070674896,
    "spearman_rho_error_std": 0.3324539919428676,
    "spearman_pvalue_error_std": 0.00012605798590062693,
    "a_err_per_sample": null
  },
  "sweep_conditions": [],
  "laplace": null,
  "map_time_s": 8.20018744468689,
  "total_time_s": 2513.1608884334564,
  "sweep_value": null,
  "is_sweep_baseline": null
}