{
  "experiment": "noise_sweep",
  "problem": "burgers",
  "experiment_type": "sweep",
  "timestamp": "2026-06-14T13:09:14",
  "seed": 7,
  "test_idx": null,
  "prior": {
    "n_prior": 500,
    "a_err": 0.9936088919639587,
    "crps_a": 0.06449103603242046,
    "coverage_95": 0.9921875,
    "ci_width": 0.5922809739021584,
    "mean_std": 0.15069773006675605
  },
  "prior_ood": null,
  "condition": null,
  "conditions": null,
  "sweep_var": "snr_db",
  "baseline": {
    "sigma": 0.002,
    "num_warmup": 5000,
    "num_samples": 2000,
    "num_chains": 4,
    "ess_min": 3325.5636422101156,
    "rhat_max": 1.001472468733632,
    "rhat_mean": 1.0003404569786833,
    "n_div": 0,
    "reliability_flag": "PASS",
    "reliability_explanation": "All diagnostics within thresholds",
    "a_err": 0.0708571183957064,
    "crps_a": 0.004600693702965956,
    "coverage_95": 0.9375,
    "ci_width": 0.03813550983254885,
    "mean_std": 0.009767735682557524,
    "cal_levels": [
      0.1,
      0.19444444444444445,
      0.28888888888888886,
      0.3833333333333333,
      0.47777777777777775,
      0.5722222222222222,
      0.6666666666666666,
      0.7611111111111111,
      0.8555555555555555,
      0.95
    ],
    "cal_empirical": [
      0.2421875,
      0.3203125,
      0.4140625,
      0.453125,
      0.5625,
      0.609375,
      0.703125,
      0.765625,
      0.84375,
      0.9375
    ],
    "nll_a": -3.592281378626378,
    "u_err": null,
    "chi2_ppc": 1.7781170769474939,
    "chi2_ppc_pvalue": 1.0,
    "map_a_err": 0.08626628373494946,
    "map_u_err": null,
    "label": "Clean",
    "warmup_time_s": 891.0384712219238,
    "sampling_time_s": 374.08503341674805,
    "step_time_s": 0.045182982308523995,
    "spearman_rho_error_std": 0.018941127998535066,
    "spearman_pvalue_error_std": 0.8319422281524572,
    "a_err_per_sample": null
  },
  "sweep_conditions": [],
  "laplace": null,
  "map_time_s": 8.350105285644531,
  "total_time_s": 2707.1619012355804,
  "sweep_value": null,
  "is_sweep_baseline": null
}