{
  "experiment": "noise_sweep",
  "problem": "burgers",
  "experiment_type": "sweep",
  "timestamp": "2026-06-14T12:56:50",
  "seed": 123,
  "test_idx": null,
  "prior": {
    "n_prior": 500,
    "a_err": 0.9602197408676147,
    "crps_a": 0.06393076147802378,
    "coverage_95": 0.9921875,
    "ci_width": 0.5937180768084882,
    "mean_std": 0.15028668313661503
  },
  "prior_ood": null,
  "condition": null,
  "conditions": null,
  "sweep_var": "snr_db",
  "baseline": null,
  "sweep_conditions": [
    {
      "sigma": 0.010152469389140606,
      "num_warmup": 5000,
      "num_samples": 2000,
      "num_chains": 4,
      "ess_min": 3489.9152706600994,
      "rhat_max": 1.0004614955753988,
      "rhat_mean": 0.9999911881275823,
      "n_div": 0,
      "reliability_flag": "PASS",
      "reliability_explanation": "All diagnostics within thresholds",
      "a_err": 0.25809898502134726,
      "crps_a": 0.015719098858875968,
      "coverage_95": 0.84375,
      "ci_width": 0.08117573740295309,
      "mean_std": 0.020666881421711483,
      "cal_levels": [
        0.1,
        0.19444444444444445,
        0.28888888888888886,
        0.3833333333333333,
        0.47777777777777775,
        0.5722222222222222,
        0.6666666666666666,
        0.7611111111111111,
        0.8555555555555555,
        0.95
      ],
      "cal_empirical": [
        0.109375,
        0.140625,
        0.1796875,
        0.28125,
        0.34375,
        0.453125,
        0.5390625,
        0.625,
        0.71875,
        0.84375
      ],
      "nll_a": -2.508899290244316,
      "u_err": null,
      "chi2_ppc": 87.31838204995277,
      "chi2_ppc_pvalue": 0.813274961160106,
      "map_a_err": null,
      "map_u_err": null,
      "label": "SNR=15dB",
      "warmup_time_s": 296.3977596759796,
      "sampling_time_s": 118.49005079269409,
      "step_time_s": 0.014817421802452633,
      "spearman_rho_error_std": 0.6013321735945797,
      "spearman_pvalue_error_std": 6.120881267242526e-14,
      "a_err_per_sample": null
    }
  ],
  "laplace": null,
  "map_time_s": 7.9314124584198,
  "total_time_s": 1963.6238775253296,
  "sweep_value": null,
  "is_sweep_baseline": null
}