{
  "experiment": "noise_sweep",
  "problem": "burgers",
  "experiment_type": "sweep",
  "timestamp": "2026-06-14T13:13:34",
  "seed": 7,
  "test_idx": null,
  "prior": {
    "n_prior": 500,
    "a_err": 0.9936088919639587,
    "crps_a": 0.06449103603242046,
    "coverage_95": 0.9921875,
    "ci_width": 0.5922809739021584,
    "mean_std": 0.15069773006675605
  },
  "prior_ood": null,
  "condition": null,
  "conditions": null,
  "sweep_var": "snr_db",
  "baseline": null,
  "sweep_conditions": [
    {
      "sigma": 0.002,
      "num_warmup": 5000,
      "num_samples": 2000,
      "num_chains": 4,
      "ess_min": 3713.794900275511,
      "rhat_max": 1.0005913884593889,
      "rhat_mean": 1.0000658076900852,
      "n_div": 0,
      "reliability_flag": "PASS",
      "reliability_explanation": "All diagnostics within thresholds",
      "a_err": 0.06922990116313293,
      "crps_a": 0.0044975173355863846,
      "coverage_95": 0.9296875,
      "ci_width": 0.03828025567204882,
      "mean_std": 0.009800387446448804,
      "cal_levels": [
        0.1,
        0.19444444444444445,
        0.28888888888888886,
        0.3833333333333333,
        0.47777777777777775,
        0.5722222222222222,
        0.6666666666666666,
        0.7611111111111111,
        0.8555555555555555,
        0.95
      ],
      "cal_empirical": [
        0.2578125,
        0.34375,
        0.4296875,
        0.515625,
        0.59375,
        0.640625,
        0.7265625,
        0.765625,
        0.859375,
        0.9296875
      ],
      "nll_a": -3.599336504873568,
      "u_err": null,
      "chi2_ppc": 3.1446603614105486,
      "chi2_ppc_pvalue": 1.0,
      "map_a_err": null,
      "map_u_err": null,
      "label": "SNR=50dB",
      "warmup_time_s": 903.8977944850922,
      "sampling_time_s": 381.0275249481201,
      "step_time_s": 0.04589018997975758,
      "spearman_rho_error_std": 0.03866050173960813,
      "spearman_pvalue_error_std": 0.664822296964258,
      "a_err_per_sample": null
    }
  ],
  "laplace": null,
  "map_time_s": 8.13654375076294,
  "total_time_s": 2727.120151281357,
  "sweep_value": null,
  "is_sweep_baseline": null
}