{
  "experiment": "noise_sweep",
  "problem": "burgers",
  "experiment_type": "sweep",
  "timestamp": "2026-06-14T11:48:15",
  "seed": 42,
  "test_idx": null,
  "prior": {
    "n_prior": 500,
    "a_err": 0.9434337019920349,
    "crps_a": 0.06372308686693665,
    "coverage_95": 0.9921875,
    "ci_width": 0.6128114267302585,
    "mean_std": 0.15381072323505676
  },
  "prior_ood": null,
  "condition": null,
  "conditions": null,
  "sweep_var": "snr_db",
  "baseline": null,
  "sweep_conditions": [
    {
      "sigma": 0.002,
      "num_warmup": 5000,
      "num_samples": 2000,
      "num_chains": 4,
      "ess_min": 3078.3971440069704,
      "rhat_max": 1.0023491455699274,
      "rhat_mean": 1.0008977272910373,
      "n_div": 0,
      "reliability_flag": "PASS",
      "reliability_explanation": "All diagnostics within thresholds",
      "a_err": 0.07314068895768941,
      "crps_a": 0.0045320923513051115,
      "coverage_95": 0.9375,
      "ci_width": 0.03561788548304769,
      "mean_std": 0.009115127203965925,
      "cal_levels": [
        0.1,
        0.19444444444444445,
        0.28888888888888886,
        0.3833333333333333,
        0.47777777777777775,
        0.5722222222222222,
        0.6666666666666666,
        0.7611111111111111,
        0.8555555555555555,
        0.95
      ],
      "cal_empirical": [
        0.1171875,
        0.2109375,
        0.2890625,
        0.3984375,
        0.5390625,
        0.609375,
        0.7265625,
        0.7734375,
        0.875,
        0.9375
      ],
      "nll_a": -3.6173440369382956,
      "u_err": null,
      "chi2_ppc": 36.46438302022015,
      "chi2_ppc_pvalue": 0.9999999993232949,
      "map_a_err": null,
      "map_u_err": null,
      "label": "SNR=35dB",
      "warmup_time_s": 828.195966720581,
      "sampling_time_s": 375.73917627334595,
      "step_time_s": 0.042997683678354534,
      "spearman_rho_error_std": 0.37987548068119387,
      "spearman_pvalue_error_std": 9.752468378444337e-06,
      "a_err_per_sample": null
    }
  ],
  "laplace": null,
  "map_time_s": 8.098930835723877,
  "total_time_s": 2537.6516513824463,
  "sweep_value": null,
  "is_sweep_baseline": null
}