{
  "experiment": "noise_sweep",
  "problem": "burgers",
  "experiment_type": "sweep",
  "timestamp": "2026-06-14T11:59:08",
  "seed": 42,
  "test_idx": null,
  "prior": {
    "n_prior": 500,
    "a_err": 0.9434337019920349,
    "crps_a": 0.06372308686693665,
    "coverage_95": 0.9921875,
    "ci_width": 0.6128114267302585,
    "mean_std": 0.15381072323505676
  },
  "prior_ood": null,
  "condition": null,
  "conditions": null,
  "sweep_var": "snr_db",
  "baseline": null,
  "sweep_conditions": [
    {
      "sigma": 0.011459342204034328,
      "num_warmup": 5000,
      "num_samples": 2000,
      "num_chains": 4,
      "ess_min": 4482.538091093356,
      "rhat_max": 1.0011455814694938,
      "rhat_mean": 1.0001217058013552,
      "n_div": 0,
      "reliability_flag": "PASS",
      "reliability_explanation": "All diagnostics within thresholds",
      "a_err": 0.14930816999247892,
      "crps_a": 0.009267153066855688,
      "coverage_95": 0.9765625,
      "ci_width": 0.07477998614731068,
      "mean_std": 0.01905516555094267,
      "cal_levels": [
        0.1,
        0.19444444444444445,
        0.28888888888888886,
        0.3833333333333333,
        0.47777777777777775,
        0.5722222222222222,
        0.6666666666666666,
        0.7611111111111111,
        0.8555555555555555,
        0.95
      ],
      "cal_empirical": [
        0.1640625,
        0.2421875,
        0.34375,
        0.453125,
        0.53125,
        0.6328125,
        0.7109375,
        0.796875,
        0.890625,
        0.9765625
      ],
      "nll_a": -2.9722784256515213,
      "u_err": null,
      "chi2_ppc": 108.83395172225532,
      "chi2_ppc_pvalue": 0.25656237368036117,
      "map_a_err": null,
      "map_u_err": null,
      "label": "SNR=15dB",
      "warmup_time_s": 217.85384345054626,
      "sampling_time_s": 93.08831906318665,
      "step_time_s": 0.011105077232633319,
      "spearman_rho_error_std": 0.2841398095586889,
      "spearman_pvalue_error_std": 0.0011524070848772361,
      "a_err_per_sample": null
    }
  ],
  "laplace": null,
  "map_time_s": 7.6153178215026855,
  "total_time_s": 1635.7219064235687,
  "sweep_value": null,
  "is_sweep_baseline": null
}