{
  "experiment": "noise_sweep",
  "problem": "burgers",
  "experiment_type": "sweep",
  "timestamp": "2026-06-14T11:45:23",
  "seed": 42,
  "test_idx": null,
  "prior": {
    "n_prior": 500,
    "a_err": 0.9434337019920349,
    "crps_a": 0.06372308686693665,
    "coverage_95": 0.9921875,
    "ci_width": 0.6128114267302585,
    "mean_std": 0.15381072323505676
  },
  "prior_ood": null,
  "condition": null,
  "conditions": null,
  "sweep_var": "snr_db",
  "baseline": null,
  "sweep_conditions": [
    {
      "sigma": 0.002,
      "num_warmup": 5000,
      "num_samples": 2000,
      "num_chains": 4,
      "ess_min": 3132.051398728159,
      "rhat_max": 1.0013832471106336,
      "rhat_mean": 1.0004799899772285,
      "n_div": 0,
      "reliability_flag": "PASS",
      "reliability_explanation": "All diagnostics within thresholds",
      "a_err": 0.06689167392028286,
      "crps_a": 0.004252784691820487,
      "coverage_95": 0.953125,
      "ci_width": 0.035186694779613115,
      "mean_std": 0.008987549930496552,
      "cal_levels": [
        0.1,
        0.19444444444444445,
        0.28888888888888886,
        0.3833333333333333,
        0.47777777777777775,
        0.5722222222222222,
        0.6666666666666666,
        0.7611111111111111,
        0.8555555555555555,
        0.95
      ],
      "cal_empirical": [
        0.0625,
        0.171875,
        0.25,
        0.3984375,
        0.5390625,
        0.6328125,
        0.6953125,
        0.8359375,
        0.8828125,
        0.953125
      ],
      "nll_a": -3.6709919539901152,
      "u_err": null,
      "chi2_ppc": 4.055556518045335,
      "chi2_ppc_pvalue": 1.0,
      "map_a_err": null,
      "map_u_err": null,
      "label": "SNR=50dB",
      "warmup_time_s": 797.9296171665192,
      "sampling_time_s": 373.3060824871063,
      "step_time_s": 0.04182984641620091,
      "spearman_rho_error_std": 0.35217336568394064,
      "spearman_pvalue_error_std": 4.5680356979463625e-05,
      "a_err_per_sample": null
    }
  ],
  "laplace": null,
  "map_time_s": 7.740491628646851,
  "total_time_s": 2454.230744123459,
  "sweep_value": null,
  "is_sweep_baseline": null
}