{
  "experiment": "noise_sweep",
  "problem": "burgers",
  "experiment_type": "sweep",
  "timestamp": "2026-06-14T12:23:22",
  "seed": 123,
  "test_idx": null,
  "prior": {
    "n_prior": 500,
    "a_err": 0.9602197408676147,
    "crps_a": 0.06393076147802378,
    "coverage_95": 0.9921875,
    "ci_width": 0.5937180768084882,
    "mean_std": 0.15028668313661503
  },
  "prior_ood": null,
  "condition": null,
  "conditions": null,
  "sweep_var": "snr_db",
  "baseline": null,
  "sweep_conditions": [
    {
      "sigma": 0.005,
      "num_warmup": 5000,
      "num_samples": 2000,
      "num_chains": 4,
      "ess_min": 4127.215338110246,
      "rhat_max": 1.0011527149398065,
      "rhat_mean": 1.000336482961726,
      "n_div": 0,
      "reliability_flag": "PASS",
      "reliability_explanation": "All diagnostics within thresholds",
      "a_err": 0.10602177127274508,
      "crps_a": 0.00688269035577302,
      "coverage_95": 0.9296875,
      "ci_width": 0.06262343921347428,
      "mean_std": 0.016048926570842045,
      "cal_levels": [
        0.1,
        0.19444444444444445,
        0.28888888888888886,
        0.3833333333333333,
        0.47777777777777775,
        0.5722222222222222,
        0.6666666666666666,
        0.7611111111111111,
        0.8555555555555555,
        0.95
      ],
      "cal_empirical": [
        0.125,
        0.2890625,
        0.359375,
        0.4453125,
        0.578125,
        0.703125,
        0.78125,
        0.8515625,
        0.921875,
        0.9296875
      ],
      "nll_a": -3.2246322708137054,
      "u_err": null,
      "chi2_ppc": 0.4434102527293166,
      "chi2_ppc_pvalue": 1.0,
      "map_a_err": null,
      "map_u_err": null,
      "label": "SNR=50dB",
      "warmup_time_s": 516.2575027942657,
      "sampling_time_s": 195.09655714035034,
      "step_time_s": 0.025405502140522004,
      "spearman_rho_error_std": 0.2301089544039553,
      "spearman_pvalue_error_std": 0.00897487320466471,
      "a_err_per_sample": null
    }
  ],
  "laplace": null,
  "map_time_s": 8.572999477386475,
  "total_time_s": 2267.1104865074158,
  "sweep_value": null,
  "is_sweep_baseline": null
}