{
  "experiment": "noise_sweep",
  "problem": "burgers",
  "experiment_type": "sweep",
  "timestamp": "2026-06-14T12:03:57",
  "seed": 42,
  "test_idx": null,
  "prior": {
    "n_prior": 500,
    "a_err": 0.9434337019920349,
    "crps_a": 0.06372308686693665,
    "coverage_95": 0.9921875,
    "ci_width": 0.6128114267302585,
    "mean_std": 0.15381072323505676
  },
  "prior_ood": null,
  "condition": null,
  "conditions": null,
  "sweep_var": "snr_db",
  "baseline": null,
  "sweep_conditions": [
    {
      "sigma": 0.003623761935159564,
      "num_warmup": 5000,
      "num_samples": 2000,
      "num_chains": 4,
      "ess_min": 3942.7679026672376,
      "rhat_max": 1.0017514629712738,
      "rhat_mean": 1.0006881735432014,
      "n_div": 0,
      "reliability_flag": "PASS",
      "reliability_explanation": "All diagnostics within thresholds",
      "a_err": 0.10722452375006551,
      "crps_a": 0.006493070393313394,
      "coverage_95": 0.953125,
      "ci_width": 0.0464909010902821,
      "mean_std": 0.011905951590294303,
      "cal_levels": [
        0.1,
        0.19444444444444445,
        0.28888888888888886,
        0.3833333333333333,
        0.47777777777777775,
        0.5722222222222222,
        0.6666666666666666,
        0.7611111111111111,
        0.8555555555555555,
        0.95
      ],
      "cal_empirical": [
        0.109375,
        0.1875,
        0.28125,
        0.4140625,
        0.4921875,
        0.5859375,
        0.671875,
        0.7578125,
        0.8359375,
        0.953125
      ],
      "nll_a": -3.3179532985791758,
      "u_err": null,
      "chi2_ppc": 107.33456211158698,
      "chi2_ppc_pvalue": 0.2900118369128789,
      "map_a_err": null,
      "map_u_err": null,
      "label": "SNR=25dB",
      "warmup_time_s": 518.5327866077423,
      "sampling_time_s": 211.92492604255676,
      "step_time_s": 0.026087775451796396,
      "spearman_rho_error_std": 0.42035570408350115,
      "spearman_pvalue_error_std": 7.81408778340071e-07,
      "a_err_per_sample": null
    }
  ],
  "laplace": null,
  "map_time_s": 8.743103981018066,
  "total_time_s": 2040.0179607868195,
  "sweep_value": null,
  "is_sweep_baseline": null
}