{
  "experiment": "noise_sweep",
  "problem": "burgers",
  "experiment_type": "sweep",
  "timestamp": "2026-06-14T13:22:19",
  "seed": 7,
  "test_idx": null,
  "prior": {
    "n_prior": 500,
    "a_err": 0.9936088919639587,
    "crps_a": 0.06449103603242046,
    "coverage_95": 0.9921875,
    "ci_width": 0.5922809739021584,
    "mean_std": 0.15069773006675605
  },
  "prior_ood": null,
  "condition": null,
  "conditions": null,
  "sweep_var": "snr_db",
  "baseline": null,
  "sweep_conditions": [
    {
      "sigma": 0.002,
      "num_warmup": 5000,
      "num_samples": 2000,
      "num_chains": 4,
      "ess_min": 4138.105391992621,
      "rhat_max": 1.0010024888322713,
      "rhat_mean": 1.0002490423112655,
      "n_div": 0,
      "reliability_flag": "PASS",
      "reliability_explanation": "All diagnostics within thresholds",
      "a_err": 0.06671359693142767,
      "crps_a": 0.004422942775783555,
      "coverage_95": 0.953125,
      "ci_width": 0.039444214234817906,
      "mean_std": 0.01008949291923093,
      "cal_levels": [
        0.1,
        0.19444444444444445,
        0.28888888888888886,
        0.3833333333333333,
        0.47777777777777775,
        0.5722222222222222,
        0.6666666666666666,
        0.7611111111111111,
        0.8555555555555555,
        0.95
      ],
      "cal_empirical": [
        0.1171875,
        0.2265625,
        0.328125,
        0.453125,
        0.5546875,
        0.6953125,
        0.7734375,
        0.828125,
        0.875,
        0.953125
      ],
      "nll_a": -3.5888746358205346,
      "u_err": null,
      "chi2_ppc": 36.983605599275826,
      "chi2_ppc_pvalue": 0.9999999989333596,
      "map_a_err": null,
      "map_u_err": null,
      "label": "SNR=35dB",
      "warmup_time_s": 925.5009908676147,
      "sampling_time_s": 390.5419671535492,
      "step_time_s": 0.04700153421504157,
      "spearman_rho_error_std": 0.2383663706280901,
      "spearman_pvalue_error_std": 0.006737981734822933,
      "a_err_per_sample": null
    }
  ],
  "laplace": null,
  "map_time_s": 8.040085554122925,
  "total_time_s": 2753.247191429138,
  "sweep_value": null,
  "is_sweep_baseline": null
}