{
  "experiment": "noise_sweep",
  "problem": "burgers",
  "experiment_type": "sweep",
  "timestamp": "2026-06-14T13:34:04",
  "seed": 7,
  "test_idx": null,
  "prior": {
    "n_prior": 500,
    "a_err": 0.9936088919639587,
    "crps_a": 0.06449103603242046,
    "coverage_95": 0.9921875,
    "ci_width": 0.5922809739021584,
    "mean_std": 0.15069773006675605
  },
  "prior_ood": null,
  "condition": null,
  "conditions": null,
  "sweep_var": "snr_db",
  "baseline": null,
  "sweep_conditions": [
    {
      "sigma": 0.0034992920700460672,
      "num_warmup": 5000,
      "num_samples": 2000,
      "num_chains": 4,
      "ess_min": 4410.72477305819,
      "rhat_max": 1.0005555224010285,
      "rhat_mean": 1.0000095011109382,
      "n_div": 0,
      "reliability_flag": "PASS",
      "reliability_explanation": "All diagnostics within thresholds",
      "a_err": 0.11676512288886495,
      "crps_a": 0.0072658528721522685,
      "coverage_95": 0.9296875,
      "ci_width": 0.04762846806932964,
      "mean_std": 0.01217370764414561,
      "cal_levels": [
        0.1,
        0.19444444444444445,
        0.28888888888888886,
        0.3833333333333333,
        0.47777777777777775,
        0.5722222222222222,
        0.6666666666666666,
        0.7611111111111111,
        0.8555555555555555,
        0.95
      ],
      "cal_empirical": [
        0.0625,
        0.171875,
        0.2265625,
        0.328125,
        0.4453125,
        0.546875,
        0.59375,
        0.6796875,
        0.78125,
        0.9296875
      ],
      "nll_a": -3.2241914603624764,
      "u_err": null,
      "chi2_ppc": 114.49011674043558,
      "chi2_ppc_pvalue": 0.15255439503557242,
      "map_a_err": null,
      "map_u_err": null,
      "label": "SNR=25dB",
      "warmup_time_s": 565.5071194171906,
      "sampling_time_s": 199.52061343193054,
      "step_time_s": 0.027322419030325753,
      "spearman_rho_error_std": 0.4018552005127266,
      "spearman_pvalue_error_std": 2.5810028831593315e-06,
      "a_err_per_sample": null
    }
  ],
  "laplace": null,
  "map_time_s": 8.071629762649536,
  "total_time_s": 2193.309698820114,
  "sweep_value": null,
  "is_sweep_baseline": null
}