{
  "experiment": "noise_sweep",
  "problem": "burgers",
  "experiment_type": "sweep",
  "timestamp": "2026-06-14T12:27:12",
  "seed": 123,
  "test_idx": null,
  "prior": {
    "n_prior": 500,
    "a_err": 0.9602197408676147,
    "crps_a": 0.06393076147802378,
    "coverage_95": 0.9921875,
    "ci_width": 0.5937180768084882,
    "mean_std": 0.15028668313661503
  },
  "prior_ood": null,
  "condition": null,
  "conditions": null,
  "sweep_var": "snr_db",
  "baseline": null,
  "sweep_conditions": [
    {
      "sigma": 0.005,
      "num_warmup": 5000,
      "num_samples": 2000,
      "num_chains": 4,
      "ess_min": 4107.190987434959,
      "rhat_max": 1.0015094140953904,
      "rhat_mean": 1.0004899166914343,
      "n_div": 0,
      "reliability_flag": "PASS",
      "reliability_explanation": "All diagnostics within thresholds",
      "a_err": 0.18716212132590435,
      "crps_a": 0.011571848331844579,
      "coverage_95": 0.84375,
      "ci_width": 0.0618672623356334,
      "mean_std": 0.01580793745422663,
      "cal_levels": [
        0.1,
        0.19444444444444445,
        0.28888888888888886,
        0.3833333333333333,
        0.47777777777777775,
        0.5722222222222222,
        0.6666666666666666,
        0.7611111111111111,
        0.8555555555555555,
        0.95
      ],
      "cal_empirical": [
        0.0703125,
        0.171875,
        0.21875,
        0.359375,
        0.40625,
        0.4375,
        0.53125,
        0.59375,
        0.6875,
        0.84375
      ],
      "nll_a": -2.751317130873646,
      "u_err": null,
      "chi2_ppc": 33.41288110779437,
      "chi2_ppc_pvalue": 0.9999999999623236,
      "map_a_err": null,
      "map_u_err": null,
      "label": "SNR=25dB",
      "warmup_time_s": 500.9545376300812,
      "sampling_time_s": 194.8756823539734,
      "step_time_s": 0.024851079285144805,
      "spearman_rho_error_std": 0.48711888848196294,
      "spearman_pvalue_error_std": 5.518053741605694e-09,
      "a_err_per_sample": null
    }
  ],
  "laplace": null,
  "map_time_s": 8.257726430892944,
  "total_time_s": 2258.004852294922,
  "sweep_value": null,
  "is_sweep_baseline": null
}