{
  "experiment": "noise_sweep",
  "problem": "burgers",
  "experiment_type": "sweep",
  "timestamp": "2026-06-14T13:31:34",
  "seed": 7,
  "test_idx": null,
  "prior": {
    "n_prior": 500,
    "a_err": 0.9936088919639587,
    "crps_a": 0.06449103603242046,
    "coverage_95": 0.9921875,
    "ci_width": 0.5922809739021584,
    "mean_std": 0.15069773006675605
  },
  "prior_ood": null,
  "condition": null,
  "conditions": null,
  "sweep_var": "snr_db",
  "baseline": null,
  "sweep_conditions": [
    {
      "sigma": 0.011065732687711716,
      "num_warmup": 5000,
      "num_samples": 2000,
      "num_chains": 4,
      "ess_min": 4871.417534947046,
      "rhat_max": 1.000604536075824,
      "rhat_mean": 1.0001134984355753,
      "n_div": 0,
      "reliability_flag": "PASS",
      "reliability_explanation": "All diagnostics within thresholds",
      "a_err": 0.19813883343028035,
      "crps_a": 0.012500882056796149,
      "coverage_95": 0.9453125,
      "ci_width": 0.07141536076597624,
      "mean_std": 0.018306930976442745,
      "cal_levels": [
        0.1,
        0.19444444444444445,
        0.28888888888888886,
        0.3833333333333333,
        0.47777777777777775,
        0.5722222222222222,
        0.6666666666666666,
        0.7611111111111111,
        0.8555555555555555,
        0.95
      ],
      "cal_empirical": [
        0.03125,
        0.078125,
        0.171875,
        0.234375,
        0.3125,
        0.40625,
        0.546875,
        0.6015625,
        0.7578125,
        0.9453125
      ],
      "nll_a": -2.7262196213337444,
      "u_err": null,
      "chi2_ppc": 116.7697740201884,
      "chi2_ppc_pvalue": 0.12062516924025721,
      "map_a_err": null,
      "map_u_err": null,
      "label": "SNR=15dB",
      "warmup_time_s": 233.8621609210968,
      "sampling_time_s": 96.61195874214172,
      "step_time_s": 0.011802647130829947,
      "spearman_rho_error_std": 0.40927714704266616,
      "spearman_pvalue_error_std": 1.6118825258942733e-06,
      "a_err_per_sample": null
    }
  ],
  "laplace": null,
  "map_time_s": 7.837515354156494,
  "total_time_s": 1741.2454199790955,
  "sweep_value": null,
  "is_sweep_baseline": null
}