{
  "experiment": "noise_sweep",
  "problem": "darcy_continuous",
  "experiment_type": "sweep",
  "timestamp": "2026-06-14T14:38:50",
  "seed": 7,
  "test_idx": null,
  "prior": {
    "n_prior": 500,
    "a_err": 0.2679647207260132,
    "crps_a": 0.32125697217982585,
    "coverage_95": 0.9738406658739596,
    "ci_width": 2.1838220653656473,
    "mean_std": 0.5966345994520127
  },
  "prior_ood": null,
  "condition": null,
  "conditions": null,
  "sweep_var": "snr_db",
  "baseline": null,
  "sweep_conditions": [
    {
      "sigma": 0.15,
      "num_warmup": 5000,
      "num_samples": 2000,
      "num_chains": 4,
      "ess_min": 226.72999506896863,
      "rhat_max": 1.0342687953844412,
      "rhat_mean": 1.0141972528117655,
      "n_div": 26,
      "reliability_flag": "PASS",
      "reliability_explanation": "All diagnostics within thresholds",
      "a_err": 0.027238257260844896,
      "crps_a": 0.03924606935831018,
      "coverage_95": 0.9976218787158145,
      "ci_width": 0.5854864544852136,
      "mean_std": 0.14768009623393713,
      "cal_levels": [
        0.1,
        0.19444444444444445,
        0.28888888888888886,
        0.3833333333333333,
        0.47777777777777775,
        0.5722222222222222,
        0.6666666666666666,
        0.7611111111111111,
        0.8555555555555555,
        0.95
      ],
      "cal_empirical": [
        0.18430439952437574,
        0.3733650416171225,
        0.5564803804994055,
        0.807372175980975,
        0.9024970273483948,
        0.9512485136741974,
        0.9667063020214031,
        0.9833531510107015,
        0.990487514863258,
        0.9976218787158145
      ],
      "nll_a": -1.0186804571766892,
      "u_err": null,
      "chi2_ppc": 0.32839065432099374,
      "chi2_ppc_pvalue": 1.0,
      "map_a_err": null,
      "map_u_err": null,
      "label": "SNR=50dB",
      "warmup_time_s": 962.9604640007019,
      "sampling_time_s": 257.07181549072266,
      "step_time_s": 0.04357258141040802,
      "spearman_rho_error_std": 0.4343933067223686,
      "spearman_pvalue_error_std": 5.035404689247313e-40,
      "a_err_per_sample": null
    }
  ],
  "laplace": null,
  "map_time_s": 8.77612853050232,
  "total_time_s": 3898.1466159820557,
  "sweep_value": null,
  "is_sweep_baseline": null
}