{
  "experiment": "noise_sweep",
  "problem": "darcy_continuous",
  "experiment_type": "sweep",
  "timestamp": "2026-06-14T14:32:28",
  "seed": 7,
  "test_idx": null,
  "prior": {
    "n_prior": 500,
    "a_err": 0.2679647207260132,
    "crps_a": 0.32125697217982585,
    "coverage_95": 0.9738406658739596,
    "ci_width": 2.1838220653656473,
    "mean_std": 0.5966345994520127
  },
  "prior_ood": null,
  "condition": null,
  "conditions": null,
  "sweep_var": "snr_db",
  "baseline": null,
  "sweep_conditions": [
    {
      "sigma": 0.15,
      "num_warmup": 5000,
      "num_samples": 2000,
      "num_chains": 4,
      "ess_min": 570.6071481102332,
      "rhat_max": 1.0086042810709177,
      "rhat_mean": 1.004108495213963,
      "n_div": 15,
      "reliability_flag": "PASS",
      "reliability_explanation": "All diagnostics within thresholds",
      "a_err": 0.02856844024539602,
      "crps_a": 0.04253589510791067,
      "coverage_95": 0.9976218787158145,
      "ci_width": 0.6207294844934461,
      "mean_std": 0.15991067258743447,
      "cal_levels": [
        0.1,
        0.19444444444444445,
        0.28888888888888886,
        0.3833333333333333,
        0.47777777777777775,
        0.5722222222222222,
        0.6666666666666666,
        0.7611111111111111,
        0.8555555555555555,
        0.95
      ],
      "cal_empirical": [
        0.1961950059453032,
        0.380499405469679,
        0.6076099881093936,
        0.821640903686088,
        0.9215219976218787,
        0.9381688466111772,
        0.9595719381688466,
        0.9845422116527943,
        0.990487514863258,
        0.9976218787158145
      ],
      "nll_a": -0.9426051654942702,
      "u_err": null,
      "chi2_ppc": 1.2758913679088317,
      "chi2_ppc_pvalue": 1.0,
      "map_a_err": null,
      "map_u_err": null,
      "label": "SNR=25dB",
      "warmup_time_s": 532.9833357334137,
      "sampling_time_s": 189.4951572418213,
      "step_time_s": 0.025802803320544108,
      "spearman_rho_error_std": 0.4480973012317893,
      "spearman_pvalue_error_std": 8.964075012407871e-43,
      "a_err_per_sample": null
    }
  ],
  "laplace": null,
  "map_time_s": 8.893339395523071,
  "total_time_s": 3473.965711593628,
  "sweep_value": null,
  "is_sweep_baseline": null
}