{
  "experiment": "noise_sweep",
  "problem": "darcy_continuous",
  "experiment_type": "sweep",
  "timestamp": "2026-06-14T14:17:44",
  "seed": 123,
  "test_idx": null,
  "prior": {
    "n_prior": 500,
    "a_err": 0.259484201669693,
    "crps_a": 0.31065228385335036,
    "coverage_95": 0.9714625445897741,
    "ci_width": 2.1495130922084154,
    "mean_std": 0.5992359166959564
  },
  "prior_ood": null,
  "condition": null,
  "conditions": null,
  "sweep_var": "snr_db",
  "baseline": null,
  "sweep_conditions": [
    {
      "sigma": 0.04,
      "num_warmup": 5000,
      "num_samples": 2000,
      "num_chains": 4,
      "ess_min": 529.3112579431199,
      "rhat_max": 1.0077698591791038,
      "rhat_mean": 1.0050976637814981,
      "n_div": 38,
      "reliability_flag": "PASS",
      "reliability_explanation": "All diagnostics within thresholds",
      "a_err": 0.009444325199895971,
      "crps_a": 0.012968232888325885,
      "coverage_95": 0.9988109393579072,
      "ci_width": 0.14193814106344682,
      "mean_std": 0.03713479753949931,
      "cal_levels": [
        0.1,
        0.19444444444444445,
        0.28888888888888886,
        0.3833333333333333,
        0.47777777777777775,
        0.5722222222222222,
        0.6666666666666666,
        0.7611111111111111,
        0.8555555555555555,
        0.95
      ],
      "cal_empirical": [
        0.13198573127229488,
        0.2794292508917955,
        0.5017835909631391,
        0.6016646848989299,
        0.6991676575505351,
        0.7907253269916765,
        0.9167657550535078,
        0.9892984542211652,
        0.9988109393579072,
        0.9988109393579072
      ],
      "nll_a": -2.2982249353277955,
      "u_err": null,
      "chi2_ppc": 3.206455937455895,
      "chi2_ppc_pvalue": 1.0,
      "map_a_err": null,
      "map_u_err": null,
      "label": "SNR=35dB",
      "warmup_time_s": 230.29474639892578,
      "sampling_time_s": 68.08617424964905,
      "step_time_s": 0.010656461451734815,
      "spearman_rho_error_std": 0.4828440982929898,
      "spearman_pvalue_error_std": 2.472935245225973e-50,
      "a_err_per_sample": null
    }
  ],
  "laplace": null,
  "map_time_s": 9.931421041488647,
  "total_time_s": 2897.556964159012,
  "sweep_value": null,
  "is_sweep_baseline": null
}