{
  "experiment": "noise_sweep",
  "problem": "darcy_continuous",
  "experiment_type": "sweep",
  "timestamp": "2026-06-14T14:35:36",
  "seed": 7,
  "test_idx": null,
  "prior": {
    "n_prior": 500,
    "a_err": 0.2679647207260132,
    "crps_a": 0.32125697217982585,
    "coverage_95": 0.9738406658739596,
    "ci_width": 2.1838220653656473,
    "mean_std": 0.5966345994520127
  },
  "prior_ood": null,
  "condition": null,
  "conditions": null,
  "sweep_var": "snr_db",
  "baseline": {
    "sigma": 0.15,
    "num_warmup": 5000,
    "num_samples": 2000,
    "num_chains": 4,
    "ess_min": 572.5619186559741,
    "rhat_max": 1.0132959079740167,
    "rhat_mean": 1.0067032598543764,
    "n_div": 29,
    "reliability_flag": "PASS",
    "reliability_explanation": "All diagnostics within thresholds",
    "a_err": 0.024971520304550673,
    "crps_a": 0.0380141049985201,
    "coverage_95": 0.9988109393579072,
    "ci_width": 0.5526972198454867,
    "mean_std": 0.14145168352260748,
    "cal_levels": [
      0.1,
      0.19444444444444445,
      0.28888888888888886,
      0.3833333333333333,
      0.47777777777777775,
      0.5722222222222222,
      0.6666666666666666,
      0.7611111111111111,
      0.8555555555555555,
      0.95
    ],
    "cal_empirical": [
      0.20689655172413793,
      0.3816884661117717,
      0.5612366230677764,
      0.8204518430439952,
      0.9310344827586207,
      0.9453032104637337,
      0.9631391200951248,
      0.9809750297265161,
      0.9928656361474435,
      0.9988109393579072
    ],
    "nll_a": -1.0658388446620708,
    "u_err": null,
    "chi2_ppc": 0.2818788746427763,
    "chi2_ppc_pvalue": 1.0,
    "map_a_err": 0.012863119132816792,
    "map_u_err": null,
    "label": "Clean",
    "warmup_time_s": 876.3402953147888,
    "sampling_time_s": 208.888338804245,
    "step_time_s": 0.03875816550425121,
    "spearman_rho_error_std": 0.4073066707230029,
    "spearman_pvalue_error_std": 6.008000289596678e-35,
    "a_err_per_sample": null
  },
  "sweep_conditions": [],
  "laplace": null,
  "map_time_s": 8.67246127128601,
  "total_time_s": 3809.735919713974,
  "sweep_value": null,
  "is_sweep_baseline": null
}