{
  "experiment": "noise_sweep",
  "problem": "darcy_continuous",
  "experiment_type": "sweep",
  "timestamp": "2026-06-14T12:50:51",
  "seed": 42,
  "test_idx": null,
  "prior": {
    "n_prior": 500,
    "a_err": 0.2782851755619049,
    "crps_a": 0.33523553348381974,
    "coverage_95": 0.9726516052318668,
    "ci_width": 2.150789741377436,
    "mean_std": 0.5866110464851197
  },
  "prior_ood": null,
  "condition": null,
  "conditions": null,
  "sweep_var": "snr_db",
  "baseline": {
    "sigma": 0.08,
    "num_warmup": 5000,
    "num_samples": 2000,
    "num_chains": 4,
    "ess_min": 588.5848591599614,
    "rhat_max": 1.0061337384641158,
    "rhat_mean": 1.0057765875694706,
    "n_div": 37,
    "reliability_flag": "PASS",
    "reliability_explanation": "All diagnostics within thresholds",
    "a_err": 0.012058473395111301,
    "crps_a": 0.020766862443043804,
    "coverage_95": 0.9988109393579072,
    "ci_width": 0.29508090652722174,
    "mean_std": 0.07559668812429794,
    "cal_levels": [
      0.1,
      0.19444444444444445,
      0.28888888888888886,
      0.3833333333333333,
      0.47777777777777775,
      0.5722222222222222,
      0.6666666666666666,
      0.7611111111111111,
      0.8555555555555555,
      0.95
    ],
    "cal_empirical": [
      0.24613555291319858,
      0.43757431629013077,
      0.6777645659928656,
      0.8489892984542212,
      0.9274673008323424,
      0.9667063020214031,
      0.9821640903686087,
      0.9916765755053508,
      0.9988109393579072,
      0.9988109393579072
    ],
    "nll_a": -1.6976225174237256,
    "u_err": null,
    "chi2_ppc": 0.6967036322972863,
    "chi2_ppc_pvalue": 1.0,
    "map_a_err": 0.015096025541424751,
    "map_u_err": null,
    "label": "Clean",
    "warmup_time_s": 324.83714747428894,
    "sampling_time_s": 111.59469079971313,
    "step_time_s": 0.015586851366928646,
    "spearman_rho_error_std": 0.33922719934861906,
    "spearman_pvalue_error_std": 4.2933604336462765e-24,
    "a_err_per_sample": null
  },
  "sweep_conditions": [],
  "laplace": null,
  "map_time_s": 8.640096664428711,
  "total_time_s": 3063.4177069664,
  "sweep_value": null,
  "is_sweep_baseline": null
}