{
  "experiment": "noise_sweep",
  "problem": "darcy_continuous",
  "experiment_type": "sweep",
  "timestamp": "2026-06-14T14:33:23",
  "seed": 7,
  "test_idx": null,
  "prior": {
    "n_prior": 500,
    "a_err": 0.2679647207260132,
    "crps_a": 0.32125697217982585,
    "coverage_95": 0.9738406658739596,
    "ci_width": 2.1838220653656473,
    "mean_std": 0.5966345994520127
  },
  "prior_ood": null,
  "condition": null,
  "conditions": null,
  "sweep_var": "snr_db",
  "baseline": null,
  "sweep_conditions": [
    {
      "sigma": 0.15,
      "num_warmup": 5000,
      "num_samples": 2000,
      "num_chains": 4,
      "ess_min": 98.18312998478414,
      "rhat_max": 1.0537205594514816,
      "rhat_mean": 1.0289489385718236,
      "n_div": 89,
      "reliability_flag": "WARN",
      "reliability_explanation": "R-hat_max=1.054 > 1.05; divergences=1.1% > 1%",
      "a_err": 0.02492707500689896,
      "crps_a": 0.042510197334060786,
      "coverage_95": 0.9976218787158145,
      "ci_width": 0.6497776502886389,
      "mean_std": 0.16774736913197932,
      "cal_levels": [
        0.1,
        0.19444444444444445,
        0.28888888888888886,
        0.3833333333333333,
        0.47777777777777775,
        0.5722222222222222,
        0.6666666666666666,
        0.7611111111111111,
        0.8555555555555555,
        0.95
      ],
      "cal_empirical": [
        0.262782401902497,
        0.469678953626635,
        0.6777645659928656,
        0.906064209274673,
        0.9274673008323424,
        0.9524375743162902,
        0.976218787158145,
        0.9881093935790726,
        0.9916765755053508,
        0.9976218787158145
      ],
      "nll_a": -0.918510088319148,
      "u_err": null,
      "chi2_ppc": 9.79300719108397,
      "chi2_ppc_pvalue": 1.0,
      "map_a_err": null,
      "map_u_err": null,
      "label": "SNR=15dB",
      "warmup_time_s": 584.2166984081268,
      "sampling_time_s": 206.8195571899414,
      "step_time_s": 0.02825129484278815,
      "spearman_rho_error_std": 0.27741176157296543,
      "spearman_pvalue_error_std": 2.5197748837726994e-16,
      "a_err_per_sample": null
    }
  ],
  "laplace": null,
  "map_time_s": 8.659452199935913,
  "total_time_s": 3464.213882923126,
  "sweep_value": null,
  "is_sweep_baseline": null
}