{
  "experiment": "noise_sweep",
  "problem": "darcy_continuous",
  "experiment_type": "sweep",
  "timestamp": "2026-06-14T14:01:59",
  "seed": 123,
  "test_idx": null,
  "prior": {
    "n_prior": 500,
    "a_err": 0.259484201669693,
    "crps_a": 0.31065228385335036,
    "coverage_95": 0.9714625445897741,
    "ci_width": 2.1495130922084154,
    "mean_std": 0.5992359166959564
  },
  "prior_ood": null,
  "condition": null,
  "conditions": null,
  "sweep_var": "snr_db",
  "baseline": {
    "sigma": 0.04,
    "num_warmup": 5000,
    "num_samples": 2000,
    "num_chains": 4,
    "ess_min": 106.62568594564672,
    "rhat_max": 1.044829213824511,
    "rhat_mean": 1.025879260404471,
    "n_div": 72,
    "reliability_flag": "PASS",
    "reliability_explanation": "All diagnostics within thresholds",
    "a_err": 0.00921861082724122,
    "crps_a": 0.013084998790397062,
    "coverage_95": 0.9988109393579072,
    "ci_width": 0.1456222500118462,
    "mean_std": 0.037801351654019356,
    "cal_levels": [
      0.1,
      0.19444444444444445,
      0.28888888888888886,
      0.3833333333333333,
      0.47777777777777775,
      0.5722222222222222,
      0.6666666666666666,
      0.7611111111111111,
      0.8555555555555555,
      0.95
    ],
    "cal_empirical": [
      0.13793103448275862,
      0.3376932223543401,
      0.47205707491082044,
      0.6123662306777645,
      0.7027348394768134,
      0.8323424494649228,
      0.9536266349583828,
      0.995243757431629,
      0.9988109393579072,
      0.9988109393579072
    ],
    "nll_a": -2.2942729781960827,
    "u_err": null,
    "chi2_ppc": 2.6600520869065085,
    "chi2_ppc_pvalue": 1.0,
    "map_a_err": 0.008618151769042015,
    "map_u_err": null,
    "label": "Clean",
    "warmup_time_s": 217.91012501716614,
    "sampling_time_s": 67.5123062133789,
    "step_time_s": 0.010193658258233752,
    "spearman_rho_error_std": 0.5063244751610597,
    "spearman_pvalue_error_std": 5.8828761501164715e-56,
    "a_err_per_sample": null
  },
  "sweep_conditions": [],
  "laplace": null,
  "map_time_s": 8.653349876403809,
  "total_time_s": 2836.1678342819214,
  "sweep_value": null,
  "is_sweep_baseline": null
}