{
  "experiment": "noise_sweep",
  "problem": "darcy_piecewise",
  "experiment_type": "sweep",
  "timestamp": "2026-06-14T15:04:10",
  "seed": 123,
  "test_idx": null,
  "prior": {
    "n_prior": 500,
    "a_err": 0.6425707936286926,
    "crps_a": 1.2195791914387633,
    "coverage_95": 1.0,
    "ci_width": 5.0,
    "mean_std": 2.4939507564745695
  },
  "prior_ood": null,
  "condition": null,
  "conditions": null,
  "sweep_var": "snr_db",
  "baseline": {
    "sigma": 0.010973493731815451,
    "num_warmup": 15000,
    "num_samples": 5000,
    "num_chains": 4,
    "ess_min": 15119.700680871803,
    "rhat_max": 1.000311633789863,
    "rhat_mean": 1.0000064669316604,
    "n_div": 0,
    "reliability_flag": "PASS",
    "reliability_explanation": "All diagnostics within thresholds",
    "a_err": 0.8444874882698059,
    "crps_a": 0.7013906491825207,
    "coverage_95": 1.0,
    "ci_width": 4.5839774078477875,
    "mean_std": 1.9887717395996267,
    "cal_levels": [
      0.1,
      0.19444444444444445,
      0.28888888888888886,
      0.3833333333333333,
      0.47777777777777775,
      0.5722222222222222,
      0.6666666666666666,
      0.7611111111111111,
      0.8555555555555555,
      0.95
    ],
    "cal_empirical": [
      0.882282996432818,
      0.9072532699167658,
      0.929845422116528,
      0.9571938168846611,
      0.9643281807372176,
      0.9726516052318668,
      0.9845422116527943,
      0.9881093935790726,
      0.9940546967895363,
      1.0
    ],
    "nll_a": 0.44101512152424877,
    "u_err": null,
    "chi2_ppc": 3.280414042340274,
    "chi2_ppc_pvalue": 1.0,
    "map_a_err": 0.502718985080719,
    "map_u_err": null,
    "label": "Clean",
    "warmup_time_s": 1698.9375712871552,
    "sampling_time_s": 553.3343629837036,
    "step_time_s": 0.028153399178385736,
    "spearman_rho_error_std": 0.838200980881454,
    "spearman_pvalue_error_std": 3.9319453905285715e-223,
    "a_err_per_sample": 0.7117115893021226
  },
  "sweep_conditions": [],
  "laplace": null,
  "map_time_s": 11.155383825302124,
  "total_time_s": 4108.299613714218,
  "sweep_value": null,
  "is_sweep_baseline": null
}