{
  "experiment": "noise_sweep",
  "problem": "darcy_piecewise",
  "experiment_type": "sweep",
  "timestamp": "2026-06-14T12:56:48",
  "seed": 42,
  "test_idx": null,
  "prior": {
    "n_prior": 500,
    "a_err": 0.5136094689369202,
    "crps_a": 1.2639168370986917,
    "coverage_95": 1.0,
    "ci_width": 5.0,
    "mean_std": 2.4941394804185433
  },
  "prior_ood": null,
  "condition": null,
  "conditions": null,
  "sweep_var": "snr_db",
  "baseline": {
    "sigma": 0.011974430608616924,
    "num_warmup": 15000,
    "num_samples": 5000,
    "num_chains": 4,
    "ess_min": 16924.55001727569,
    "rhat_max": 1.000365121163503,
    "rhat_mean": 0.9999678925755776,
    "n_div": 0,
    "reliability_flag": "PASS",
    "reliability_explanation": "All diagnostics within thresholds",
    "a_err": 0.8302918076515198,
    "crps_a": 0.7315408493757432,
    "coverage_95": 1.0,
    "ci_width": 4.565992865636147,
    "mean_std": 1.9900325012598195,
    "cal_levels": [
      0.1,
      0.19444444444444445,
      0.28888888888888886,
      0.3833333333333333,
      0.47777777777777775,
      0.5722222222222222,
      0.6666666666666666,
      0.7611111111111111,
      0.8555555555555555,
      0.95
    ],
    "cal_empirical": [
      0.8573127229488704,
      0.8882282996432818,
      0.920332936979786,
      0.9417360285374554,
      0.9714625445897741,
      0.9821640903686087,
      0.9869203329369798,
      0.9916765755053508,
      0.9976218787158145,
      1.0
    ],
    "nll_a": 0.449581434806186,
    "u_err": null,
    "chi2_ppc": 2.610888530553297,
    "chi2_ppc_pvalue": 1.0,
    "map_a_err": 0.6163462400436401,
    "map_u_err": null,
    "label": "Clean",
    "warmup_time_s": 1604.209434747696,
    "sampling_time_s": 561.2139050960541,
    "step_time_s": 0.027067791748046875,
    "spearman_rho_error_std": 0.8256578277110778,
    "spearman_pvalue_error_std": 9.05001332108738e-211,
    "a_err_per_sample": 0.7078040816649794
  },
  "sweep_conditions": [],
  "laplace": null,
  "map_time_s": 11.32340669631958,
  "total_time_s": 4025.9246973991394,
  "sweep_value": null,
  "is_sweep_baseline": null
}