{
  "experiment": "noise_sweep",
  "problem": "darcy_piecewise",
  "experiment_type": "sweep",
  "timestamp": "2026-06-14T15:32:34",
  "seed": 7,
  "test_idx": null,
  "prior": {
    "n_prior": 500,
    "a_err": 0.5232526659965515,
    "crps_a": 1.2832970749108206,
    "coverage_95": 1.0,
    "ci_width": 5.0,
    "mean_std": 2.4910889213360643
  },
  "prior_ood": null,
  "condition": null,
  "conditions": null,
  "sweep_var": "snr_db",
  "baseline": null,
  "sweep_conditions": [
    {
      "sigma": 0.010600528627913079,
      "num_warmup": 15000,
      "num_samples": 5000,
      "num_chains": 4,
      "ess_min": 12704.104971302988,
      "rhat_max": 1.0002987603387676,
      "rhat_mean": 1.000011301228932,
      "n_div": 0,
      "reliability_flag": "PASS",
      "reliability_explanation": "All diagnostics within thresholds",
      "a_err": 0.8395816087722778,
      "crps_a": 0.7699963896700356,
      "coverage_95": 0.9916765755053508,
      "ci_width": 4.673008323424495,
      "mean_std": 1.9247386883399031,
      "cal_levels": [
        0.1,
        0.19444444444444445,
        0.28888888888888886,
        0.3833333333333333,
        0.47777777777777775,
        0.5722222222222222,
        0.6666666666666666,
        0.7611111111111111,
        0.8555555555555555,
        0.95
      ],
      "cal_empirical": [
        0.8703923900118906,
        0.89179548156956,
        0.9084423305588585,
        0.9286563614744352,
        0.9429250891795482,
        0.9607609988109393,
        0.9643281807372176,
        0.9738406658739596,
        0.9785969084423306,
        0.9916765755053508
      ],
      "nll_a": 0.48767057786539153,
      "u_err": null,
      "chi2_ppc": 83.89816468282046,
      "chi2_ppc_pvalue": 0.8766346412917796,
      "map_a_err": null,
      "map_u_err": null,
      "label": "SNR=15dB",
      "warmup_time_s": 1853.1166865825653,
      "sampling_time_s": 592.888320684433,
      "step_time_s": 0.03057506259083748,
      "spearman_rho_error_std": 0.7633664584871844,
      "spearman_pvalue_error_std": 2.101587298841568e-161,
      "a_err_per_sample": 0.7073166088864207
    }
  ],
  "laplace": null,
  "map_time_s": 10.95888614654541,
  "total_time_s": 3997.867425441742,
  "sweep_value": null,
  "is_sweep_baseline": null
}