{
  "experiment": "noise_sweep",
  "problem": "darcy_continuous",
  "experiment_type": "sweep",
  "timestamp": "2026-06-14T14:11:38",
  "seed": 123,
  "test_idx": null,
  "prior": {
    "n_prior": 500,
    "a_err": 0.259484201669693,
    "crps_a": 0.31065228385335036,
    "coverage_95": 0.9714625445897741,
    "ci_width": 2.1495130922084154,
    "mean_std": 0.5992359166959564
  },
  "prior_ood": null,
  "condition": null,
  "conditions": null,
  "sweep_var": "snr_db",
  "baseline": null,
  "sweep_conditions": [
    {
      "sigma": 0.04,
      "num_warmup": 5000,
      "num_samples": 2000,
      "num_chains": 4,
      "ess_min": 6.771685822336116,
      "rhat_max": 1.2033684330060046,
      "rhat_mean": 1.1310519740203218,
      "n_div": 218,
      "reliability_flag": "FAIL",
      "reliability_explanation": "ESS_min=6.8 < 10; R-hat_max=1.203 > 1.2; divergences=2.7% > 1%",
      "a_err": 0.00887745162908944,
      "crps_a": 0.012976908066115076,
      "coverage_95": 1.0,
      "ci_width": 0.14338416178103297,
      "mean_std": 0.038769680065307614,
      "cal_levels": [
        0.1,
        0.19444444444444445,
        0.28888888888888886,
        0.3833333333333333,
        0.47777777777777775,
        0.5722222222222222,
        0.6666666666666666,
        0.7611111111111111,
        0.8555555555555555,
        0.95
      ],
      "cal_empirical": [
        0.17954815695600476,
        0.34244946492271106,
        0.5315101070154578,
        0.6634958382877527,
        0.7550535077288941,
        0.8263971462544589,
        0.9227110582639715,
        0.9940546967895363,
        0.9988109393579072,
        1.0
      ],
      "nll_a": -2.263520594155505,
      "u_err": null,
      "chi2_ppc": 2.5917423084715843,
      "chi2_ppc_pvalue": 1.0,
      "map_a_err": null,
      "map_u_err": null,
      "label": "SNR=50dB",
      "warmup_time_s": 220.8031711578369,
      "sampling_time_s": 94.69042015075684,
      "step_time_s": 0.011267628261021205,
      "spearman_rho_error_std": 0.38587232950577116,
      "spearman_pvalue_error_std": 3.0059742497986903e-31,
      "a_err_per_sample": null
    }
  ],
  "laplace": null,
  "map_time_s": 8.884495973587036,
  "total_time_s": 2869.4478843212128,
  "sweep_value": null,
  "is_sweep_baseline": null
}