{
  "experiment": "noise_sweep",
  "problem": "darcy_piecewise",
  "experiment_type": "sweep",
  "timestamp": "2026-06-14T15:33:06",
  "seed": 7,
  "test_idx": null,
  "prior": {
    "n_prior": 500,
    "a_err": 0.5232526659965515,
    "crps_a": 1.2832970749108206,
    "coverage_95": 1.0,
    "ci_width": 5.0,
    "mean_std": 2.4910889213360643
  },
  "prior_ood": null,
  "condition": null,
  "conditions": null,
  "sweep_var": "snr_db",
  "baseline": null,
  "sweep_conditions": [
    {
      "sigma": 0.010600528627913079,
      "num_warmup": 15000,
      "num_samples": 5000,
      "num_chains": 4,
      "ess_min": 13609.585822855071,
      "rhat_max": 1.0005456685834222,
      "rhat_mean": 1.0000029798816996,
      "n_div": 0,
      "reliability_flag": "PASS",
      "reliability_explanation": "All diagnostics within thresholds",
      "a_err": 0.8526033759117126,
      "crps_a": 0.6946962638971463,
      "coverage_95": 1.0,
      "ci_width": 4.780023781212842,
      "mean_std": 1.9439350436965208,
      "cal_levels": [
        0.1,
        0.19444444444444445,
        0.28888888888888886,
        0.3833333333333333,
        0.47777777777777775,
        0.5722222222222222,
        0.6666666666666666,
        0.7611111111111111,
        0.8555555555555555,
        0.95
      ],
      "cal_empirical": [
        0.89179548156956,
        0.9239001189060642,
        0.93935790725327,
        0.9536266349583828,
        0.9607609988109393,
        0.9667063020214031,
        0.9738406658739596,
        0.9892984542211652,
        0.995243757431629,
        1.0
      ],
      "nll_a": 0.43414074358349025,
      "u_err": null,
      "chi2_ppc": 4.027898896919942,
      "chi2_ppc_pvalue": 1.0,
      "map_a_err": null,
      "map_u_err": null,
      "label": "SNR=35dB",
      "warmup_time_s": 1792.1840541362762,
      "sampling_time_s": 568.0544126033783,
      "step_time_s": 0.02950298083424568,
      "spearman_rho_error_std": 0.8441816078476485,
      "spearman_pvalue_error_std": 2.0964512036070698e-229,
      "a_err_per_sample": 0.7200058924511075
    }
  ],
  "laplace": null,
  "map_time_s": 11.521889686584473,
  "total_time_s": 4371.6770877838135,
  "sweep_value": null,
  "is_sweep_baseline": null
}