{
  "experiment": "noise_sweep",
  "problem": "darcy_piecewise",
  "experiment_type": "sweep",
  "timestamp": "2026-06-14T15:14:02",
  "seed": 7,
  "test_idx": null,
  "prior": {
    "n_prior": 500,
    "a_err": 0.5232526659965515,
    "crps_a": 1.2832970749108206,
    "coverage_95": 1.0,
    "ci_width": 5.0,
    "mean_std": 2.4910889213360643
  },
  "prior_ood": null,
  "condition": null,
  "conditions": null,
  "sweep_var": "snr_db",
  "baseline": null,
  "sweep_conditions": [
    {
      "sigma": 0.010600528627913079,
      "num_warmup": 15000,
      "num_samples": 5000,
      "num_chains": 4,
      "ess_min": 12965.70233229883,
      "rhat_max": 1.0006753425659898,
      "rhat_mean": 1.000017437773638,
      "n_div": 0,
      "reliability_flag": "PASS",
      "reliability_explanation": "All diagnostics within thresholds",
      "a_err": 0.8530021905899048,
      "crps_a": 0.6908849832045184,
      "coverage_95": 1.0,
      "ci_width": 4.726664684898917,
      "mean_std": 1.9532063365102303,
      "cal_levels": [
        0.1,
        0.19444444444444445,
        0.28888888888888886,
        0.3833333333333333,
        0.47777777777777775,
        0.5722222222222222,
        0.6666666666666666,
        0.7611111111111111,
        0.8555555555555555,
        0.95
      ],
      "cal_empirical": [
        0.8941736028537456,
        0.920332936979786,
        0.9405469678953626,
        0.9560047562425684,
        0.9619500594530321,
        0.9690844233055886,
        0.9774078478002378,
        0.990487514863258,
        0.995243757431629,
        1.0
      ],
      "nll_a": 0.4322917152182074,
      "u_err": null,
      "chi2_ppc": 2.9998375088398466,
      "chi2_ppc_pvalue": 1.0,
      "map_a_err": null,
      "map_u_err": null,
      "label": "SNR=50dB",
      "warmup_time_s": 1805.6275532245636,
      "sampling_time_s": 557.5938701629639,
      "step_time_s": 0.02954026779234409,
      "spearman_rho_error_std": 0.8474442679379575,
      "spearman_pvalue_error_std": 6.11736139822641e-233,
      "a_err_per_sample": 0.7193547964721918
    }
  ],
  "laplace": null,
  "map_time_s": 10.809087991714478,
  "total_time_s": 3729.8869342803955,
  "sweep_value": null,
  "is_sweep_baseline": null
}