{
  "experiment": "noise_sweep",
  "problem": "darcy_piecewise",
  "experiment_type": "sweep",
  "timestamp": "2026-06-14T15:05:21",
  "seed": 123,
  "test_idx": null,
  "prior": {
    "n_prior": 500,
    "a_err": 0.6425707936286926,
    "crps_a": 1.2195791914387633,
    "coverage_95": 1.0,
    "ci_width": 5.0,
    "mean_std": 2.4939507564745695
  },
  "prior_ood": null,
  "condition": null,
  "conditions": null,
  "sweep_var": "snr_db",
  "baseline": null,
  "sweep_conditions": [
    {
      "sigma": 0.010973493731815451,
      "num_warmup": 15000,
      "num_samples": 5000,
      "num_chains": 4,
      "ess_min": 13069.367109324277,
      "rhat_max": 1.0004191001335514,
      "rhat_mean": 1.0000099294938947,
      "n_div": 0,
      "reliability_flag": "PASS",
      "reliability_explanation": "All diagnostics within thresholds",
      "a_err": 0.8442056775093079,
      "crps_a": 0.7020701782104637,
      "coverage_95": 1.0,
      "ci_width": 4.565992865636147,
      "mean_std": 1.9908256869852128,
      "cal_levels": [
        0.1,
        0.19444444444444445,
        0.28888888888888886,
        0.3833333333333333,
        0.47777777777777775,
        0.5722222222222222,
        0.6666666666666666,
        0.7611111111111111,
        0.8555555555555555,
        0.95
      ],
      "cal_empirical": [
        0.8739595719381689,
        0.9084423305588585,
        0.929845422116528,
        0.9583828775267539,
        0.9655172413793104,
        0.9785969084423306,
        0.9845422116527943,
        0.9881093935790726,
        0.9928656361474435,
        1.0
      ],
      "nll_a": 0.441935178320762,
      "u_err": null,
      "chi2_ppc": 3.2970256289385014,
      "chi2_ppc_pvalue": 1.0,
      "map_a_err": null,
      "map_u_err": null,
      "label": "SNR=50dB",
      "warmup_time_s": 1744.9470586776733,
      "sampling_time_s": 568.3961355686188,
      "step_time_s": 0.02891678992807865,
      "spearman_rho_error_std": 0.8395849440769877,
      "spearman_pvalue_error_std": 1.4653976661090333e-224,
      "a_err_per_sample": 0.7109425597980619
    }
  ],
  "laplace": null,
  "map_time_s": 11.179443359375,
  "total_time_s": 4179.594706296921,
  "sweep_value": null,
  "is_sweep_baseline": null
}