{
  "experiment": "noise_sweep",
  "problem": "darcy_continuous",
  "experiment_type": "sweep",
  "timestamp": "2026-06-14T14:18:28",
  "seed": 123,
  "test_idx": null,
  "prior": {
    "n_prior": 500,
    "a_err": 0.259484201669693,
    "crps_a": 0.31065228385335036,
    "coverage_95": 0.9714625445897741,
    "ci_width": 2.1495130922084154,
    "mean_std": 0.5992359166959564
  },
  "prior_ood": null,
  "condition": null,
  "conditions": null,
  "sweep_var": "snr_db",
  "baseline": null,
  "sweep_conditions": [
    {
      "sigma": 0.04,
      "num_warmup": 5000,
      "num_samples": 2000,
      "num_chains": 4,
      "ess_min": 626.9137569120546,
      "rhat_max": 1.0053103791086244,
      "rhat_mean": 1.0040333082928103,
      "n_div": 27,
      "reliability_flag": "PASS",
      "reliability_explanation": "All diagnostics within thresholds",
      "a_err": 0.018862781546452788,
      "crps_a": 0.023833565572623207,
      "coverage_95": 0.9631391200951248,
      "ci_width": 0.14672461007343698,
      "mean_std": 0.037170607094274576,
      "cal_levels": [
        0.1,
        0.19444444444444445,
        0.28888888888888886,
        0.3833333333333333,
        0.47777777777777775,
        0.5722222222222222,
        0.6666666666666666,
        0.7611111111111111,
        0.8555555555555555,
        0.95
      ],
      "cal_empirical": [
        0.054696789536266346,
        0.09869203329369798,
        0.15338882282996433,
        0.2116527942925089,
        0.27705112960760997,
        0.4173602853745541,
        0.5243757431629013,
        0.6171224732461356,
        0.7015457788347206,
        0.9631391200951248
      ],
      "nll_a": -1.887858707407401,
      "u_err": null,
      "chi2_ppc": 96.84383342106376,
      "chi2_ppc_pvalue": 0.5707480366593556,
      "map_a_err": null,
      "map_u_err": null,
      "label": "SNR=15dB",
      "warmup_time_s": 243.56680870056152,
      "sampling_time_s": 86.97283053398132,
      "step_time_s": 0.011804987115519387,
      "spearman_rho_error_std": 0.6255980506990925,
      "spearman_pvalue_error_std": 1.5072770607939888e-92,
      "a_err_per_sample": null
    }
  ],
  "laplace": null,
  "map_time_s": 8.90027379989624,
  "total_time_s": 2867.9987921714783,
  "sweep_value": null,
  "is_sweep_baseline": null
}