{
  "experiment": "noise_sweep",
  "problem": "darcy_continuous",
  "experiment_type": "sweep",
  "timestamp": "2026-06-14T14:30:46",
  "seed": 7,
  "test_idx": null,
  "prior": {
    "n_prior": 500,
    "a_err": 0.2679647207260132,
    "crps_a": 0.32125697217982585,
    "coverage_95": 0.9738406658739596,
    "ci_width": 2.1838220653656473,
    "mean_std": 0.5966345994520127
  },
  "prior_ood": null,
  "condition": null,
  "conditions": null,
  "sweep_var": "snr_db",
  "baseline": null,
  "sweep_conditions": [
    {
      "sigma": 0.15,
      "num_warmup": 5000,
      "num_samples": 2000,
      "num_chains": 4,
      "ess_min": 274.95419860202435,
      "rhat_max": 1.0143444249021873,
      "rhat_mean": 1.0105126292523994,
      "n_div": 35,
      "reliability_flag": "PASS",
      "reliability_explanation": "All diagnostics within thresholds",
      "a_err": 0.029938505574440243,
      "crps_a": 0.0431986545784628,
      "coverage_95": 0.9976218787158145,
      "ci_width": 0.6096521162296457,
      "mean_std": 0.15738514707238502,
      "cal_levels": [
        0.1,
        0.19444444444444445,
        0.28888888888888886,
        0.3833333333333333,
        0.47777777777777775,
        0.5722222222222222,
        0.6666666666666666,
        0.7611111111111111,
        0.8555555555555555,
        0.95
      ],
      "cal_empirical": [
        0.13198573127229488,
        0.3400713436385256,
        0.544589774078478,
        0.8109393579072532,
        0.9191438763376932,
        0.9357907253269917,
        0.9607609988109393,
        0.9845422116527943,
        0.9916765755053508,
        0.9976218787158145
      ],
      "nll_a": -0.9511674371374129,
      "u_err": null,
      "chi2_ppc": 0.4622889587468983,
      "chi2_ppc_pvalue": 1.0,
      "map_a_err": null,
      "map_u_err": null,
      "label": "SNR=35dB",
      "warmup_time_s": 544.4254219532013,
      "sampling_time_s": 159.5978603363037,
      "step_time_s": 0.02514368865319661,
      "spearman_rho_error_std": 0.48167634148595045,
      "spearman_pvalue_error_std": 4.588210562431462e-50,
      "a_err_per_sample": null
    }
  ],
  "laplace": null,
  "map_time_s": 8.775851011276245,
  "total_time_s": 3414.444553375244,
  "sweep_value": null,
  "is_sweep_baseline": null
}