{
  "experiment": "noise_sweep",
  "problem": "darcy_piecewise",
  "experiment_type": "sweep",
  "timestamp": "2026-06-14T15:06:51",
  "seed": 123,
  "test_idx": null,
  "prior": {
    "n_prior": 500,
    "a_err": 0.6425707936286926,
    "crps_a": 1.2195791914387633,
    "coverage_95": 1.0,
    "ci_width": 5.0,
    "mean_std": 2.4939507564745695
  },
  "prior_ood": null,
  "condition": null,
  "conditions": null,
  "sweep_var": "snr_db",
  "baseline": null,
  "sweep_conditions": [
    {
      "sigma": 0.010973493731815451,
      "num_warmup": 15000,
      "num_samples": 5000,
      "num_chains": 4,
      "ess_min": 14805.0894439818,
      "rhat_max": 1.0004072586561874,
      "rhat_mean": 1.000004932165819,
      "n_div": 0,
      "reliability_flag": "PASS",
      "reliability_explanation": "All diagnostics within thresholds",
      "a_err": 0.8331670165061951,
      "crps_a": 0.7149108817776457,
      "coverage_95": 0.9976218787158145,
      "ci_width": 4.524375743162901,
      "mean_std": 1.966546102817775,
      "cal_levels": [
        0.1,
        0.19444444444444445,
        0.28888888888888886,
        0.3833333333333333,
        0.47777777777777775,
        0.5722222222222222,
        0.6666666666666666,
        0.7611111111111111,
        0.8555555555555555,
        0.95
      ],
      "cal_empirical": [
        0.8585017835909632,
        0.8882282996432818,
        0.9120095124851367,
        0.9500594530321046,
        0.9738406658739596,
        0.9774078478002378,
        0.9797859690844233,
        0.9845422116527943,
        0.9881093935790726,
        0.9976218787158145
      ],
      "nll_a": 0.4525552206098267,
      "u_err": null,
      "chi2_ppc": 11.101920279249008,
      "chi2_ppc_pvalue": 1.0,
      "map_a_err": null,
      "map_u_err": null,
      "label": "SNR=25dB",
      "warmup_time_s": 1677.0585482120514,
      "sampling_time_s": 560.7461266517639,
      "step_time_s": 0.02797255843579769,
      "spearman_rho_error_std": 0.8313875528104248,
      "spearman_pvalue_error_std": 2.7315837836849884e-216,
      "a_err_per_sample": 0.7119447590798139
    }
  ],
  "laplace": null,
  "map_time_s": 11.123411655426025,
  "total_time_s": 3727.6793689727783,
  "sweep_value": null,
  "is_sweep_baseline": null
}