{
  "experiment": "noise_sweep",
  "problem": "darcy_piecewise",
  "experiment_type": "sweep",
  "timestamp": "2026-06-14T14:46:30",
  "seed": 42,
  "test_idx": null,
  "prior": {
    "n_prior": 500,
    "a_err": 0.5136094689369202,
    "crps_a": 1.2639168370986917,
    "coverage_95": 1.0,
    "ci_width": 5.0,
    "mean_std": 2.4941394804185433
  },
  "prior_ood": null,
  "condition": null,
  "conditions": null,
  "sweep_var": "snr_db",
  "baseline": null,
  "sweep_conditions": [
    {
      "sigma": 0.011974430608616924,
      "num_warmup": 15000,
      "num_samples": 5000,
      "num_chains": 4,
      "ess_min": 16829.79047080176,
      "rhat_max": 1.0004345757084894,
      "rhat_mean": 0.9999792220952298,
      "n_div": 0,
      "reliability_flag": "PASS",
      "reliability_explanation": "All diagnostics within thresholds",
      "a_err": 0.8032803535461426,
      "crps_a": 0.7940928682669441,
      "coverage_95": 1.0,
      "ci_width": 4.464922711058264,
      "mean_std": 1.9111623505465893,
      "cal_levels": [
        0.1,
        0.19444444444444445,
        0.28888888888888886,
        0.3833333333333333,
        0.47777777777777775,
        0.5722222222222222,
        0.6666666666666666,
        0.7611111111111111,
        0.8555555555555555,
        0.95
      ],
      "cal_empirical": [
        0.812128418549346,
        0.8501783590963139,
        0.8799048751486326,
        0.906064209274673,
        0.9274673008323424,
        0.9678953626634959,
        0.9869203329369798,
        0.9916765755053508,
        0.9964328180737217,
        1.0
      ],
      "nll_a": 0.4729317579444376,
      "u_err": null,
      "chi2_ppc": 9.932345399157478,
      "chi2_ppc_pvalue": 1.0,
      "map_a_err": null,
      "map_u_err": null,
      "label": "SNR=25dB",
      "warmup_time_s": 1526.3729286193848,
      "sampling_time_s": 565.5574958324432,
      "step_time_s": 0.02614913030564785,
      "spearman_rho_error_std": 0.7879928598247143,
      "spearman_pvalue_error_std": 6.524798292833455e-179,
      "a_err_per_sample": 0.7055322462186218
    }
  ],
  "laplace": null,
  "map_time_s": 11.427572250366211,
  "total_time_s": 4119.681796312332,
  "sweep_value": null,
  "is_sweep_baseline": null
}