{
  "experiment": "noise_sweep",
  "problem": "darcy_piecewise",
  "experiment_type": "sweep",
  "timestamp": "2026-06-14T15:18:58",
  "seed": 123,
  "test_idx": null,
  "prior": {
    "n_prior": 500,
    "a_err": 0.6425707936286926,
    "crps_a": 1.2195791914387633,
    "coverage_95": 1.0,
    "ci_width": 5.0,
    "mean_std": 2.4939507564745695
  },
  "prior_ood": null,
  "condition": null,
  "conditions": null,
  "sweep_var": "snr_db",
  "baseline": null,
  "sweep_conditions": [
    {
      "sigma": 0.010973493731815451,
      "num_warmup": 15000,
      "num_samples": 5000,
      "num_chains": 4,
      "ess_min": 17135.64337223995,
      "rhat_max": 1.000513787672161,
      "rhat_mean": 0.9999824211433732,
      "n_div": 0,
      "reliability_flag": "PASS",
      "reliability_explanation": "All diagnostics within thresholds",
      "a_err": 0.7955805659294128,
      "crps_a": 0.8128637433263971,
      "coverage_95": 0.9881093935790726,
      "ci_width": 4.358055885850165,
      "mean_std": 1.8432861716912912,
      "cal_levels": [
        0.1,
        0.19444444444444445,
        0.28888888888888886,
        0.3833333333333333,
        0.47777777777777775,
        0.5722222222222222,
        0.6666666666666666,
        0.7611111111111111,
        0.8555555555555555,
        0.95
      ],
      "cal_empirical": [
        0.8061831153388823,
        0.8406658739595719,
        0.8620689655172413,
        0.8799048751486326,
        0.9024970273483948,
        0.9429250891795482,
        0.9738406658739596,
        0.976218787158145,
        0.9797859690844233,
        0.9881093935790726
      ],
      "nll_a": 0.5144021069554989,
      "u_err": null,
      "chi2_ppc": 79.94991096191234,
      "chi2_ppc_pvalue": 0.9302177023467597,
      "map_a_err": null,
      "map_u_err": null,
      "label": "SNR=15dB",
      "warmup_time_s": 1658.6732499599457,
      "sampling_time_s": 568.0798671245575,
      "step_time_s": 0.02783441396355629,
      "spearman_rho_error_std": 0.755885844928537,
      "spearman_pvalue_error_std": 1.6692576871998953e-156,
      "a_err_per_sample": 0.7103687117755413
    }
  ],
  "laplace": null,
  "map_time_s": 10.889981985092163,
  "total_time_s": 4111.140733718872,
  "sweep_value": null,
  "is_sweep_baseline": null
}