{
  "experiment": "noise_sweep",
  "problem": "darcy_piecewise",
  "experiment_type": "sweep",
  "timestamp": "2026-06-14T13:03:54",
  "seed": 42,
  "test_idx": null,
  "prior": {
    "n_prior": 500,
    "a_err": 0.5136094689369202,
    "crps_a": 1.2639168370986917,
    "coverage_95": 1.0,
    "ci_width": 5.0,
    "mean_std": 2.4941394804185433
  },
  "prior_ood": null,
  "condition": null,
  "conditions": null,
  "sweep_var": "snr_db",
  "baseline": null,
  "sweep_conditions": [
    {
      "sigma": 0.011974430608616924,
      "num_warmup": 15000,
      "num_samples": 5000,
      "num_chains": 4,
      "ess_min": 16357.870503780676,
      "rhat_max": 1.0004991354597055,
      "rhat_mean": 0.9999753513410647,
      "n_div": 0,
      "reliability_flag": "PASS",
      "reliability_explanation": "All diagnostics within thresholds",
      "a_err": 0.8312916159629822,
      "crps_a": 0.7333934331153389,
      "coverage_95": 1.0,
      "ci_width": 4.560196195005933,
      "mean_std": 1.981522299847091,
      "cal_levels": [
        0.1,
        0.19444444444444445,
        0.28888888888888886,
        0.3833333333333333,
        0.47777777777777775,
        0.5722222222222222,
        0.6666666666666666,
        0.7611111111111111,
        0.8555555555555555,
        0.95
      ],
      "cal_empirical": [
        0.8537455410225921,
        0.8858501783590963,
        0.9120095124851367,
        0.9357907253269917,
        0.9643281807372176,
        0.9821640903686087,
        0.9869203329369798,
        0.9928656361474435,
        0.9988109393579072,
        1.0
      ],
      "nll_a": 0.4494355023019457,
      "u_err": null,
      "chi2_ppc": 2.6715764731800937,
      "chi2_ppc_pvalue": 1.0,
      "map_a_err": null,
      "map_u_err": null,
      "label": "SNR=50dB",
      "warmup_time_s": 1588.3398842811584,
      "sampling_time_s": 559.101979970932,
      "step_time_s": 0.02684302330315113,
      "spearman_rho_error_std": 0.8233030631819156,
      "spearman_pvalue_error_std": 1.4688974459248903e-208,
      "a_err_per_sample": 0.708739065784216
    }
  ],
  "laplace": null,
  "map_time_s": 10.89434552192688,
  "total_time_s": 3549.1005866527557,
  "sweep_value": null,
  "is_sweep_baseline": null
}