{
  "experiment": "noise_sweep",
  "problem": "darcy_piecewise",
  "experiment_type": "sweep",
  "timestamp": "2026-06-14T15:37:20",
  "seed": 7,
  "test_idx": null,
  "prior": {
    "n_prior": 500,
    "a_err": 0.5232526659965515,
    "crps_a": 1.2832970749108206,
    "coverage_95": 1.0,
    "ci_width": 5.0,
    "mean_std": 2.4910889213360643
  },
  "prior_ood": null,
  "condition": null,
  "conditions": null,
  "sweep_var": "snr_db",
  "baseline": null,
  "sweep_conditions": [
    {
      "sigma": 0.010600528627913079,
      "num_warmup": 15000,
      "num_samples": 5000,
      "num_chains": 4,
      "ess_min": 12370.101484358958,
      "rhat_max": 1.0003846487591117,
      "rhat_mean": 1.0000123085580432,
      "n_div": 0,
      "reliability_flag": "PASS",
      "reliability_explanation": "All diagnostics within thresholds",
      "a_err": 0.8562862873077393,
      "crps_a": 0.7032677833085613,
      "coverage_95": 1.0,
      "ci_width": 4.869203329369798,
      "mean_std": 1.9270467063854748,
      "cal_levels": [
        0.1,
        0.19444444444444445,
        0.28888888888888886,
        0.3833333333333333,
        0.47777777777777775,
        0.5722222222222222,
        0.6666666666666666,
        0.7611111111111111,
        0.8555555555555555,
        0.95
      ],
      "cal_empirical": [
        0.8834720570749108,
        0.9143876337693222,
        0.9357907253269917,
        0.9488703923900119,
        0.9583828775267539,
        0.9643281807372176,
        0.9714625445897741,
        0.9797859690844233,
        0.9940546967895363,
        1.0
      ],
      "nll_a": 0.43962918056060835,
      "u_err": null,
      "chi2_ppc": 11.66423540009714,
      "chi2_ppc_pvalue": 1.0,
      "map_a_err": null,
      "map_u_err": null,
      "label": "SNR=25dB",
      "warmup_time_s": 1737.7052309513092,
      "sampling_time_s": 570.8607156276703,
      "step_time_s": 0.028857074332237245,
      "spearman_rho_error_std": 0.8352485894652196,
      "spearman_pvalue_error_std": 3.960275354119952e-220,
      "a_err_per_sample": 0.7206933443233371
    }
  ],
  "laplace": null,
  "map_time_s": 11.198506832122803,
  "total_time_s": 4308.990583658218,
  "sweep_value": null,
  "is_sweep_baseline": null
}