{
  "experiment": "noise_sweep",
  "problem": "darcy_continuous",
  "experiment_type": "sweep",
  "timestamp": "2026-06-14T14:02:02",
  "seed": 42,
  "test_idx": null,
  "prior": {
    "n_prior": 500,
    "a_err": 0.2782851755619049,
    "crps_a": 0.33523553348381974,
    "coverage_95": 0.9726516052318668,
    "ci_width": 2.150789741377436,
    "mean_std": 0.5866110464851197
  },
  "prior_ood": null,
  "condition": null,
  "conditions": null,
  "sweep_var": "snr_db",
  "baseline": null,
  "sweep_conditions": [
    {
      "sigma": 0.08,
      "num_warmup": 5000,
      "num_samples": 2000,
      "num_chains": 4,
      "ess_min": 432.75539322990016,
      "rhat_max": 1.0071153331848717,
      "rhat_mean": 1.0059855448906363,
      "n_div": 60,
      "reliability_flag": "PASS",
      "reliability_explanation": "All diagnostics within thresholds",
      "a_err": 0.012267474971648032,
      "crps_a": 0.02066055956439392,
      "coverage_95": 0.9988109393579072,
      "ci_width": 0.29942444332356927,
      "mean_std": 0.07691796262061318,
      "cal_levels": [
        0.1,
        0.19444444444444445,
        0.28888888888888886,
        0.3833333333333333,
        0.47777777777777775,
        0.5722222222222222,
        0.6666666666666666,
        0.7611111111111111,
        0.8555555555555555,
        0.95
      ],
      "cal_empirical": [
        0.25326991676575505,
        0.4530321046373365,
        0.7003567181926278,
        0.8585017835909632,
        0.9429250891795482,
        0.9667063020214031,
        0.985731272294887,
        0.9916765755053508,
        0.9976218787158145,
        0.9988109393579072
      ],
      "nll_a": -1.6810065296327068,
      "u_err": null,
      "chi2_ppc": 4.066756367489437,
      "chi2_ppc_pvalue": 1.0,
      "map_a_err": null,
      "map_u_err": null,
      "label": "SNR=25dB",
      "warmup_time_s": 343.02006435394287,
      "sampling_time_s": 95.85505867004395,
      "step_time_s": 0.01567411153657096,
      "spearman_rho_error_std": 0.33345293204116955,
      "spearman_pvalue_error_std": 2.7417761073179e-23,
      "a_err_per_sample": null
    }
  ],
  "laplace": null,
  "map_time_s": 9.076453685760498,
  "total_time_s": 3081.799003124237,
  "sweep_value": null,
  "is_sweep_baseline": null
}