{
  "experiment": "noise_sweep",
  "problem": "darcy_continuous",
  "experiment_type": "sweep",
  "timestamp": "2026-06-14T13:55:57",
  "seed": 42,
  "test_idx": null,
  "prior": {
    "n_prior": 500,
    "a_err": 0.2782851755619049,
    "crps_a": 0.33523553348381974,
    "coverage_95": 0.9726516052318668,
    "ci_width": 2.150789741377436,
    "mean_std": 0.5866110464851197
  },
  "prior_ood": null,
  "condition": null,
  "conditions": null,
  "sweep_var": "snr_db",
  "baseline": null,
  "sweep_conditions": [
    {
      "sigma": 0.08,
      "num_warmup": 5000,
      "num_samples": 2000,
      "num_chains": 4,
      "ess_min": 458.99302763341564,
      "rhat_max": 1.0077147676287166,
      "rhat_mean": 1.00467205806011,
      "n_div": 28,
      "reliability_flag": "PASS",
      "reliability_explanation": "All diagnostics within thresholds",
      "a_err": 0.012420533943262847,
      "crps_a": 0.021220068651503637,
      "coverage_95": 0.9988109393579072,
      "ci_width": 0.29882656111098144,
      "mean_std": 0.07727864301380621,
      "cal_levels": [
        0.1,
        0.19444444444444445,
        0.28888888888888886,
        0.3833333333333333,
        0.47777777777777775,
        0.5722222222222222,
        0.6666666666666666,
        0.7611111111111111,
        0.8555555555555555,
        0.95
      ],
      "cal_empirical": [
        0.25921521997621877,
        0.4280618311533888,
        0.6896551724137931,
        0.8620689655172413,
        0.9476813317479191,
        0.9690844233055886,
        0.985731272294887,
        0.990487514863258,
        0.9976218787158145,
        0.9988109393579072
      ],
      "nll_a": -1.6766033488925922,
      "u_err": null,
      "chi2_ppc": 1.0354367472312616,
      "chi2_ppc_pvalue": 1.0,
      "map_a_err": null,
      "map_u_err": null,
      "label": "SNR=35dB",
      "warmup_time_s": 355.00372672080994,
      "sampling_time_s": 109.20167541503906,
      "step_time_s": 0.016578764361994607,
      "spearman_rho_error_std": 0.35982915776821345,
      "spearman_pvalue_error_std": 4.1518160669576695e-27,
      "a_err_per_sample": null
    }
  ],
  "laplace": null,
  "map_time_s": 8.930417537689209,
  "total_time_s": 3020.645418405533,
  "sweep_value": null,
  "is_sweep_baseline": null
}