{
  "experiment": "noise_sweep",
  "problem": "darcy_piecewise",
  "experiment_type": "sweep",
  "timestamp": "2026-06-14T14:33:50",
  "seed": 42,
  "test_idx": null,
  "prior": {
    "n_prior": 500,
    "a_err": 0.5136094689369202,
    "crps_a": 1.2639168370986917,
    "coverage_95": 1.0,
    "ci_width": 5.0,
    "mean_std": 2.4941394804185433
  },
  "prior_ood": null,
  "condition": null,
  "conditions": null,
  "sweep_var": "snr_db",
  "baseline": null,
  "sweep_conditions": [
    {
      "sigma": 0.011974430608616924,
      "num_warmup": 15000,
      "num_samples": 5000,
      "num_chains": 4,
      "ess_min": 17971.66369495577,
      "rhat_max": 1.0003015134382214,
      "rhat_mean": 0.9999713837927184,
      "n_div": 0,
      "reliability_flag": "PASS",
      "reliability_explanation": "All diagnostics within thresholds",
      "a_err": 0.8294181823730469,
      "crps_a": 0.747469973498811,
      "coverage_95": 1.0,
      "ci_width": 4.530321046373365,
      "mean_std": 1.9680148176013987,
      "cal_levels": [
        0.1,
        0.19444444444444445,
        0.28888888888888886,
        0.3833333333333333,
        0.47777777777777775,
        0.5722222222222222,
        0.6666666666666666,
        0.7611111111111111,
        0.8555555555555555,
        0.95
      ],
      "cal_empirical": [
        0.8478002378121284,
        0.8799048751486326,
        0.9024970273483948,
        0.9262782401902497,
        0.9583828775267539,
        0.9833531510107015,
        0.9881093935790726,
        0.9928656361474435,
        0.9988109393579072,
        1.0
      ],
      "nll_a": 0.45473884777751966,
      "u_err": null,
      "chi2_ppc": 3.4819266133905638,
      "chi2_ppc_pvalue": 1.0,
      "map_a_err": null,
      "map_u_err": null,
      "label": "SNR=35dB",
      "warmup_time_s": 1582.995953798294,
      "sampling_time_s": 567.1476261615753,
      "step_time_s": 0.02687679474949837,
      "spearman_rho_error_std": 0.8124056278069077,
      "spearman_pvalue_error_std": 9.63253705069154e-199,
      "a_err_per_sample": 0.7073836045637727
    }
  ],
  "laplace": null,
  "map_time_s": 11.006326675415039,
  "total_time_s": 3490.432298898697,
  "sweep_value": null,
  "is_sweep_baseline": null
}