{
  "experiment": "noise_sweep",
  "problem": "darcy_piecewise",
  "experiment_type": "sweep",
  "timestamp": "2026-06-14T15:24:09",
  "seed": 7,
  "test_idx": null,
  "prior": {
    "n_prior": 500,
    "a_err": 0.5232526659965515,
    "crps_a": 1.2832970749108206,
    "coverage_95": 1.0,
    "ci_width": 5.0,
    "mean_std": 2.4910889213360643
  },
  "prior_ood": null,
  "condition": null,
  "conditions": null,
  "sweep_var": "snr_db",
  "baseline": {
    "sigma": 0.010600528627913079,
    "num_warmup": 15000,
    "num_samples": 5000,
    "num_chains": 4,
    "ess_min": 13649.13638650325,
    "rhat_max": 1.0004495840707266,
    "rhat_mean": 0.9999872955518893,
    "n_div": 0,
    "reliability_flag": "PASS",
    "reliability_explanation": "All diagnostics within thresholds",
    "a_err": 0.8477839827537537,
    "crps_a": 0.6943628809601664,
    "coverage_95": 1.0,
    "ci_width": 4.684898929845422,
    "mean_std": 1.9573550997532665,
    "cal_levels": [
      0.1,
      0.19444444444444445,
      0.28888888888888886,
      0.3833333333333333,
      0.47777777777777775,
      0.5722222222222222,
      0.6666666666666666,
      0.7611111111111111,
      0.8555555555555555,
      0.95
    ],
    "cal_empirical": [
      0.89179548156956,
      0.9191438763376932,
      0.9405469678953626,
      0.9548156956004756,
      0.9619500594530321,
      0.9678953626634959,
      0.9774078478002378,
      0.990487514863258,
      0.995243757431629,
      1.0
    ],
    "nll_a": 0.4336557247456504,
    "u_err": null,
    "chi2_ppc": 2.9550809982058985,
    "chi2_ppc_pvalue": 1.0,
    "map_a_err": 0.5115984678268433,
    "map_u_err": null,
    "label": "Clean",
    "warmup_time_s": 1799.2804908752441,
    "sampling_time_s": 585.8590176105499,
    "step_time_s": 0.029814243856072425,
    "spearman_rho_error_std": 0.8465445639877047,
    "spearman_pvalue_error_std": 5.8826713036989566e-232,
    "a_err_per_sample": 0.7179158570110797
  },
  "sweep_conditions": [],
  "laplace": null,
  "map_time_s": 11.785656452178955,
  "total_time_s": 4400.442610502243,
  "sweep_value": null,
  "is_sweep_baseline": null
}