{
  "experiment": "noise_sweep",
  "problem": "darcy_piecewise",
  "experiment_type": "sweep",
  "timestamp": "2026-06-14T15:13:15",
  "seed": 123,
  "test_idx": null,
  "prior": {
    "n_prior": 500,
    "a_err": 0.6425707936286926,
    "crps_a": 1.2195791914387633,
    "coverage_95": 1.0,
    "ci_width": 5.0,
    "mean_std": 2.4939507564745695
  },
  "prior_ood": null,
  "condition": null,
  "conditions": null,
  "sweep_var": "snr_db",
  "baseline": null,
  "sweep_conditions": [
    {
      "sigma": 0.010973493731815451,
      "num_warmup": 15000,
      "num_samples": 5000,
      "num_chains": 4,
      "ess_min": 15091.314483807006,
      "rhat_max": 1.0003875712366688,
      "rhat_mean": 1.0000050455561178,
      "n_div": 0,
      "reliability_flag": "PASS",
      "reliability_explanation": "All diagnostics within thresholds",
      "a_err": 0.8430202007293701,
      "crps_a": 0.7003212675237812,
      "coverage_95": 1.0,
      "ci_width": 4.548156956004756,
      "mean_std": 1.9841263156073587,
      "cal_levels": [
        0.1,
        0.19444444444444445,
        0.28888888888888886,
        0.3833333333333333,
        0.47777777777777775,
        0.5722222222222222,
        0.6666666666666666,
        0.7611111111111111,
        0.8555555555555555,
        0.95
      ],
      "cal_empirical": [
        0.8715814506539834,
        0.9036860879904876,
        0.9286563614744352,
        0.9548156956004756,
        0.9702734839476813,
        0.9797859690844233,
        0.9821640903686087,
        0.9881093935790726,
        0.9928656361474435,
        1.0
      ],
      "nll_a": 0.44182718583975805,
      "u_err": null,
      "chi2_ppc": 4.114358712093344,
      "chi2_ppc_pvalue": 1.0,
      "map_a_err": null,
      "map_u_err": null,
      "label": "SNR=35dB",
      "warmup_time_s": 1723.9428915977478,
      "sampling_time_s": 561.0814509391785,
      "step_time_s": 0.02856280428171158,
      "spearman_rho_error_std": 0.8398318356221407,
      "spearman_pvalue_error_std": 8.121988052225579e-225,
      "a_err_per_sample": 0.7124205885976553
    }
  ],
  "laplace": null,
  "map_time_s": 11.822084426879883,
  "total_time_s": 4309.239284276962,
  "sweep_value": null,
  "is_sweep_baseline": null
}