{
  "experiment": "noise_sweep",
  "problem": "darcy_piecewise",
  "experiment_type": "sweep",
  "timestamp": "2026-06-14T14:42:16",
  "seed": 42,
  "test_idx": null,
  "prior": {
    "n_prior": 500,
    "a_err": 0.5136094689369202,
    "crps_a": 1.2639168370986917,
    "coverage_95": 1.0,
    "ci_width": 5.0,
    "mean_std": 2.4941394804185433
  },
  "prior_ood": null,
  "condition": null,
  "conditions": null,
  "sweep_var": "snr_db",
  "baseline": null,
  "sweep_conditions": [
    {
      "sigma": 0.011974430608616924,
      "num_warmup": 15000,
      "num_samples": 5000,
      "num_chains": 4,
      "ess_min": 14780.614452580006,
      "rhat_max": 1.0004940526414934,
      "rhat_mean": 1.0000002445311407,
      "n_div": 1,
      "reliability_flag": "PASS",
      "reliability_explanation": "All diagnostics within thresholds",
      "a_err": 0.692044734954834,
      "crps_a": 0.9981029283442331,
      "coverage_95": 1.0,
      "ci_width": 4.322235434007134,
      "mean_std": 1.7011273267078875,
      "cal_levels": [
        0.1,
        0.19444444444444445,
        0.28888888888888886,
        0.3833333333333333,
        0.47777777777777775,
        0.5722222222222222,
        0.6666666666666666,
        0.7611111111111111,
        0.8555555555555555,
        0.95
      ],
      "cal_empirical": [
        0.718192627824019,
        0.7633769322235434,
        0.7942925089179548,
        0.8287752675386445,
        0.8561236623067776,
        0.8894173602853745,
        0.9167657550535078,
        0.9607609988109393,
        0.9976218787158145,
        1.0
      ],
      "nll_a": 0.5684890566416456,
      "u_err": null,
      "chi2_ppc": 72.08102320216373,
      "chi2_ppc_pvalue": 0.9840972753807157,
      "map_a_err": null,
      "map_u_err": null,
      "label": "SNR=15dB",
      "warmup_time_s": 1320.9342856407166,
      "sampling_time_s": 528.4924693107605,
      "step_time_s": 0.023117834436893463,
      "spearman_rho_error_std": 0.7310829569309839,
      "spearman_pvalue_error_std": 1.8825806779296427e-141,
      "a_err_per_sample": 0.6911376784950495
    }
  ],
  "laplace": null,
  "map_time_s": 11.400726795196533,
  "total_time_s": 3864.8890249729156,
  "sweep_value": null,
  "is_sweep_baseline": null
}