{
  "experiment": "noise_sweep",
  "problem": "darcy_continuous",
  "experiment_type": "sweep",
  "timestamp": "2026-06-14T14:17:15",
  "seed": 123,
  "test_idx": null,
  "prior": {
    "n_prior": 500,
    "a_err": 0.259484201669693,
    "crps_a": 0.31065228385335036,
    "coverage_95": 0.9714625445897741,
    "ci_width": 2.1495130922084154,
    "mean_std": 0.5992359166959564
  },
  "prior_ood": null,
  "condition": null,
  "conditions": null,
  "sweep_var": "snr_db",
  "baseline": null,
  "sweep_conditions": [
    {
      "sigma": 0.04,
      "num_warmup": 5000,
      "num_samples": 2000,
      "num_chains": 4,
      "ess_min": 497.68684349140574,
      "rhat_max": 1.0058614035077857,
      "rhat_mean": 1.0041052904463452,
      "n_div": 30,
      "reliability_flag": "PASS",
      "reliability_explanation": "All diagnostics within thresholds",
      "a_err": 0.011322797718890571,
      "crps_a": 0.014526873199067782,
      "coverage_95": 0.9988109393579072,
      "ci_width": 0.14394135726086796,
      "mean_std": 0.037152368850093105,
      "cal_levels": [
        0.1,
        0.19444444444444445,
        0.28888888888888886,
        0.3833333333333333,
        0.47777777777777775,
        0.5722222222222222,
        0.6666666666666666,
        0.7611111111111111,
        0.8555555555555555,
        0.95
      ],
      "cal_empirical": [
        0.09631391200951249,
        0.1961950059453032,
        0.32936979785969084,
        0.5243757431629013,
        0.6159334126040428,
        0.6956004756242569,
        0.7883472057074911,
        0.9274673008323424,
        0.9964328180737217,
        0.9988109393579072
      ],
      "nll_a": -2.2379360114481037,
      "u_err": null,
      "chi2_ppc": 11.144041070385224,
      "chi2_ppc_pvalue": 1.0,
      "map_a_err": null,
      "map_u_err": null,
      "label": "SNR=25dB",
      "warmup_time_s": 222.46432495117188,
      "sampling_time_s": 76.74227666854858,
      "step_time_s": 0.010685950057847159,
      "spearman_rho_error_std": 0.5489713233433948,
      "spearman_pvalue_error_std": 2.296313185061235e-67,
      "a_err_per_sample": null
    }
  ],
  "laplace": null,
  "map_time_s": 8.824554443359375,
  "total_time_s": 2795.6725764274597,
  "sweep_value": null,
  "is_sweep_baseline": null
}