{
  "experiment": "noise_sweep",
  "problem": "darcy_continuous",
  "experiment_type": "sweep",
  "timestamp": "2026-06-14T14:04:37",
  "seed": 42,
  "test_idx": null,
  "prior": {
    "n_prior": 500,
    "a_err": 0.2782851755619049,
    "crps_a": 0.33523553348381974,
    "coverage_95": 0.9726516052318668,
    "ci_width": 2.150789741377436,
    "mean_std": 0.5866110464851197
  },
  "prior_ood": null,
  "condition": null,
  "conditions": null,
  "sweep_var": "snr_db",
  "baseline": null,
  "sweep_conditions": [
    {
      "sigma": 0.08,
      "num_warmup": 5000,
      "num_samples": 2000,
      "num_chains": 4,
      "ess_min": 494.56478746779186,
      "rhat_max": 1.0171560498086105,
      "rhat_mean": 1.0116372207372806,
      "n_div": 15,
      "reliability_flag": "PASS",
      "reliability_explanation": "All diagnostics within thresholds",
      "a_err": 0.011525547540365411,
      "crps_a": 0.02078036350617605,
      "coverage_95": 0.9988109393579072,
      "ci_width": 0.3138598111627303,
      "mean_std": 0.08048174362867054,
      "cal_levels": [
        0.1,
        0.19444444444444445,
        0.28888888888888886,
        0.3833333333333333,
        0.47777777777777775,
        0.5722222222222222,
        0.6666666666666666,
        0.7611111111111111,
        0.8555555555555555,
        0.95
      ],
      "cal_empirical": [
        0.29964328180737215,
        0.5743162901307967,
        0.7621878715814506,
        0.89179548156956,
        0.9500594530321046,
        0.9655172413793104,
        0.985731272294887,
        0.9916765755053508,
        0.9976218787158145,
        0.9988109393579072
      ],
      "nll_a": -1.6469265760044067,
      "u_err": null,
      "chi2_ppc": 34.7709261346898,
      "chi2_ppc_pvalue": 0.9999999998571952,
      "map_a_err": null,
      "map_u_err": null,
      "label": "SNR=15dB",
      "warmup_time_s": 355.49063372612,
      "sampling_time_s": 151.0358805656433,
      "step_time_s": 0.01809023265327726,
      "spearman_rho_error_std": 0.31489458838206646,
      "spearman_pvalue_error_std": 8.169022447853469e-21,
      "a_err_per_sample": null
    }
  ],
  "laplace": null,
  "map_time_s": 9.206620931625366,
  "total_time_s": 3111.4269421100616,
  "sweep_value": null,
  "is_sweep_baseline": null
}