{
  "experiment": "noise_sweep",
  "problem": "darcy_continuous",
  "experiment_type": "sweep",
  "timestamp": "2026-06-14T13:52:32",
  "seed": 42,
  "test_idx": null,
  "prior": {
    "n_prior": 500,
    "a_err": 0.2782851755619049,
    "crps_a": 0.33523553348381974,
    "coverage_95": 0.9726516052318668,
    "ci_width": 2.150789741377436,
    "mean_std": 0.5866110464851197
  },
  "prior_ood": null,
  "condition": null,
  "conditions": null,
  "sweep_var": "snr_db",
  "baseline": null,
  "sweep_conditions": [
    {
      "sigma": 0.08,
      "num_warmup": 5000,
      "num_samples": 2000,
      "num_chains": 4,
      "ess_min": 553.3234671228057,
      "rhat_max": 1.0064491700604838,
      "rhat_mean": 1.0044720156050648,
      "n_div": 29,
      "reliability_flag": "PASS",
      "reliability_explanation": "All diagnostics within thresholds",
      "a_err": 0.011729064548011587,
      "crps_a": 0.020341657778826492,
      "coverage_95": 0.9988109393579072,
      "ci_width": 0.29174296454420345,
      "mean_std": 0.07529655446894645,
      "cal_levels": [
        0.1,
        0.19444444444444445,
        0.28888888888888886,
        0.3833333333333333,
        0.47777777777777775,
        0.5722222222222222,
        0.6666666666666666,
        0.7611111111111111,
        0.8555555555555555,
        0.95
      ],
      "cal_empirical": [
        0.2390011890606421,
        0.4328180737217598,
        0.6967895362663495,
        0.8620689655172413,
        0.9488703923900119,
        0.9678953626634959,
        0.985731272294887,
        0.9928656361474435,
        0.9976218787158145,
        0.9988109393579072
      ],
      "nll_a": -1.7044359213939675,
      "u_err": null,
      "chi2_ppc": 0.6896476693299872,
      "chi2_ppc_pvalue": 1.0,
      "map_a_err": null,
      "map_u_err": null,
      "label": "SNR=50dB",
      "warmup_time_s": 314.4283208847046,
      "sampling_time_s": 105.39745259284973,
      "step_time_s": 0.014993777624198368,
      "spearman_rho_error_std": 0.3384085954518733,
      "spearman_pvalue_error_std": 5.597494841186487e-24,
      "a_err_per_sample": null
    }
  ],
  "laplace": null,
  "map_time_s": 9.198434829711914,
  "total_time_s": 2996.8946480751038,
  "sweep_value": null,
  "is_sweep_baseline": null
}