{
  "experiment": "noise_sweep",
  "problem": "eit",
  "experiment_type": "sweep",
  "timestamp": "2026-06-14T14:57:59",
  "seed": 123,
  "test_idx": null,
  "prior": {
    "n_prior": 500,
    "a_err": 0.3197994530200958,
    "crps_a": 0.7804263034116796,
    "coverage_95": 0.9765625,
    "ci_width": 3.744172258289848,
    "mean_std": 1.065327465804236
  },
  "prior_ood": null,
  "condition": null,
  "conditions": null,
  "sweep_var": "snr_db",
  "baseline": null,
  "sweep_conditions": [
    {
      "sigma": 0.3,
      "num_warmup": 5000,
      "num_samples": 2000,
      "num_chains": 4,
      "ess_min": 3122.470513425447,
      "rhat_max": 1.00082448683276,
      "rhat_mean": 1.0004078690389815,
      "n_div": 21,
      "reliability_flag": "PASS",
      "reliability_explanation": "All diagnostics within thresholds",
      "a_err": 0.004399818373162514,
      "crps_a": 0.011190600507242176,
      "coverage_95": 0.998046875,
      "ci_width": 0.13208858541257998,
      "mean_std": 0.0336682842084491,
      "cal_levels": [
        0.1,
        0.19444444444444445,
        0.28888888888888886,
        0.3833333333333333,
        0.47777777777777775,
        0.5722222222222222,
        0.6666666666666666,
        0.7611111111111111,
        0.8555555555555555,
        0.95
      ],
      "cal_empirical": [
        0.1689453125,
        0.3203125,
        0.4287109375,
        0.5908203125,
        0.7392578125,
        0.830078125,
        0.90625,
        0.9609375,
        0.990234375,
        0.998046875
      ],
      "nll_a": -2.411932198334247,
      "u_err": null,
      "chi2_ppc": 93.16231369025647,
      "chi2_ppc_pvalue": 0.9823893649136587,
      "map_a_err": null,
      "map_u_err": null,
      "label": "SNR=35dB",
      "warmup_time_s": 126.80715250968933,
      "sampling_time_s": 39.092856645584106,
      "step_time_s": 0.005925000326974052,
      "spearman_rho_error_std": 0.2572497384843716,
      "spearman_pvalue_error_std": 6.110172616076794e-17,
      "a_err_per_sample": null
    }
  ],
  "laplace": null,
  "map_time_s": 11.257938623428345,
  "total_time_s": 1004.2980349063873,
  "sweep_value": null,
  "is_sweep_baseline": null
}