{
  "experiment": "noise_sweep",
  "problem": "eit",
  "experiment_type": "sweep",
  "timestamp": "2026-06-14T14:56:28",
  "seed": 123,
  "test_idx": null,
  "prior": {
    "n_prior": 500,
    "a_err": 0.3197994530200958,
    "crps_a": 0.7804263034116796,
    "coverage_95": 0.9765625,
    "ci_width": 3.744172258289848,
    "mean_std": 1.065327465804236
  },
  "prior_ood": null,
  "condition": null,
  "conditions": null,
  "sweep_var": "snr_db",
  "baseline": {
    "sigma": 0.3,
    "num_warmup": 5000,
    "num_samples": 2000,
    "num_chains": 4,
    "ess_min": 3528.520705016498,
    "rhat_max": 1.000863132683159,
    "rhat_mean": 1.0003755560876557,
    "n_div": 7,
    "reliability_flag": "PASS",
    "reliability_explanation": "All diagnostics within thresholds",
    "a_err": 0.005944220927886517,
    "crps_a": 0.013459600121537622,
    "coverage_95": 0.994140625,
    "ci_width": 0.12882312807763874,
    "mean_std": 0.03285141498400546,
    "cal_levels": [
      0.1,
      0.19444444444444445,
      0.28888888888888886,
      0.3833333333333333,
      0.47777777777777775,
      0.5722222222222222,
      0.6666666666666666,
      0.7611111111111111,
      0.8555555555555555,
      0.95
    ],
    "cal_empirical": [
      0.10546875,
      0.2109375,
      0.2978515625,
      0.408203125,
      0.53515625,
      0.677734375,
      0.798828125,
      0.8798828125,
      0.9560546875,
      0.994140625
    ],
    "nll_a": -2.3057660677200302,
    "u_err": null,
    "chi2_ppc": 11.435004736389597,
    "chi2_ppc_pvalue": 1.0,
    "map_a_err": 0.056309208273887634,
    "map_u_err": null,
    "label": "Clean",
    "warmup_time_s": 112.15077209472656,
    "sampling_time_s": 26.910909175872803,
    "step_time_s": 0.00496648861680712,
    "spearman_rho_error_std": 0.30904451800658034,
    "spearman_pvalue_error_std": 4.225230631682074e-24,
    "a_err_per_sample": null
  },
  "sweep_conditions": [],
  "laplace": null,
  "map_time_s": 10.966862916946411,
  "total_time_s": 944.7889471054077,
  "sweep_value": null,
  "is_sweep_baseline": null
}