{
  "experiment": "noise_sweep",
  "problem": "eit",
  "experiment_type": "sweep",
  "timestamp": "2026-06-14T15:23:06",
  "seed": 7,
  "test_idx": null,
  "prior": {
    "n_prior": 500,
    "a_err": 0.3371298015117645,
    "crps_a": 0.8399774356052632,
    "coverage_95": 1.0,
    "ci_width": 3.8225653745316777,
    "mean_std": 1.0971457318714988
  },
  "prior_ood": null,
  "condition": null,
  "conditions": null,
  "sweep_var": "snr_db",
  "baseline": null,
  "sweep_conditions": [
    {
      "sigma": 0.7846490144729614,
      "num_warmup": 5000,
      "num_samples": 2000,
      "num_chains": 4,
      "ess_min": 1786.064497270814,
      "rhat_max": 1.004252744063361,
      "rhat_mean": 1.0016936365712212,
      "n_div": 2,
      "reliability_flag": "PASS",
      "reliability_explanation": "All diagnostics within thresholds",
      "a_err": 0.020218647144482512,
      "crps_a": 0.04316931968043095,
      "coverage_95": 0.912109375,
      "ci_width": 0.28692415081225286,
      "mean_std": 0.07254232102005997,
      "cal_levels": [
        0.1,
        0.19444444444444445,
        0.28888888888888886,
        0.3833333333333333,
        0.47777777777777775,
        0.5722222222222222,
        0.6666666666666666,
        0.7611111111111111,
        0.8555555555555555,
        0.95
      ],
      "cal_empirical": [
        0.05859375,
        0.1416015625,
        0.236328125,
        0.3251953125,
        0.41015625,
        0.509765625,
        0.6201171875,
        0.734375,
        0.7978515625,
        0.912109375
      ],
      "nll_a": -1.2428299067745845,
      "u_err": null,
      "chi2_ppc": 108.5398772931115,
      "chi2_ppc_pvalue": 0.837187263900083,
      "map_a_err": null,
      "map_u_err": null,
      "label": "SNR=25dB",
      "warmup_time_s": 112.09726905822754,
      "sampling_time_s": 35.671812534332275,
      "step_time_s": 0.005277467199734279,
      "spearman_rho_error_std": 0.4024399855160575,
      "spearman_pvalue_error_std": 3.7937700925872033e-41,
      "a_err_per_sample": null
    }
  ],
  "laplace": null,
  "map_time_s": 11.796908855438232,
  "total_time_s": 983.2372953891754,
  "sweep_value": null,
  "is_sweep_baseline": null
}