{
  "experiment": "noise_sweep",
  "problem": "eit",
  "experiment_type": "sweep",
  "timestamp": "2026-06-14T13:00:26",
  "seed": 42,
  "test_idx": null,
  "prior": {
    "n_prior": 500,
    "a_err": 0.3232261538505554,
    "crps_a": 0.7853465598417362,
    "coverage_95": 1.0,
    "ci_width": 3.738673297261709,
    "mean_std": 1.058260611811554
  },
  "prior_ood": null,
  "condition": null,
  "conditions": null,
  "sweep_var": "snr_db",
  "baseline": null,
  "sweep_conditions": [
    {
      "sigma": 0.3,
      "num_warmup": 5000,
      "num_samples": 2000,
      "num_chains": 4,
      "ess_min": 2244.925596912615,
      "rhat_max": 1.0027651118486367,
      "rhat_mean": 1.0013771133769342,
      "n_div": 29,
      "reliability_flag": "PASS",
      "reliability_explanation": "All diagnostics within thresholds",
      "a_err": 0.008736535282683127,
      "crps_a": 0.018380028652000658,
      "coverage_95": 0.970703125,
      "ci_width": 0.1294332278909936,
      "mean_std": 0.03281004117732875,
      "cal_levels": [
        0.1,
        0.19444444444444445,
        0.28888888888888886,
        0.3833333333333333,
        0.47777777777777775,
        0.5722222222222222,
        0.6666666666666666,
        0.7611111111111111,
        0.8555555555555555,
        0.95
      ],
      "cal_empirical": [
        0.0673828125,
        0.1220703125,
        0.1923828125,
        0.2705078125,
        0.3486328125,
        0.4296875,
        0.5419921875,
        0.7197265625,
        0.869140625,
        0.970703125
      ],
      "nll_a": -2.0281401703776556,
      "u_err": null,
      "chi2_ppc": 101.34814401068658,
      "chi2_ppc_pvalue": 0.9323677482914989,
      "map_a_err": null,
      "map_u_err": null,
      "label": "SNR=35dB",
      "warmup_time_s": 95.51365685462952,
      "sampling_time_s": 20.37752604484558,
      "step_time_s": 0.0041389708178383965,
      "spearman_rho_error_std": 0.5514598495279307,
      "spearman_pvalue_error_std": 1.5614299032213896e-82,
      "a_err_per_sample": null
    }
  ],
  "laplace": null,
  "map_time_s": 11.187574863433838,
  "total_time_s": 953.7570488452911,
  "sweep_value": null,
  "is_sweep_baseline": null
}