{
  "experiment": "noise_sweep",
  "problem": "eit",
  "experiment_type": "sweep",
  "timestamp": "2026-06-14T15:08:11",
  "seed": 123,
  "test_idx": null,
  "prior": {
    "n_prior": 500,
    "a_err": 0.3197994530200958,
    "crps_a": 0.7804263034116796,
    "coverage_95": 0.9765625,
    "ci_width": 3.744172258289848,
    "mean_std": 1.065327465804236
  },
  "prior_ood": null,
  "condition": null,
  "conditions": null,
  "sweep_var": "snr_db",
  "baseline": null,
  "sweep_conditions": [
    {
      "sigma": 2.4812779426574707,
      "num_warmup": 5000,
      "num_samples": 2000,
      "num_chains": 4,
      "ess_min": 991.2157100688803,
      "rhat_max": 1.0022099805512958,
      "rhat_mean": 1.0011109970114977,
      "n_div": 40,
      "reliability_flag": "PASS",
      "reliability_explanation": "All diagnostics within thresholds",
      "a_err": 0.022218389452115527,
      "crps_a": 0.05597230606072322,
      "coverage_95": 1.0,
      "ci_width": 0.774387017974458,
      "mean_std": 0.19720085986069982,
      "cal_levels": [
        0.1,
        0.19444444444444445,
        0.28888888888888886,
        0.3833333333333333,
        0.47777777777777775,
        0.5722222222222222,
        0.6666666666666666,
        0.7611111111111111,
        0.8555555555555555,
        0.95
      ],
      "cal_empirical": [
        0.302734375,
        0.4453125,
        0.541015625,
        0.66796875,
        0.794921875,
        0.9716796875,
        1.0,
        1.0,
        1.0,
        1.0
      ],
      "nll_a": -0.7882085698733114,
      "u_err": null,
      "chi2_ppc": 118.07218474331597,
      "chi2_ppc_pvalue": 0.6330970740968046,
      "map_a_err": null,
      "map_u_err": null,
      "label": "SNR=15dB",
      "warmup_time_s": 371.63440680503845,
      "sampling_time_s": 96.37280011177063,
      "step_time_s": 0.016714543104171753,
      "spearman_rho_error_std": 0.47935226825692007,
      "spearman_pvalue_error_std": 5.96494024751259e-60,
      "a_err_per_sample": null
    }
  ],
  "laplace": null,
  "map_time_s": 10.728785514831543,
  "total_time_s": 1267.2556040287018,
  "sweep_value": null,
  "is_sweep_baseline": null
}