{
  "experiment": "noise_sweep",
  "problem": "eit",
  "experiment_type": "sweep",
  "timestamp": "2026-06-14T14:42:10",
  "seed": 42,
  "test_idx": null,
  "prior": {
    "n_prior": 500,
    "a_err": 0.3232261538505554,
    "crps_a": 0.7853465598417362,
    "coverage_95": 1.0,
    "ci_width": 3.738673297261709,
    "mean_std": 1.058260611811554
  },
  "prior_ood": null,
  "condition": null,
  "conditions": null,
  "sweep_var": "snr_db",
  "baseline": null,
  "sweep_conditions": [
    {
      "sigma": 0.7846490144729614,
      "num_warmup": 5000,
      "num_samples": 2000,
      "num_chains": 4,
      "ess_min": 4459.119468684332,
      "rhat_max": 1.0006454033521497,
      "rhat_mean": 1.0001773876314506,
      "n_div": 14,
      "reliability_flag": "PASS",
      "reliability_explanation": "All diagnostics within thresholds",
      "a_err": 0.015927703419661387,
      "crps_a": 0.03526619167046016,
      "coverage_95": 0.9697265625,
      "ci_width": 0.2606272167463334,
      "mean_std": 0.06667147721577127,
      "cal_levels": [
        0.1,
        0.19444444444444445,
        0.28888888888888886,
        0.3833333333333333,
        0.47777777777777775,
        0.5722222222222222,
        0.6666666666666666,
        0.7611111111111111,
        0.8555555555555555,
        0.95
      ],
      "cal_empirical": [
        0.0908203125,
        0.1708984375,
        0.1962890625,
        0.2734375,
        0.3486328125,
        0.4560546875,
        0.5546875,
        0.685546875,
        0.84765625,
        0.9697265625
      ],
      "nll_a": -1.3933336595878,
      "u_err": null,
      "chi2_ppc": 128.42372583003043,
      "chi2_ppc_pvalue": 0.37453735733311216,
      "map_a_err": null,
      "map_u_err": null,
      "label": "SNR=25dB",
      "warmup_time_s": 88.76718091964722,
      "sampling_time_s": 20.531605005264282,
      "step_time_s": 0.0039035280687468392,
      "spearman_rho_error_std": 0.41095045284672055,
      "spearman_pvalue_error_std": 5.362292325284671e-43,
      "a_err_per_sample": null
    }
  ],
  "laplace": null,
  "map_time_s": 10.95123815536499,
  "total_time_s": 935.2328779697418,
  "sweep_value": null,
  "is_sweep_baseline": null
}