{
  "experiment": "noise_sweep",
  "problem": "eit",
  "experiment_type": "sweep",
  "timestamp": "2026-06-14T15:00:02",
  "seed": 123,
  "test_idx": null,
  "prior": {
    "n_prior": 500,
    "a_err": 0.3197994530200958,
    "crps_a": 0.7804263034116796,
    "coverage_95": 0.9765625,
    "ci_width": 3.744172258289848,
    "mean_std": 1.065327465804236
  },
  "prior_ood": null,
  "condition": null,
  "conditions": null,
  "sweep_var": "snr_db",
  "baseline": null,
  "sweep_conditions": [
    {
      "sigma": 0.7846490144729614,
      "num_warmup": 5000,
      "num_samples": 2000,
      "num_chains": 4,
      "ess_min": 3654.65060586775,
      "rhat_max": 1.0015553336034941,
      "rhat_mean": 1.0008172868670293,
      "n_div": 11,
      "reliability_flag": "PASS",
      "reliability_explanation": "All diagnostics within thresholds",
      "a_err": 0.00880239658295344,
      "crps_a": 0.022852589948824283,
      "coverage_95": 1.0,
      "ci_width": 0.2723337611860449,
      "mean_std": 0.06945600059599283,
      "cal_levels": [
        0.1,
        0.19444444444444445,
        0.28888888888888886,
        0.3833333333333333,
        0.47777777777777775,
        0.5722222222222222,
        0.6666666666666666,
        0.7611111111111111,
        0.8555555555555555,
        0.95
      ],
      "cal_empirical": [
        0.095703125,
        0.248046875,
        0.4091796875,
        0.568359375,
        0.7119140625,
        0.779296875,
        0.87890625,
        0.974609375,
        1.0,
        1.0
      ],
      "nll_a": -1.7267784946711258,
      "u_err": null,
      "chi2_ppc": 119.87977259756795,
      "chi2_ppc_pvalue": 0.5878905881405129,
      "map_a_err": null,
      "map_u_err": null,
      "label": "SNR=25dB",
      "warmup_time_s": 102.93637752532959,
      "sampling_time_s": 21.702171802520752,
      "step_time_s": 0.004451376761708941,
      "spearman_rho_error_std": 0.3988365572026321,
      "spearman_pvalue_error_std": 2.2193340733335203e-40,
      "a_err_per_sample": null
    }
  ],
  "laplace": null,
  "map_time_s": 11.057249546051025,
  "total_time_s": 942.2777156829834,
  "sweep_value": null,
  "is_sweep_baseline": null
}