{
  "experiment": "noise_sweep",
  "problem": "eit",
  "experiment_type": "sweep",
  "timestamp": "2026-06-14T12:39:55",
  "seed": 42,
  "test_idx": null,
  "prior": {
    "n_prior": 500,
    "a_err": 0.3232261538505554,
    "crps_a": 0.7853465598417362,
    "coverage_95": 1.0,
    "ci_width": 3.738673297261709,
    "mean_std": 1.058260611811554
  },
  "prior_ood": null,
  "condition": null,
  "conditions": null,
  "sweep_var": "snr_db",
  "baseline": null,
  "sweep_conditions": [
    {
      "sigma": 0.3,
      "num_warmup": 5000,
      "num_samples": 2000,
      "num_chains": 4,
      "ess_min": 3793.7037659036687,
      "rhat_max": 1.0007983883602698,
      "rhat_mean": 1.0004418002007582,
      "n_div": 9,
      "reliability_flag": "PASS",
      "reliability_explanation": "All diagnostics within thresholds",
      "a_err": 0.006142619266583617,
      "crps_a": 0.0135848637007214,
      "coverage_95": 0.98828125,
      "ci_width": 0.1280505574169645,
      "mean_std": 0.03261791523019886,
      "cal_levels": [
        0.1,
        0.19444444444444445,
        0.28888888888888886,
        0.3833333333333333,
        0.47777777777777775,
        0.5722222222222222,
        0.6666666666666666,
        0.7611111111111111,
        0.8555555555555555,
        0.95
      ],
      "cal_empirical": [
        0.1005859375,
        0.208984375,
        0.29296875,
        0.40625,
        0.5341796875,
        0.6572265625,
        0.7978515625,
        0.8828125,
        0.953125,
        0.98828125
      ],
      "nll_a": -2.293771828440454,
      "u_err": null,
      "chi2_ppc": 15.007129153617143,
      "chi2_ppc_pvalue": 1.0,
      "map_a_err": null,
      "map_u_err": null,
      "label": "SNR=50dB",
      "warmup_time_s": 102.77907085418701,
      "sampling_time_s": 29.727389574050903,
      "step_time_s": 0.004732373586722783,
      "spearman_rho_error_std": 0.3546378790859023,
      "spearman_pvalue_error_std": 1.0367173032971496e-31,
      "a_err_per_sample": null
    }
  ],
  "laplace": null,
  "map_time_s": 10.795950412750244,
  "total_time_s": 947.6260826587677,
  "sweep_value": null,
  "is_sweep_baseline": null
}