{
  "experiment": "noise_sweep",
  "problem": "eit",
  "experiment_type": "sweep",
  "timestamp": "2026-06-14T15:16:18",
  "seed": 42,
  "test_idx": null,
  "prior": {
    "n_prior": 500,
    "a_err": 0.3232261538505554,
    "crps_a": 0.7853465598417362,
    "coverage_95": 1.0,
    "ci_width": 3.738673297261709,
    "mean_std": 1.058260611811554
  },
  "prior_ood": null,
  "condition": null,
  "conditions": null,
  "sweep_var": "snr_db",
  "baseline": null,
  "sweep_conditions": [
    {
      "sigma": 2.4812779426574707,
      "num_warmup": 5000,
      "num_samples": 2000,
      "num_chains": 4,
      "ess_min": 988.1339193995489,
      "rhat_max": 1.007282133382198,
      "rhat_mean": 1.0039110799363076,
      "n_div": 27,
      "reliability_flag": "PASS",
      "reliability_explanation": "All diagnostics within thresholds",
      "a_err": 0.04183773423076554,
      "crps_a": 0.08885414674965032,
      "coverage_95": 1.0,
      "ci_width": 0.7998673368531051,
      "mean_std": 0.20383957637298072,
      "cal_levels": [
        0.1,
        0.19444444444444445,
        0.28888888888888886,
        0.3833333333333333,
        0.47777777777777775,
        0.5722222222222222,
        0.6666666666666666,
        0.7611111111111111,
        0.8555555555555555,
        0.95
      ],
      "cal_empirical": [
        0.0732421875,
        0.16796875,
        0.275390625,
        0.4619140625,
        0.58203125,
        0.6455078125,
        0.7216796875,
        0.80078125,
        0.9541015625,
        1.0
      ],
      "nll_a": -0.4769444568863753,
      "u_err": null,
      "chi2_ppc": 126.5902170095167,
      "chi2_ppc_pvalue": 0.4185422978841919,
      "map_a_err": null,
      "map_u_err": null,
      "label": "SNR=15dB",
      "warmup_time_s": 1161.7349362373352,
      "sampling_time_s": 252.07182002067566,
      "step_time_s": 0.0504930984377861,
      "spearman_rho_error_std": 0.43453288167870674,
      "spearman_pvalue_error_std": 2.0725763861599114e-48,
      "a_err_per_sample": null
    }
  ],
  "laplace": null,
  "map_time_s": 11.200582504272461,
  "total_time_s": 2237.165524482727,
  "sweep_value": null,
  "is_sweep_baseline": null
}