{
  "experiment": "noise_sweep",
  "problem": "eit",
  "experiment_type": "sweep",
  "timestamp": "2026-06-14T12:06:41",
  "seed": 42,
  "test_idx": null,
  "prior": {
    "n_prior": 500,
    "a_err": 0.3232261538505554,
    "crps_a": 0.7853465598417362,
    "coverage_95": 1.0,
    "ci_width": 3.738673297261709,
    "mean_std": 1.058260611811554
  },
  "prior_ood": null,
  "condition": null,
  "conditions": null,
  "sweep_var": "snr_db",
  "baseline": {
    "sigma": 0.3,
    "num_warmup": 5000,
    "num_samples": 2000,
    "num_chains": 4,
    "ess_min": 955.5634847971122,
    "rhat_max": 1.0045608706197782,
    "rhat_mean": 1.0016124814342502,
    "n_div": 20,
    "reliability_flag": "PASS",
    "reliability_explanation": "All diagnostics within thresholds",
    "a_err": 0.005833275337554324,
    "crps_a": 0.01333724237642823,
    "coverage_95": 0.994140625,
    "ci_width": 0.13099907014629997,
    "mean_std": 0.03335362961130438,
    "cal_levels": [
      0.1,
      0.19444444444444445,
      0.28888888888888886,
      0.3833333333333333,
      0.47777777777777775,
      0.5722222222222222,
      0.6666666666666666,
      0.7611111111111111,
      0.8555555555555555,
      0.95
    ],
    "cal_empirical": [
      0.1044921875,
      0.2138671875,
      0.3037109375,
      0.4228515625,
      0.548828125,
      0.6953125,
      0.828125,
      0.8994140625,
      0.9658203125,
      0.994140625
    ],
    "nll_a": -2.313526496608251,
    "u_err": null,
    "chi2_ppc": 11.51988925251865,
    "chi2_ppc_pvalue": 1.0,
    "map_a_err": 0.05423245206475258,
    "map_u_err": null,
    "label": "Clean",
    "warmup_time_s": 107.30702114105225,
    "sampling_time_s": 28.35615062713623,
    "step_time_s": 0.004845113277435303,
    "spearman_rho_error_std": 0.32430287086045345,
    "spearman_pvalue_error_std": 1.665142785541563e-26,
    "a_err_per_sample": null
  },
  "sweep_conditions": [],
  "laplace": null,
  "map_time_s": 11.051615953445435,
  "total_time_s": 966.718603849411,
  "sweep_value": null,
  "is_sweep_baseline": null
}