{
  "experiment": "noise_sweep",
  "problem": "eit",
  "experiment_type": "sweep",
  "timestamp": "2026-06-14T15:24:53",
  "seed": 7,
  "test_idx": null,
  "prior": {
    "n_prior": 500,
    "a_err": 0.3371298015117645,
    "crps_a": 0.8399774356052632,
    "coverage_95": 1.0,
    "ci_width": 3.8225653745316777,
    "mean_std": 1.0971457318714988
  },
  "prior_ood": null,
  "condition": null,
  "conditions": null,
  "sweep_var": "snr_db",
  "baseline": null,
  "sweep_conditions": [
    {
      "sigma": 2.4812779426574707,
      "num_warmup": 5000,
      "num_samples": 2000,
      "num_chains": 4,
      "ess_min": 2691.775614468178,
      "rhat_max": 1.0016819811178608,
      "rhat_mean": 1.0007036898248318,
      "n_div": 14,
      "reliability_flag": "PASS",
      "reliability_explanation": "All diagnostics within thresholds",
      "a_err": 0.05269823482037808,
      "crps_a": 0.10782998019375276,
      "coverage_95": 0.8984375,
      "ci_width": 0.7199873400715996,
      "mean_std": 0.18321541867402474,
      "cal_levels": [
        0.1,
        0.19444444444444445,
        0.28888888888888886,
        0.3833333333333333,
        0.47777777777777775,
        0.5722222222222222,
        0.6666666666666666,
        0.7611111111111111,
        0.8555555555555555,
        0.95
      ],
      "cal_empirical": [
        0.076171875,
        0.150390625,
        0.2705078125,
        0.375,
        0.4541015625,
        0.5283203125,
        0.62890625,
        0.7236328125,
        0.830078125,
        0.8984375
      ],
      "nll_a": -0.41827046082038344,
      "u_err": null,
      "chi2_ppc": 107.1789200242392,
      "chi2_ppc_pvalue": 0.859441627868221,
      "map_a_err": null,
      "map_u_err": null,
      "label": "SNR=15dB",
      "warmup_time_s": 153.12084698677063,
      "sampling_time_s": 43.557154417037964,
      "step_time_s": 0.007024214335850307,
      "spearman_rho_error_std": 0.44135940070452745,
      "spearman_pvalue_error_std": 4.655032774404606e-50,
      "a_err_per_sample": null
    }
  ],
  "laplace": null,
  "map_time_s": 11.446821928024292,
  "total_time_s": 1052.0207314491272,
  "sweep_value": null,
  "is_sweep_baseline": null
}