{
  "experiment": "noise_sweep",
  "problem": "eit",
  "experiment_type": "sweep",
  "timestamp": "2026-06-14T15:11:14",
  "seed": 7,
  "test_idx": null,
  "prior": {
    "n_prior": 500,
    "a_err": 0.3371298015117645,
    "crps_a": 0.8399774356052632,
    "coverage_95": 1.0,
    "ci_width": 3.8225653745316777,
    "mean_std": 1.0971457318714988
  },
  "prior_ood": null,
  "condition": null,
  "conditions": null,
  "sweep_var": "snr_db",
  "baseline": null,
  "sweep_conditions": [
    {
      "sigma": 0.2,
      "num_warmup": 5000,
      "num_samples": 2000,
      "num_chains": 4,
      "ess_min": 2808.2293410021434,
      "rhat_max": 1.000595763001409,
      "rhat_mean": 1.000181926013617,
      "n_div": 3,
      "reliability_flag": "PASS",
      "reliability_explanation": "All diagnostics within thresholds",
      "a_err": 0.004361728492217851,
      "crps_a": 0.01009287045798184,
      "coverage_95": 0.9912109375,
      "ci_width": 0.09752493670130881,
      "mean_std": 0.024960687312714558,
      "cal_levels": [
        0.1,
        0.19444444444444445,
        0.28888888888888886,
        0.3833333333333333,
        0.47777777777777775,
        0.5722222222222222,
        0.6666666666666666,
        0.7611111111111111,
        0.8555555555555555,
        0.95
      ],
      "cal_empirical": [
        0.0908203125,
        0.177734375,
        0.3203125,
        0.484375,
        0.599609375,
        0.716796875,
        0.796875,
        0.8779296875,
        0.9482421875,
        0.9912109375
      ],
      "nll_a": -2.5798918446001453,
      "u_err": null,
      "chi2_ppc": 29.88523377882315,
      "chi2_ppc_pvalue": 1.0,
      "map_a_err": null,
      "map_u_err": null,
      "label": "SNR=50dB",
      "warmup_time_s": 165.36266946792603,
      "sampling_time_s": 41.78732252120972,
      "step_time_s": 0.007398213999611991,
      "spearman_rho_error_std": 0.30515151142622127,
      "spearman_pvalue_error_std": 1.6486993397172443e-23,
      "a_err_per_sample": null
    }
  ],
  "laplace": null,
  "map_time_s": 11.006866693496704,
  "total_time_s": 1051.0086071491241,
  "sweep_value": null,
  "is_sweep_baseline": null
}