{
  "experiment": "noise_sweep",
  "problem": "eit",
  "experiment_type": "sweep",
  "timestamp": "2026-06-14T15:13:55",
  "seed": 7,
  "test_idx": null,
  "prior": {
    "n_prior": 500,
    "a_err": 0.3371298015117645,
    "crps_a": 0.8399774356052632,
    "coverage_95": 1.0,
    "ci_width": 3.8225653745316777,
    "mean_std": 1.0971457318714988
  },
  "prior_ood": null,
  "condition": null,
  "conditions": null,
  "sweep_var": "snr_db",
  "baseline": null,
  "sweep_conditions": [
    {
      "sigma": 0.2481277734041214,
      "num_warmup": 5000,
      "num_samples": 2000,
      "num_chains": 4,
      "ess_min": 3112.1547154986283,
      "rhat_max": 1.000420719448615,
      "rhat_mean": 1.0000639227602364,
      "n_div": 0,
      "reliability_flag": "PASS",
      "reliability_explanation": "All diagnostics within thresholds",
      "a_err": 0.006649004152178339,
      "crps_a": 0.014779530927392074,
      "coverage_95": 0.9521484375,
      "ci_width": 0.12063928521574942,
      "mean_std": 0.030770899582420665,
      "cal_levels": [
        0.1,
        0.19444444444444445,
        0.28888888888888886,
        0.3833333333333333,
        0.47777777777777775,
        0.5722222222222222,
        0.6666666666666666,
        0.7611111111111111,
        0.8555555555555555,
        0.95
      ],
      "cal_empirical": [
        0.130859375,
        0.2451171875,
        0.3505859375,
        0.458984375,
        0.5419921875,
        0.63671875,
        0.7109375,
        0.7939453125,
        0.8544921875,
        0.9521484375
      ],
      "nll_a": -2.214293661841803,
      "u_err": null,
      "chi2_ppc": 121.6698560656668,
      "chi2_ppc_pvalue": 0.5424012833162545,
      "map_a_err": null,
      "map_u_err": null,
      "label": "SNR=35dB",
      "warmup_time_s": 155.00843262672424,
      "sampling_time_s": 42.03729867935181,
      "step_time_s": 0.007037347546645573,
      "spearman_rho_error_std": 0.20857491863958225,
      "spearman_pvalue_error_std": 1.578285167207421e-11,
      "a_err_per_sample": null
    }
  ],
  "laplace": null,
  "map_time_s": 11.125827312469482,
  "total_time_s": 1031.9956982135773,
  "sweep_value": null,
  "is_sweep_baseline": null
}