{
  "experiment": "noise_sweep",
  "problem": "eit",
  "experiment_type": "sweep",
  "timestamp": "2026-06-14T15:09:59",
  "seed": 7,
  "test_idx": null,
  "prior": {
    "n_prior": 500,
    "a_err": 0.3371298015117645,
    "crps_a": 0.8399774356052632,
    "coverage_95": 1.0,
    "ci_width": 3.8225653745316777,
    "mean_std": 1.0971457318714988
  },
  "prior_ood": null,
  "condition": null,
  "conditions": null,
  "sweep_var": "snr_db",
  "baseline": {
    "sigma": 0.2,
    "num_warmup": 5000,
    "num_samples": 2000,
    "num_chains": 4,
    "ess_min": 2603.547266756826,
    "rhat_max": 1.0025311832205452,
    "rhat_mean": 1.0010750534023778,
    "n_div": 6,
    "reliability_flag": "PASS",
    "reliability_explanation": "All diagnostics within thresholds",
    "a_err": 0.004389663076843616,
    "crps_a": 0.010233404744615704,
    "coverage_95": 0.986328125,
    "ci_width": 0.09715501094549533,
    "mean_std": 0.02481593867044183,
    "cal_levels": [
      0.1,
      0.19444444444444445,
      0.28888888888888886,
      0.3833333333333333,
      0.47777777777777775,
      0.5722222222222222,
      0.6666666666666666,
      0.7611111111111111,
      0.8555555555555555,
      0.95
    ],
    "cal_empirical": [
      0.0869140625,
      0.1875,
      0.3017578125,
      0.443359375,
      0.5703125,
      0.681640625,
      0.779296875,
      0.8828125,
      0.9541015625,
      0.986328125
    ],
    "nll_a": -2.5546086932330465,
    "u_err": null,
    "chi2_ppc": 24.993588939504257,
    "chi2_ppc_pvalue": 1.0,
    "map_a_err": 0.05599723011255264,
    "map_u_err": null,
    "label": "Clean",
    "warmup_time_s": 121.97435569763184,
    "sampling_time_s": 34.36813545227051,
    "step_time_s": 0.005583660398210798,
    "spearman_rho_error_std": 0.2671357780201702,
    "spearman_pvalue_error_std": 3.425093397174377e-18,
    "a_err_per_sample": null
  },
  "sweep_conditions": [],
  "laplace": null,
  "map_time_s": 11.738810300827026,
  "total_time_s": 991.4481391906738,
  "sweep_value": null,
  "is_sweep_baseline": null
}