{
  "experiment": "baseline",
  "problem": "burgers",
  "experiment_type": "single",
  "timestamp": "2026-06-12T06:21:35",
  "seed": 7,
  "test_idx": 0,
  "prior": {
    "n_prior": 500,
    "a_err": 0.9936088919639587,
    "crps_a": 0.06449103603242046,
    "coverage_95": 0.9921875,
    "ci_width": 0.5922809739021584,
    "mean_std": 0.15069773006675605
  },
  "prior_ood": null,
  "condition": {
    "sigma": 0.002,
    "num_warmup": 5000,
    "num_samples": 2000,
    "num_chains": 4,
    "ess_min": 3050.0877385831313,
    "rhat_max": 1.0006841380638085,
    "rhat_mean": 1.0001520819609877,
    "n_div": 0,
    "reliability_flag": "PASS",
    "reliability_explanation": "All diagnostics within thresholds",
    "a_err": 0.07156777381896973,
    "crps_a": 0.004641363030964415,
    "coverage_95": 0.9296875,
    "ci_width": 0.03852195561104291,
    "mean_std": 0.009852078502215113,
    "cal_levels": [
      0.1,
      0.19444444444444445,
      0.28888888888888886,
      0.3833333333333333,
      0.47777777777777775,
      0.5722222222222222,
      0.6666666666666666,
      0.7611111111111111,
      0.8555555555555555,
      0.95
    ],
    "cal_empirical": [
      0.21875,
      0.3203125,
      0.4140625,
      0.453125,
      0.578125,
      0.6171875,
      0.6953125,
      0.765625,
      0.84375,
      0.9296875
    ],
    "nll_a": -3.578035018013983,
    "u_err": 0.016177665442228317,
    "chi2_ppc": 1.777278511114658,
    "chi2_ppc_pvalue": 1.0,
    "map_a_err": 0.11636308580636978,
    "map_u_err": 0.025965401902794838,
    "label": "",
    "warmup_time_s": 889.7719688415527,
    "sampling_time_s": 385.33268094062805,
    "step_time_s": 0.04553945177793503,
    "spearman_rho_error_std": 0.0057738967222120486,
    "spearman_pvalue_error_std": 0.9484256792306885,
    "a_err_per_sample": null
  },
  "conditions": null,
  "sweep_var": null,
  "baseline": null,
  "sweep_conditions": null,
  "laplace": null,
  "map_time_s": 8.14981198310852,
  "total_time_s": 2853.489984035492,
  "sweep_value": null,
  "is_sweep_baseline": null
}