{
  "experiment": "baseline",
  "problem": "burgers",
  "experiment_type": "single",
  "timestamp": "2026-06-12T06:07:01",
  "seed": 123,
  "test_idx": 1,
  "prior": {
    "n_prior": 500,
    "a_err": 1.0229862928390503,
    "crps_a": 0.13913603282408557,
    "coverage_95": 0.6953125,
    "ci_width": 0.5937180768084882,
    "mean_std": 0.15028668313661503
  },
  "prior_ood": null,
  "condition": {
    "sigma": 0.01,
    "num_warmup": 5000,
    "num_samples": 2000,
    "num_chains": 4,
    "ess_min": 3312.2577003248334,
    "rhat_max": 1.001776087065834,
    "rhat_mean": 1.0005443481178766,
    "n_div": 0,
    "reliability_flag": "PASS",
    "reliability_explanation": "All diagnostics within thresholds",
    "a_err": 0.08594951033592224,
    "crps_a": 0.011650494974701912,
    "coverage_95": 0.890625,
    "ci_width": 0.07682071969899412,
    "mean_std": 0.019675790920678164,
    "cal_levels": [
      0.1,
      0.19444444444444445,
      0.28888888888888886,
      0.3833333333333333,
      0.47777777777777775,
      0.5722222222222222,
      0.6666666666666666,
      0.7611111111111111,
      0.8555555555555555,
      0.95
    ],
    "cal_empirical": [
      0.0546875,
      0.125,
      0.1640625,
      0.2734375,
      0.375,
      0.5,
      0.5859375,
      0.71875,
      0.828125,
      0.890625
    ],
    "nll_a": -2.7153270266770955,
    "u_err": 0.02348153479397297,
    "chi2_ppc": 2.2557004656730126,
    "chi2_ppc_pvalue": 1.0,
    "map_a_err": 0.10413362830877304,
    "map_u_err": 0.024526825174689293,
    "label": "",
    "warmup_time_s": 326.1694791316986,
    "sampling_time_s": 146.5638906955719,
    "step_time_s": 0.016883334636688233,
    "spearman_rho_error_std": 0.30903795092473907,
    "spearman_pvalue_error_std": 0.00038617086894192896,
    "a_err_per_sample": null
  },
  "conditions": null,
  "sweep_var": null,
  "baseline": null,
  "sweep_conditions": null,
  "laplace": null,
  "map_time_s": 8.435083866119385,
  "total_time_s": 2090.114299058914,
  "sweep_value": null,
  "is_sweep_baseline": null
}