{
  "experiment": "baseline",
  "problem": "burgers",
  "experiment_type": "single",
  "timestamp": "2026-06-12T06:08:10",
  "seed": 7,
  "test_idx": 1,
  "prior": {
    "n_prior": 500,
    "a_err": 0.9966800212860107,
    "crps_a": 0.1357999513195558,
    "coverage_95": 0.7109375,
    "ci_width": 0.5922809739021584,
    "mean_std": 0.15069773006675605
  },
  "prior_ood": null,
  "condition": {
    "sigma": 0.01,
    "num_warmup": 5000,
    "num_samples": 2000,
    "num_chains": 4,
    "ess_min": 5208.0120747115625,
    "rhat_max": 1.00081344017633,
    "rhat_mean": 1.0002214959218536,
    "n_div": 0,
    "reliability_flag": "PASS",
    "reliability_explanation": "All diagnostics within thresholds",
    "a_err": 0.08498778194189072,
    "crps_a": 0.011145082104055147,
    "coverage_95": 0.890625,
    "ci_width": 0.06466985228322708,
    "mean_std": 0.016527325038947133,
    "cal_levels": [
      0.1,
      0.19444444444444445,
      0.28888888888888886,
      0.3833333333333333,
      0.47777777777777775,
      0.5722222222222222,
      0.6666666666666666,
      0.7611111111111111,
      0.8555555555555555,
      0.95
    ],
    "cal_empirical": [
      0.015625,
      0.1015625,
      0.1796875,
      0.234375,
      0.3515625,
      0.46875,
      0.59375,
      0.703125,
      0.7890625,
      0.890625
    ],
    "nll_a": -2.819708144840636,
    "u_err": 0.02068328484892845,
    "chi2_ppc": 1.2414152872609472,
    "chi2_ppc_pvalue": 1.0,
    "map_a_err": 0.12758766114711761,
    "map_u_err": 0.02940136007964611,
    "label": "",
    "warmup_time_s": 291.85360503196716,
    "sampling_time_s": 110.96262860298157,
    "step_time_s": 0.014386294058391026,
    "spearman_rho_error_std": 0.4982947262406152,
    "spearman_pvalue_error_std": 2.1605569781107017e-09,
    "a_err_per_sample": null
  },
  "conditions": null,
  "sweep_var": null,
  "baseline": null,
  "sweep_conditions": null,
  "laplace": null,
  "map_time_s": 8.173126935958862,
  "total_time_s": 1961.7175068855286,
  "sweep_value": null,
  "is_sweep_baseline": null
}