{
  "experiment": "baseline",
  "problem": "burgers",
  "experiment_type": "single",
  "timestamp": "2026-06-12T06:07:52",
  "seed": 7,
  "test_idx": 2,
  "prior": {
    "n_prior": 500,
    "a_err": 1.03684401512146,
    "crps_a": 0.05374271776860842,
    "coverage_95": 0.9921875,
    "ci_width": 0.5922809739021584,
    "mean_std": 0.15069773006675605
  },
  "prior_ood": null,
  "condition": {
    "sigma": 0.01,
    "num_warmup": 5000,
    "num_samples": 2000,
    "num_chains": 4,
    "ess_min": 6125.33475572435,
    "rhat_max": 1.0009993466558367,
    "rhat_mean": 1.0002505179331331,
    "n_div": 0,
    "reliability_flag": "PASS",
    "reliability_explanation": "All diagnostics within thresholds",
    "a_err": 0.18169347941875458,
    "crps_a": 0.008809518775076339,
    "coverage_95": 0.9609375,
    "ci_width": 0.06688337850830672,
    "mean_std": 0.017087591720825558,
    "cal_levels": [
      0.1,
      0.19444444444444445,
      0.28888888888888886,
      0.3833333333333333,
      0.47777777777777775,
      0.5722222222222222,
      0.6666666666666666,
      0.7611111111111111,
      0.8555555555555555,
      0.95
    ],
    "cal_empirical": [
      0.09375,
      0.15625,
      0.328125,
      0.40625,
      0.46875,
      0.5859375,
      0.6640625,
      0.8046875,
      0.8984375,
      0.9609375
    ],
    "nll_a": -3.0528096547753574,
    "u_err": 0.03217059001326561,
    "chi2_ppc": 0.4862270840539151,
    "chi2_ppc_pvalue": 1.0,
    "map_a_err": 0.14753533899784088,
    "map_u_err": 0.02458854205906391,
    "label": "",
    "warmup_time_s": 244.81921648979187,
    "sampling_time_s": 96.98112964630127,
    "step_time_s": 0.012207155219146183,
    "spearman_rho_error_std": 0.3452263779527559,
    "spearman_pvalue_error_std": 6.58267794798875e-05,
    "a_err_per_sample": null
  },
  "conditions": null,
  "sweep_var": null,
  "baseline": null,
  "sweep_conditions": null,
  "laplace": null,
  "map_time_s": 8.184564352035522,
  "total_time_s": 1852.695904970169,
  "sweep_value": null,
  "is_sweep_baseline": null
}