{
  "experiment": "baseline",
  "problem": "burgers",
  "experiment_type": "single",
  "timestamp": "2026-06-12T06:12:26",
  "seed": 42,
  "test_idx": 0,
  "prior": {
    "n_prior": 500,
    "a_err": 0.9434337019920349,
    "crps_a": 0.06372308686693665,
    "coverage_95": 0.9921875,
    "ci_width": 0.6128114267302585,
    "mean_std": 0.15381072323505676
  },
  "prior_ood": null,
  "condition": {
    "sigma": 0.002,
    "num_warmup": 5000,
    "num_samples": 2000,
    "num_chains": 4,
    "ess_min": 3451.472005355948,
    "rhat_max": 1.0006117757712507,
    "rhat_mean": 1.0002005682528423,
    "n_div": 0,
    "reliability_flag": "PASS",
    "reliability_explanation": "All diagnostics within thresholds",
    "a_err": 0.0659705400466919,
    "crps_a": 0.004212320052416408,
    "coverage_95": 0.953125,
    "ci_width": 0.03484380255322074,
    "mean_std": 0.008896175186101026,
    "cal_levels": [
      0.1,
      0.19444444444444445,
      0.28888888888888886,
      0.3833333333333333,
      0.47777777777777775,
      0.5722222222222222,
      0.6666666666666666,
      0.7611111111111111,
      0.8555555555555555,
      0.95
    ],
    "cal_empirical": [
      0.0625,
      0.125,
      0.2578125,
      0.375,
      0.5078125,
      0.6484375,
      0.703125,
      0.8203125,
      0.8984375,
      0.953125
    ],
    "nll_a": -3.6797926090259585,
    "u_err": 0.01579301804304123,
    "chi2_ppc": 3.345996396346441,
    "chi2_ppc_pvalue": 1.0,
    "map_a_err": 0.11101039499044418,
    "map_u_err": 0.022851359099149704,
    "label": "",
    "warmup_time_s": 794.8429532051086,
    "sampling_time_s": 372.87077021598816,
    "step_time_s": 0.04170406155075346,
    "spearman_rho_error_std": 0.3480932979307819,
    "spearman_pvalue_error_std": 5.667221147916128e-05,
    "a_err_per_sample": null
  },
  "conditions": null,
  "sweep_var": null,
  "baseline": null,
  "sweep_conditions": null,
  "laplace": null,
  "map_time_s": 8.509122371673584,
  "total_time_s": 2642.304222345352,
  "sweep_value": null,
  "is_sweep_baseline": null
}