{
  "experiment": "baseline",
  "problem": "burgers",
  "experiment_type": "single",
  "timestamp": "2026-06-12T06:11:49",
  "seed": 123,
  "test_idx": 0,
  "prior": {
    "n_prior": 500,
    "a_err": 0.9602197408676147,
    "crps_a": 0.06393076147802378,
    "coverage_95": 0.9921875,
    "ci_width": 0.5937180768084882,
    "mean_std": 0.15028668313661503
  },
  "prior_ood": null,
  "condition": {
    "sigma": 0.005,
    "num_warmup": 5000,
    "num_samples": 2000,
    "num_chains": 4,
    "ess_min": 3283.59619676727,
    "rhat_max": 1.0004468959825077,
    "rhat_mean": 1.0000935008238843,
    "n_div": 0,
    "reliability_flag": "PASS",
    "reliability_explanation": "All diagnostics within thresholds",
    "a_err": 0.1035514548420906,
    "crps_a": 0.006781558148006687,
    "coverage_95": 0.953125,
    "ci_width": 0.06249331930345956,
    "mean_std": 0.016011411033232607,
    "cal_levels": [
      0.1,
      0.19444444444444445,
      0.28888888888888886,
      0.3833333333333333,
      0.47777777777777775,
      0.5722222222222222,
      0.6666666666666666,
      0.7611111111111111,
      0.8555555555555555,
      0.95
    ],
    "cal_empirical": [
      0.1171875,
      0.28125,
      0.34375,
      0.4921875,
      0.5546875,
      0.703125,
      0.78125,
      0.859375,
      0.921875,
      0.953125
    ],
    "nll_a": -3.237636731438953,
    "u_err": 0.02709665149450302,
    "chi2_ppc": 0.41115401533144647,
    "chi2_ppc_pvalue": 1.0,
    "map_a_err": 0.14006532728672028,
    "map_u_err": 0.03147941455245018,
    "label": "",
    "warmup_time_s": 512.9046387672424,
    "sampling_time_s": 195.86915946006775,
    "step_time_s": 0.02531334993668965,
    "spearman_rho_error_std": 0.22851812854788497,
    "spearman_pvalue_error_std": 0.009474246479927803,
    "a_err_per_sample": null
  },
  "conditions": null,
  "sweep_var": null,
  "baseline": null,
  "sweep_conditions": null,
  "laplace": null,
  "map_time_s": 8.015680313110352,
  "total_time_s": 2396.2704091072083,
  "sweep_value": null,
  "is_sweep_baseline": null
}