{
  "experiment": "baseline",
  "problem": "burgers",
  "experiment_type": "single",
  "timestamp": "2026-06-12T06:08:24",
  "seed": 123,
  "test_idx": 2,
  "prior": {
    "n_prior": 500,
    "a_err": 0.988912045955658,
    "crps_a": 0.0518378358876027,
    "coverage_95": 0.9921875,
    "ci_width": 0.5937180768084882,
    "mean_std": 0.15028668313661503
  },
  "prior_ood": null,
  "condition": {
    "sigma": 0.01,
    "num_warmup": 5000,
    "num_samples": 2000,
    "num_chains": 4,
    "ess_min": 3514.91548066567,
    "rhat_max": 1.0019623913058109,
    "rhat_mean": 1.0005264190481502,
    "n_div": 0,
    "reliability_flag": "PASS",
    "reliability_explanation": "All diagnostics within thresholds",
    "a_err": 0.23063190281391144,
    "crps_a": 0.011771225067451976,
    "coverage_95": 0.8828125,
    "ci_width": 0.080000196035517,
    "mean_std": 0.020431993593118036,
    "cal_levels": [
      0.1,
      0.19444444444444445,
      0.28888888888888886,
      0.3833333333333333,
      0.47777777777777775,
      0.5722222222222222,
      0.6666666666666666,
      0.7611111111111111,
      0.8555555555555555,
      0.95
    ],
    "cal_empirical": [
      0.078125,
      0.125,
      0.21875,
      0.328125,
      0.3671875,
      0.5625,
      0.6484375,
      0.734375,
      0.8046875,
      0.8828125
    ],
    "nll_a": -2.6826474727023366,
    "u_err": 0.04951286315917969,
    "chi2_ppc": 0.6493068694874855,
    "chi2_ppc_pvalue": 1.0,
    "map_a_err": 0.15471914410591125,
    "map_u_err": 0.025940757244825363,
    "label": "",
    "warmup_time_s": 297.6422381401062,
    "sampling_time_s": 120.62036085128784,
    "step_time_s": 0.014937949963978358,
    "spearman_rho_error_std": 0.17557452847463834,
    "spearman_pvalue_error_std": 0.047441226987279345,
    "a_err_per_sample": null
  },
  "conditions": null,
  "sweep_var": null,
  "baseline": null,
  "sweep_conditions": null,
  "laplace": null,
  "map_time_s": 7.37747597694397,
  "total_time_s": 2155.0744001865387,
  "sweep_value": null,
  "is_sweep_baseline": null
}