{
  "experiment": "baseline",
  "problem": "burgers",
  "experiment_type": "single",
  "timestamp": "2026-06-12T06:00:37",
  "seed": 42,
  "test_idx": 1,
  "prior": {
    "n_prior": 500,
    "a_err": 1.0232372283935547,
    "crps_a": 0.13955658975440613,
    "coverage_95": 0.6796875,
    "ci_width": 0.6128114267302585,
    "mean_std": 0.15381072323505676
  },
  "prior_ood": null,
  "condition": {
    "sigma": 0.01,
    "num_warmup": 5000,
    "num_samples": 2000,
    "num_chains": 4,
    "ess_min": 4171.482252577459,
    "rhat_max": 1.0014753571600108,
    "rhat_mean": 1.0001563200556276,
    "n_div": 0,
    "reliability_flag": "PASS",
    "reliability_explanation": "All diagnostics within thresholds",
    "a_err": 0.0727410614490509,
    "crps_a": 0.009671534374655961,
    "coverage_95": 0.921875,
    "ci_width": 0.06919335449308307,
    "mean_std": 0.017679812575333895,
    "cal_levels": [
      0.1,
      0.19444444444444445,
      0.28888888888888886,
      0.3833333333333333,
      0.47777777777777775,
      0.5722222222222222,
      0.6666666666666666,
      0.7611111111111111,
      0.8555555555555555,
      0.95
    ],
    "cal_empirical": [
      0.1015625,
      0.2421875,
      0.3125,
      0.375,
      0.4375,
      0.5625,
      0.65625,
      0.7578125,
      0.8515625,
      0.921875
    ],
    "nll_a": -2.9180154765619806,
    "u_err": 0.01740989275276661,
    "chi2_ppc": 2.442691758216129,
    "chi2_ppc_pvalue": 1.0,
    "map_a_err": 0.09059896320104599,
    "map_u_err": 0.018769510090351105,
    "label": "",
    "warmup_time_s": 301.055029630661,
    "sampling_time_s": 117.4924795627594,
    "step_time_s": 0.014948125328336443,
    "spearman_rho_error_std": 0.19284471708478299,
    "spearman_pvalue_error_std": 0.02919078938858178,
    "a_err_per_sample": null
  },
  "conditions": null,
  "sweep_var": null,
  "baseline": null,
  "sweep_conditions": null,
  "laplace": null,
  "map_time_s": 10.311568975448608,
  "total_time_s": 1916.3079538345337,
  "sweep_value": null,
  "is_sweep_baseline": null
}