{
  "experiment": "baseline",
  "problem": "burgers",
  "experiment_type": "single",
  "timestamp": "2026-06-12T06:02:44",
  "seed": 42,
  "test_idx": 2,
  "prior": {
    "n_prior": 500,
    "a_err": 0.9377694129943848,
    "crps_a": 0.051359853787119866,
    "coverage_95": 0.9921875,
    "ci_width": 0.6128114267302585,
    "mean_std": 0.15381072323505676
  },
  "prior_ood": null,
  "condition": {
    "sigma": 0.007,
    "num_warmup": 5000,
    "num_samples": 2000,
    "num_chains": 4,
    "ess_min": 3968.1240691097482,
    "rhat_max": 1.0012117245282042,
    "rhat_mean": 1.0002992796159802,
    "n_div": 0,
    "reliability_flag": "PASS",
    "reliability_explanation": "All diagnostics within thresholds",
    "a_err": 0.18208463490009308,
    "crps_a": 0.008938983805594653,
    "coverage_95": 0.9453125,
    "ci_width": 0.06005866147737649,
    "mean_std": 0.015341556083879205,
    "cal_levels": [
      0.1,
      0.19444444444444445,
      0.28888888888888886,
      0.3833333333333333,
      0.47777777777777775,
      0.5722222222222222,
      0.6666666666666666,
      0.7611111111111111,
      0.8555555555555555,
      0.95
    ],
    "cal_empirical": [
      0.078125,
      0.171875,
      0.296875,
      0.3203125,
      0.4140625,
      0.5078125,
      0.6328125,
      0.7109375,
      0.8046875,
      0.9453125
    ],
    "nll_a": -3.059551762713923,
    "u_err": 0.03370502591133118,
    "chi2_ppc": 1.2484114671781879,
    "chi2_ppc_pvalue": 1.0,
    "map_a_err": 0.12395484745502472,
    "map_u_err": 0.018938619643449783,
    "label": "",
    "warmup_time_s": 307.2440104484558,
    "sampling_time_s": 135.49657821655273,
    "step_time_s": 0.01581216388089316,
    "spearman_rho_error_std": 0.34742377769639254,
    "spearman_pvalue_error_std": 5.869670354776452e-05,
    "a_err_per_sample": null
  },
  "conditions": null,
  "sweep_var": null,
  "baseline": null,
  "sweep_conditions": null,
  "laplace": null,
  "map_time_s": 8.137290000915527,
  "total_time_s": 2001.483259677887,
  "sweep_value": null,
  "is_sweep_baseline": null
}