{
  "experiment": "baseline",
  "problem": "darcy_piecewise_5v1000",
  "experiment_type": "single",
  "timestamp": "2026-06-12T04:07:31",
  "seed": 7,
  "test_idx": 2,
  "prior": {
    "n_prior": 500,
    "a_err": 0.47219011187553406,
    "crps_a": 248.81665198573126,
    "coverage_95": 1.0,
    "ci_width": 995.0,
    "mean_std": 496.7312677884627
  },
  "prior_ood": null,
  "condition": {
    "sigma": 0.006958910128144667,
    "num_warmup": 15000,
    "num_samples": 5000,
    "num_chains": 4,
    "ess_min": 20536.635898814908,
    "rhat_max": 1.000221595321781,
    "rhat_mean": 0.9999770683227386,
    "n_div": 17,
    "reliability_flag": "PASS",
    "reliability_explanation": "All diagnostics within thresholds",
    "a_err": 0.5550654530525208,
    "crps_a": 228.35503758718787,
    "coverage_95": 1.0,
    "ci_width": 995.0,
    "mean_std": 493.1403784999376,
    "cal_levels": [
      0.1,
      0.19444444444444445,
      0.28888888888888886,
      0.3833333333333333,
      0.47777777777777775,
      0.5722222222222222,
      0.6666666666666666,
      0.7611111111111111,
      0.8555555555555555,
      0.95
    ],
    "cal_empirical": [
      0.8787158145065398,
      0.9726516052318668,
      0.9988109393579072,
      1.0,
      1.0,
      1.0,
      1.0,
      1.0,
      1.0,
      1.0
    ],
    "nll_a": 0.6516666741788856,
    "u_err": 0.9466700553894043,
    "chi2_ppc": 96.18307932859267,
    "chi2_ppc_pvalue": 0.5894362995923045,
    "map_a_err": 0.6316299438476562,
    "map_u_err": 0.9642572402954102,
    "label": "",
    "warmup_time_s": 573.7981979846954,
    "sampling_time_s": 435.0655002593994,
    "step_time_s": 0.012610796228051186,
    "spearman_rho_error_std": 0.5085954687231904,
    "spearman_pvalue_error_std": 1.5925937567237808e-56,
    "a_err_per_sample": 0.49107643070295454
  },
  "conditions": null,
  "sweep_var": null,
  "baseline": null,
  "sweep_conditions": null,
  "laplace": null,
  "map_time_s": 11.63745665550232,
  "total_time_s": 2475.195787191391,
  "sweep_value": null,
  "is_sweep_baseline": null
}