{
  "experiment": "baseline",
  "problem": "darcy_piecewise",
  "experiment_type": "single",
  "timestamp": "2026-06-12T05:05:49",
  "seed": 7,
  "test_idx": 0,
  "prior": {
    "n_prior": 500,
    "a_err": 0.5232526659965515,
    "crps_a": 1.2832970749108206,
    "coverage_95": 1.0,
    "ci_width": 5.0,
    "mean_std": 2.4910889213360643
  },
  "prior_ood": null,
  "condition": {
    "sigma": 0.010600528627913079,
    "num_warmup": 15000,
    "num_samples": 5000,
    "num_chains": 4,
    "ess_min": 13193.805928120864,
    "rhat_max": 1.000627143136468,
    "rhat_mean": 1.000015075799086,
    "n_div": 0,
    "reliability_flag": "PASS",
    "reliability_explanation": "All diagnostics within thresholds",
    "a_err": 0.8486893177032471,
    "crps_a": 0.6949849676575505,
    "coverage_95": 1.0,
    "ci_width": 4.720570749108204,
    "mean_std": 1.9591770136207631,
    "cal_levels": [
      0.1,
      0.19444444444444445,
      0.28888888888888886,
      0.3833333333333333,
      0.47777777777777775,
      0.5722222222222222,
      0.6666666666666666,
      0.7611111111111111,
      0.8555555555555555,
      0.95
    ],
    "cal_empirical": [
      0.8929845422116528,
      0.9179548156956004,
      0.9405469678953626,
      0.9548156956004756,
      0.9619500594530321,
      0.9678953626634959,
      0.976218787158145,
      0.990487514863258,
      0.995243757431629,
      1.0
    ],
    "nll_a": 0.4346485803317789,
    "u_err": 0.03855554014444351,
    "chi2_ppc": 2.942139562384772,
    "chi2_ppc_pvalue": 1.0,
    "map_a_err": 0.5115984678268433,
    "map_u_err": 0.1799471378326416,
    "label": "",
    "warmup_time_s": 1784.5572702884674,
    "sampling_time_s": 582.281896352768,
    "step_time_s": 0.02958548958301544,
    "spearman_rho_error_std": 0.8448478814292031,
    "spearman_pvalue_error_std": 4.0388657412086137e-230,
    "a_err_per_sample": 0.7178415884479881
  },
  "conditions": null,
  "sweep_var": null,
  "baseline": null,
  "sweep_conditions": null,
  "laplace": null,
  "map_time_s": 10.945798873901367,
  "total_time_s": 4230.934718847275,
  "sweep_value": null,
  "is_sweep_baseline": null
}