{
  "experiment": "baseline",
  "problem": "darcy_piecewise_5v100",
  "experiment_type": "single",
  "timestamp": "2026-06-12T07:58:55",
  "seed": 42,
  "test_idx": 2,
  "prior": {
    "n_prior": 500,
    "a_err": 0.7395644187927246,
    "crps_a": 21.4405746254459,
    "coverage_95": 1.0,
    "ci_width": 95.0,
    "mean_std": 47.31372197278989
  },
  "prior_ood": null,
  "condition": {
    "sigma": 0.014234196075177159,
    "num_warmup": 15000,
    "num_samples": 5000,
    "num_chains": 4,
    "ess_min": 7511.321802376304,
    "rhat_max": 1.0006620751269866,
    "rhat_mean": 1.0000931768451902,
    "n_div": 306,
    "reliability_flag": "WARN",
    "reliability_explanation": "divergences=1.5% > 1%",
    "a_err": 0.5699678659439087,
    "crps_a": 23.885401540978002,
    "coverage_95": 0.9976218787158145,
    "ci_width": 89.01307966706302,
    "mean_std": 35.09963640764783,
    "cal_levels": [
      0.1,
      0.19444444444444445,
      0.28888888888888886,
      0.3833333333333333,
      0.47777777777777775,
      0.5722222222222222,
      0.6666666666666666,
      0.7611111111111111,
      0.8555555555555555,
      0.95
    ],
    "cal_empirical": [
      0.6658739595719382,
      0.6979785969084423,
      0.7360285374554102,
      0.7705112960760999,
      0.807372175980975,
      0.8478002378121284,
      0.8894173602853745,
      0.9334126040428062,
      0.9714625445897741,
      0.9976218787158145
    ],
    "nll_a": 0.7214118416427121,
    "u_err": 0.4348773956298828,
    "chi2_ppc": 28.99356487592665,
    "chi2_ppc_pvalue": 0.9999999999997317,
    "map_a_err": 0.6034241914749146,
    "map_u_err": 0.7859686613082886,
    "label": "",
    "warmup_time_s": 4945.369294881821,
    "sampling_time_s": 1994.3225328922272,
    "step_time_s": 0.0867461478471756,
    "spearman_rho_error_std": 0.4706718485901461,
    "spearman_pvalue_error_std": 1.3833077291711488e-47,
    "a_err_per_sample": 0.5243499798640608
  },
  "conditions": null,
  "sweep_var": null,
  "baseline": null,
  "sweep_conditions": null,
  "laplace": null,
  "map_time_s": 10.847362518310547,
  "total_time_s": 8253.155524015427,
  "sweep_value": null,
  "is_sweep_baseline": null
}