{
  "experiment": "baseline",
  "problem": "darcy_piecewise",
  "experiment_type": "single",
  "timestamp": "2026-06-12T04:54:54",
  "seed": 123,
  "test_idx": 0,
  "prior": {
    "n_prior": 500,
    "a_err": 0.6425707936286926,
    "crps_a": 1.2195791914387633,
    "coverage_95": 1.0,
    "ci_width": 5.0,
    "mean_std": 2.4939507564745695
  },
  "prior_ood": null,
  "condition": {
    "sigma": 0.010973493731815451,
    "num_warmup": 15000,
    "num_samples": 5000,
    "num_chains": 4,
    "ess_min": 13353.120456243842,
    "rhat_max": 1.0004054518232977,
    "rhat_mean": 1.0000155871121335,
    "n_div": 0,
    "reliability_flag": "PASS",
    "reliability_explanation": "All diagnostics within thresholds",
    "a_err": 0.8406445980072021,
    "crps_a": 0.7017313178061831,
    "coverage_95": 1.0,
    "ci_width": 4.560047562425684,
    "mean_std": 1.9870945567902414,
    "cal_levels": [
      0.1,
      0.19444444444444445,
      0.28888888888888886,
      0.3833333333333333,
      0.47777777777777775,
      0.5722222222222222,
      0.6666666666666666,
      0.7611111111111111,
      0.8555555555555555,
      0.95
    ],
    "cal_empirical": [
      0.8799048751486326,
      0.9072532699167658,
      0.9286563614744352,
      0.9595719381688466,
      0.9667063020214031,
      0.9738406658739596,
      0.9845422116527943,
      0.9892984542211652,
      0.9940546967895363,
      1.0
    ],
    "nll_a": 0.44041216695288365,
    "u_err": 0.035798974335193634,
    "chi2_ppc": 3.2697431583786125,
    "chi2_ppc_pvalue": 1.0,
    "map_a_err": 0.502718985080719,
    "map_u_err": 0.19177360832691193,
    "label": "",
    "warmup_time_s": 1791.8976833820343,
    "sampling_time_s": 592.1449220180511,
    "step_time_s": 0.029800532567501068,
    "spearman_rho_error_std": 0.8395089938501551,
    "spearman_pvalue_error_std": 1.756751713129723e-224,
    "a_err_per_sample": 0.7116804506853223
  },
  "conditions": null,
  "sweep_var": null,
  "baseline": null,
  "sweep_conditions": null,
  "laplace": null,
  "map_time_s": 11.173717498779297,
  "total_time_s": 3921.950508594513,
  "sweep_value": null,
  "is_sweep_baseline": null
}