{
  "experiment": "baseline",
  "problem": "darcy_piecewise_5v10",
  "experiment_type": "single",
  "timestamp": "2026-06-12T04:34:31",
  "seed": 7,
  "test_idx": 0,
  "prior": {
    "n_prior": 500,
    "a_err": 0.5862595438957214,
    "crps_a": 1.2433508680142689,
    "coverage_95": 1.0,
    "ci_width": 5.0,
    "mean_std": 2.4936431125979723
  },
  "prior_ood": null,
  "condition": {
    "sigma": 0.01139081596338656,
    "num_warmup": 15000,
    "num_samples": 5000,
    "num_chains": 4,
    "ess_min": 20590.7720951576,
    "rhat_max": 1.0002521072350652,
    "rhat_mean": 0.9999525467294341,
    "n_div": 6,
    "reliability_flag": "PASS",
    "reliability_explanation": "All diagnostics within thresholds",
    "a_err": 0.8930994272232056,
    "crps_a": 0.5059923280469679,
    "coverage_95": 1.0,
    "ci_width": 4.833531510107015,
    "mean_std": 1.93172495924716,
    "cal_levels": [
      0.1,
      0.19444444444444445,
      0.28888888888888886,
      0.3833333333333333,
      0.47777777777777775,
      0.5722222222222222,
      0.6666666666666666,
      0.7611111111111111,
      0.8555555555555555,
      0.95
    ],
    "cal_empirical": [
      0.9120095124851367,
      0.9369797859690844,
      0.9583828775267539,
      0.9726516052318668,
      0.9845422116527943,
      0.9916765755053508,
      0.995243757431629,
      0.9976218787158145,
      1.0,
      1.0
    ],
    "nll_a": 0.34390692591225525,
    "u_err": 0.03412520885467529,
    "chi2_ppc": 2.5090049533989953,
    "chi2_ppc_pvalue": 1.0,
    "map_a_err": 0.49630534648895264,
    "map_u_err": 0.1962178647518158,
    "label": "",
    "warmup_time_s": 893.356440782547,
    "sampling_time_s": 290.3038070201874,
    "step_time_s": 0.01479575309753418,
    "spearman_rho_error_std": 0.9474500852400723,
    "spearman_pvalue_error_std": 0.0,
    "a_err_per_sample": 0.758446215556562
  },
  "conditions": null,
  "sweep_var": null,
  "baseline": null,
  "sweep_conditions": null,
  "laplace": null,
  "map_time_s": 11.253607988357544,
  "total_time_s": 3126.546558380127,
  "sweep_value": null,
  "is_sweep_baseline": null
}