{
  "experiment": "baseline",
  "problem": "darcy_piecewise_5v1000",
  "experiment_type": "single",
  "timestamp": "2026-06-12T03:53:28",
  "seed": 7,
  "test_idx": 1,
  "prior": {
    "n_prior": 500,
    "a_err": 0.5168988108634949,
    "crps_a": 247.633536646849,
    "coverage_95": 1.0,
    "ci_width": 995.0,
    "mean_std": 496.7312677884627
  },
  "prior_ood": null,
  "condition": {
    "sigma": 0.007260669526025792,
    "num_warmup": 15000,
    "num_samples": 5000,
    "num_chains": 4,
    "ess_min": 17825.20529815138,
    "rhat_max": 1.0004681006839466,
    "rhat_mean": 0.9999941762435952,
    "n_div": 27,
    "reliability_flag": "PASS",
    "reliability_explanation": "All diagnostics within thresholds",
    "a_err": 0.6830772161483765,
    "crps_a": 220.89512177728895,
    "coverage_95": 1.0,
    "ci_width": 995.0,
    "mean_std": 493.7551834019378,
    "cal_levels": [
      0.1,
      0.19444444444444445,
      0.28888888888888886,
      0.3833333333333333,
      0.47777777777777775,
      0.5722222222222222,
      0.6666666666666666,
      0.7611111111111111,
      0.8555555555555555,
      0.95
    ],
    "cal_empirical": [
      0.9322235434007135,
      0.9976218787158145,
      1.0,
      1.0,
      1.0,
      1.0,
      1.0,
      1.0,
      1.0,
      1.0
    ],
    "nll_a": 0.6365674243669792,
    "u_err": 0.9581142067909241,
    "chi2_ppc": 96.72809291224237,
    "chi2_ppc_pvalue": 0.5740280910992992,
    "map_a_err": 0.6451277732849121,
    "map_u_err": 0.9721725583076477,
    "label": "",
    "warmup_time_s": 576.2007853984833,
    "sampling_time_s": 477.9945116043091,
    "step_time_s": 0.013177441212534904,
    "spearman_rho_error_std": 0.6875010298250364,
    "spearman_pvalue_error_std": 1.0469918388236212e-118,
    "a_err_per_sample": 0.5088451190553606
  },
  "conditions": null,
  "sweep_var": null,
  "baseline": null,
  "sweep_conditions": null,
  "laplace": null,
  "map_time_s": 11.248485565185547,
  "total_time_s": 2796.8245968818665,
  "sweep_value": null,
  "is_sweep_baseline": null
}