{
  "experiment": "baseline",
  "problem": "darcy_piecewise_5v1000",
  "experiment_type": "single",
  "timestamp": "2026-06-12T03:29:23",
  "seed": 42,
  "test_idx": 2,
  "prior": {
    "n_prior": 500,
    "a_err": 0.41375434398651123,
    "crps_a": 253.41161640903684,
    "coverage_95": 1.0,
    "ci_width": 995.0,
    "mean_std": 496.57930457491534
  },
  "prior_ood": null,
  "condition": {
    "sigma": 0.006352110122395416,
    "num_warmup": 15000,
    "num_samples": 5000,
    "num_chains": 4,
    "ess_min": 20904.959838052317,
    "rhat_max": 1.0003436131825114,
    "rhat_mean": 0.9999669378162185,
    "n_div": 10,
    "reliability_flag": "PASS",
    "reliability_explanation": "All diagnostics within thresholds",
    "a_err": 0.517842173576355,
    "crps_a": 228.01451338359098,
    "coverage_95": 1.0,
    "ci_width": 995.0,
    "mean_std": 492.3148650688914,
    "cal_levels": [
      0.1,
      0.19444444444444445,
      0.28888888888888886,
      0.3833333333333333,
      0.47777777777777775,
      0.5722222222222222,
      0.6666666666666666,
      0.7611111111111111,
      0.8555555555555555,
      0.95
    ],
    "cal_empirical": [
      0.8632580261593341,
      0.9655172413793104,
      0.9988109393579072,
      1.0,
      1.0,
      1.0,
      1.0,
      1.0,
      1.0,
      1.0
    ],
    "nll_a": 0.6508326589847612,
    "u_err": 0.9458011388778687,
    "chi2_ppc": 95.1779824158287,
    "chi2_ppc_pvalue": 0.6176266246399985,
    "map_a_err": 0.6395305395126343,
    "map_u_err": 0.9642901420593262,
    "label": "",
    "warmup_time_s": 578.2986106872559,
    "sampling_time_s": 211.26017689704895,
    "step_time_s": 0.00986948484480381,
    "spearman_rho_error_std": 0.5079773877149735,
    "spearman_pvalue_error_std": 2.274979496204337e-56,
    "a_err_per_sample": 0.4909810502678156
  },
  "conditions": null,
  "sweep_var": null,
  "baseline": null,
  "sweep_conditions": null,
  "laplace": null,
  "map_time_s": 11.154825925827026,
  "total_time_s": 2243.360012292862,
  "sweep_value": null,
  "is_sweep_baseline": null
}