{
  "experiment": "baseline",
  "problem": "darcy_piecewise_5v100",
  "experiment_type": "single",
  "timestamp": "2026-06-12T07:31:25",
  "seed": 7,
  "test_idx": 1,
  "prior": {
    "n_prior": 500,
    "a_err": 0.2539221942424774,
    "crps_a": 23.996553127229486,
    "coverage_95": 1.0,
    "ci_width": 95.0,
    "mean_std": 47.4165622061414
  },
  "prior_ood": null,
  "condition": {
    "sigma": 0.013964708205401391,
    "num_warmup": 15000,
    "num_samples": 5000,
    "num_chains": 4,
    "ess_min": 5330.395882998803,
    "rhat_max": 1.0007521582513046,
    "rhat_mean": 1.0001455045639194,
    "n_div": 192,
    "reliability_flag": "PASS",
    "reliability_explanation": "All diagnostics within thresholds",
    "a_err": 0.7770966291427612,
    "crps_a": 14.36161309252378,
    "coverage_95": 0.9881093935790726,
    "ci_width": 83.59378715814506,
    "mean_std": 33.1586042548534,
    "cal_levels": [
      0.1,
      0.19444444444444445,
      0.28888888888888886,
      0.3833333333333333,
      0.47777777777777775,
      0.5722222222222222,
      0.6666666666666666,
      0.7611111111111111,
      0.8555555555555555,
      0.95
    ],
    "cal_empirical": [
      0.835909631391201,
      0.8656361474435196,
      0.8846611177170036,
      0.896551724137931,
      0.9143876337693222,
      0.929845422116528,
      0.9512485136741974,
      0.9667063020214031,
      0.9869203329369798,
      0.9881093935790726
    ],
    "nll_a": 0.4765197382240462,
    "u_err": 0.4134714603424072,
    "chi2_ppc": 27.99484363004377,
    "chi2_ppc_pvalue": 0.9999999999999244,
    "map_a_err": 0.5810020565986633,
    "map_u_err": 0.7827717065811157,
    "label": "",
    "warmup_time_s": 3464.7340161800385,
    "sampling_time_s": 965.4182455539703,
    "step_time_s": 0.05537690327167511,
    "spearman_rho_error_std": 0.7787642102659857,
    "spearman_pvalue_error_std": 4.3619908187525845e-172,
    "a_err_per_sample": 0.6647231668323278
  },
  "conditions": null,
  "sweep_var": null,
  "baseline": null,
  "sweep_conditions": null,
  "laplace": null,
  "map_time_s": 12.63238263130188,
  "total_time_s": 6399.792154073715,
  "sweep_value": null,
  "is_sweep_baseline": null
}