{
  "experiment": "baseline",
  "problem": "darcy_continuous",
  "experiment_type": "single",
  "timestamp": "2026-06-12T02:28:32",
  "seed": 123,
  "test_idx": 1,
  "prior": {
    "n_prior": 500,
    "a_err": 0.3221660256385803,
    "crps_a": 0.4125923631397353,
    "coverage_95": 0.9607609988109393,
    "ci_width": 2.1495130922084154,
    "mean_std": 0.5992359166959564
  },
  "prior_ood": null,
  "condition": {
    "sigma": 0.005,
    "num_warmup": 5000,
    "num_samples": 2000,
    "num_chains": 4,
    "ess_min": 1364.1578737488721,
    "rhat_max": 1.0022844339255188,
    "rhat_mean": 1.0018906582774743,
    "n_div": 0,
    "reliability_flag": "PASS",
    "reliability_explanation": "All diagnostics within thresholds",
    "a_err": 0.0020731105469167233,
    "crps_a": 0.003123663085157993,
    "coverage_95": 0.9976218787158145,
    "ci_width": 0.04068918435761449,
    "mean_std": 0.010357079386987116,
    "cal_levels": [
      0.1,
      0.19444444444444445,
      0.28888888888888886,
      0.3833333333333333,
      0.47777777777777775,
      0.5722222222222222,
      0.6666666666666666,
      0.7611111111111111,
      0.8555555555555555,
      0.95
    ],
    "cal_empirical": [
      0.2057074910820452,
      0.4042806183115339,
      0.5529131985731273,
      0.6777645659928656,
      0.797859690844233,
      0.8608799048751486,
      0.896551724137931,
      0.9274673008323424,
      0.9667063020214031,
      0.9976218787158145
    ],
    "nll_a": -3.57278626379927,
    "u_err": 0.002899971092119813,
    "chi2_ppc": 0.31149526280187906,
    "chi2_ppc_pvalue": 1.0,
    "map_a_err": 0.0023236179258674383,
    "map_u_err": 0.002895322861149907,
    "label": "",
    "warmup_time_s": 183.99606204032898,
    "sampling_time_s": 54.90301585197449,
    "step_time_s": 0.008532109924725124,
    "spearman_rho_error_std": 0.24972101256159648,
    "spearman_pvalue_error_std": 2.01405135869978e-13,
    "a_err_per_sample": null
  },
  "conditions": null,
  "sweep_var": null,
  "baseline": null,
  "sweep_conditions": null,
  "laplace": null,
  "map_time_s": 8.843482494354248,
  "total_time_s": 5300.228902101517,
  "sweep_value": null,
  "is_sweep_baseline": null
}