{
  "experiment": "baseline",
  "problem": "darcy_piecewise_5v10",
  "experiment_type": "single",
  "timestamp": "2026-06-12T04:18:52",
  "seed": 42,
  "test_idx": 0,
  "prior": {
    "n_prior": 500,
    "a_err": 0.6089256405830383,
    "crps_a": 1.2510864209274675,
    "coverage_95": 1.0,
    "ci_width": 5.0,
    "mean_std": 2.4941845494397747
  },
  "prior_ood": null,
  "condition": {
    "sigma": 0.010894107486393472,
    "num_warmup": 15000,
    "num_samples": 5000,
    "num_chains": 4,
    "ess_min": 20775.239317862648,
    "rhat_max": 1.000220010497071,
    "rhat_mean": 0.9999587446627288,
    "n_div": 9,
    "reliability_flag": "PASS",
    "reliability_explanation": "All diagnostics within thresholds",
    "a_err": 0.8967846632003784,
    "crps_a": 0.4763032333977408,
    "coverage_95": 1.0,
    "ci_width": 4.952586206896539,
    "mean_std": 1.9217452207509331,
    "cal_levels": [
      0.1,
      0.19444444444444445,
      0.28888888888888886,
      0.3833333333333333,
      0.47777777777777775,
      0.5722222222222222,
      0.6666666666666666,
      0.7611111111111111,
      0.8555555555555555,
      0.95
    ],
    "cal_empirical": [
      0.9215219976218787,
      0.93935790725327,
      0.9583828775267539,
      0.976218787158145,
      0.9892984542211652,
      0.9928656361474435,
      0.9976218787158145,
      1.0,
      1.0,
      1.0
    ],
    "nll_a": 0.32862414322024386,
    "u_err": 0.03264225646853447,
    "chi2_ppc": 2.430490630834911,
    "chi2_ppc_pvalue": 1.0,
    "map_a_err": 0.528597354888916,
    "map_u_err": 0.2114134430885315,
    "label": "",
    "warmup_time_s": 895.2129979133606,
    "sampling_time_s": 283.73175978660583,
    "step_time_s": 0.014736809471249581,
    "spearman_rho_error_std": 0.9620636897487769,
    "spearman_pvalue_error_std": 0.0,
    "a_err_per_sample": 0.7677132550925017
  },
  "conditions": null,
  "sweep_var": null,
  "baseline": null,
  "sweep_conditions": null,
  "laplace": null,
  "map_time_s": 10.990419149398804,
  "total_time_s": 3132.6866776943207,
  "sweep_value": null,
  "is_sweep_baseline": null
}