{
  "experiment": "baseline",
  "problem": "darcy_piecewise",
  "experiment_type": "single",
  "timestamp": "2026-06-12T04:49:13",
  "seed": 7,
  "test_idx": 2,
  "prior": {
    "n_prior": 500,
    "a_err": 0.42433470487594604,
    "crps_a": 1.300110392390012,
    "coverage_95": 1.0,
    "ci_width": 5.0,
    "mean_std": 2.4910889213360643
  },
  "prior_ood": null,
  "condition": {
    "sigma": 0.01302474860771327,
    "num_warmup": 15000,
    "num_samples": 5000,
    "num_chains": 4,
    "ess_min": 17305.842745956925,
    "rhat_max": 1.000541499581821,
    "rhat_mean": 0.999971077348471,
    "n_div": 0,
    "reliability_flag": "PASS",
    "reliability_explanation": "All diagnostics within thresholds",
    "a_err": 0.9717370867729187,
    "crps_a": 0.16947257664982163,
    "coverage_95": 1.0,
    "ci_width": 3.61474435196195,
    "mean_std": 1.3082214353701045,
    "cal_levels": [
      0.1,
      0.19444444444444445,
      0.28888888888888886,
      0.3833333333333333,
      0.47777777777777775,
      0.5722222222222222,
      0.6666666666666666,
      0.7611111111111111,
      0.8555555555555555,
      0.95
    ],
    "cal_empirical": [
      0.9928656361474435,
      0.9976218787158145,
      0.9988109393579072,
      1.0,
      1.0,
      1.0,
      1.0,
      1.0,
      1.0,
      1.0
    ],
    "nll_a": 0.14502433847054497,
    "u_err": 0.029116753488779068,
    "chi2_ppc": 1.7517445125103326,
    "chi2_ppc_pvalue": 1.0,
    "map_a_err": 0.6692389249801636,
    "map_u_err": 0.2022579312324524,
    "label": "",
    "warmup_time_s": 1149.4074413776398,
    "sampling_time_s": 517.4276418685913,
    "step_time_s": 0.02083543854057789,
    "spearman_rho_error_std": 0.9998080685848648,
    "spearman_pvalue_error_std": 0.0,
    "a_err_per_sample": 0.8624483076840639
  },
  "conditions": null,
  "sweep_var": null,
  "baseline": null,
  "sweep_conditions": null,
  "laplace": null,
  "map_time_s": 10.692619323730469,
  "total_time_s": 2873.5107827186584,
  "sweep_value": null,
  "is_sweep_baseline": null
}