{
  "experiment": "baseline",
  "problem": "darcy_piecewise_5v10",
  "experiment_type": "single",
  "timestamp": "2026-06-12T04:33:08",
  "seed": 123,
  "test_idx": 2,
  "prior": {
    "n_prior": 500,
    "a_err": 0.5402446389198303,
    "crps_a": 1.250454601664685,
    "coverage_95": 1.0,
    "ci_width": 5.0,
    "mean_std": 2.4922335473460873
  },
  "prior_ood": null,
  "condition": {
    "sigma": 0.013032228776477138,
    "num_warmup": 15000,
    "num_samples": 5000,
    "num_chains": 4,
    "ess_min": 19678.710476347725,
    "rhat_max": 1.0002651840789896,
    "rhat_mean": 0.9999606148218726,
    "n_div": 22,
    "reliability_flag": "PASS",
    "reliability_explanation": "All diagnostics within thresholds",
    "a_err": 0.7092645764350891,
    "crps_a": 0.8522531804845421,
    "coverage_95": 1.0,
    "ci_width": 4.8513674197384065,
    "mean_std": 1.990602261802638,
    "cal_levels": [
      0.1,
      0.19444444444444445,
      0.28888888888888886,
      0.3833333333333333,
      0.47777777777777775,
      0.5722222222222222,
      0.6666666666666666,
      0.7611111111111111,
      0.8555555555555555,
      0.95
    ],
    "cal_empirical": [
      0.760998810939358,
      0.8026159334126041,
      0.8478002378121284,
      0.8941736028537456,
      0.9476813317479191,
      0.9655172413793104,
      0.9774078478002378,
      0.9869203329369798,
      0.9940546967895363,
      1.0
    ],
    "nll_a": 0.5088688483002963,
    "u_err": 0.052144888788461685,
    "chi2_ppc": 3.8480179164063126,
    "chi2_ppc_pvalue": 1.0,
    "map_a_err": 0.49122390151023865,
    "map_u_err": 0.24138565361499786,
    "label": "",
    "warmup_time_s": 890.7983601093292,
    "sampling_time_s": 278.81152725219727,
    "step_time_s": 0.014620123592019082,
    "spearman_rho_error_std": 0.7615191605580572,
    "spearman_pvalue_error_std": 3.5429716216707114e-160,
    "a_err_per_sample": 0.6325669762313366
  },
  "conditions": null,
  "sweep_var": null,
  "baseline": null,
  "sweep_conditions": null,
  "laplace": null,
  "map_time_s": 12.0435631275177,
  "total_time_s": 3182.373280286789,
  "sweep_value": null,
  "is_sweep_baseline": null
}