{
  "experiment": "baseline",
  "problem": "darcy_piecewise_5v100",
  "experiment_type": "single",
  "timestamp": "2026-06-12T07:47:26",
  "seed": 42,
  "test_idx": 0,
  "prior": {
    "n_prior": 500,
    "a_err": 0.3561738431453705,
    "crps_a": 25.262263091557674,
    "coverage_95": 1.0,
    "ci_width": 95.0,
    "mean_std": 47.31372197278989
  },
  "prior_ood": null,
  "condition": {
    "sigma": 0.009038269468814792,
    "num_warmup": 15000,
    "num_samples": 5000,
    "num_chains": 4,
    "ess_min": 8891.134198983134,
    "rhat_max": 1.0009387291613006,
    "rhat_mean": 1.0001318990986312,
    "n_div": 453,
    "reliability_flag": "WARN",
    "reliability_explanation": "divergences=2.3% > 1%",
    "a_err": 0.8146162033081055,
    "crps_a": 13.185882754072534,
    "coverage_95": 0.9940546967895363,
    "ci_width": 76.58739595719382,
    "mean_std": 29.682232656475367,
    "cal_levels": [
      0.1,
      0.19444444444444445,
      0.28888888888888886,
      0.3833333333333333,
      0.47777777777777775,
      0.5722222222222222,
      0.6666666666666666,
      0.7611111111111111,
      0.8555555555555555,
      0.95
    ],
    "cal_empirical": [
      0.8323424494649228,
      0.8573127229488704,
      0.8739595719381689,
      0.89179548156956,
      0.9131985731272295,
      0.9310344827586207,
      0.9512485136741974,
      0.9619500594530321,
      0.976218787158145,
      0.9940546967895363
    ],
    "nll_a": 0.4419491032912515,
    "u_err": 0.27862241864204407,
    "chi2_ppc": 12.8541566282421,
    "chi2_ppc_pvalue": 1.0,
    "map_a_err": 0.672615647315979,
    "map_u_err": 0.7172374129295349,
    "label": "",
    "warmup_time_s": 4235.440788507462,
    "sampling_time_s": 1563.4881937503815,
    "step_time_s": 0.07248661227822303,
    "spearman_rho_error_std": 0.828283280467949,
    "spearman_pvalue_error_std": 2.8355447033622335e-213,
    "a_err_per_sample": 0.7483488038867712
  },
  "conditions": null,
  "sweep_var": null,
  "baseline": null,
  "sweep_conditions": null,
  "laplace": null,
  "map_time_s": 11.146800756454468,
  "total_time_s": 7778.1833164691925,
  "sweep_value": null,
  "is_sweep_baseline": null
}