{
  "experiment": "baseline",
  "problem": "darcy_piecewise_5v1000",
  "experiment_type": "single",
  "timestamp": "2026-06-12T03:44:57",
  "seed": 7,
  "test_idx": 0,
  "prior": {
    "n_prior": 500,
    "a_err": 0.522961437702179,
    "crps_a": 250.2174605469679,
    "coverage_95": 1.0,
    "ci_width": 995.0,
    "mean_std": 496.7312677884627
  },
  "prior_ood": null,
  "condition": {
    "sigma": 0.0052029174860855855,
    "num_warmup": 15000,
    "num_samples": 5000,
    "num_chains": 4,
    "ess_min": 21992.071863653196,
    "rhat_max": 1.0002626581121234,
    "rhat_mean": 0.9999542908899605,
    "n_div": 3,
    "reliability_flag": "PASS",
    "reliability_explanation": "All diagnostics within thresholds",
    "a_err": 0.8602281808853149,
    "crps_a": 186.52136746310939,
    "coverage_95": 1.0,
    "ci_width": 995.0,
    "mean_std": 486.6691173194564,
    "cal_levels": [
      0.1,
      0.19444444444444445,
      0.28888888888888886,
      0.3833333333333333,
      0.47777777777777775,
      0.5722222222222222,
      0.6666666666666666,
      0.7611111111111111,
      0.8555555555555555,
      0.95
    ],
    "cal_empirical": [
      0.9429250891795482,
      0.9738406658739596,
      0.9916765755053508,
      1.0,
      1.0,
      1.0,
      1.0,
      1.0,
      1.0,
      1.0
    ],
    "nll_a": 0.5652539541932586,
    "u_err": 0.9467500448226929,
    "chi2_ppc": 95.41424896781314,
    "chi2_ppc_pvalue": 0.6110320240185707,
    "map_a_err": 0.7271273136138916,
    "map_u_err": 0.9658583402633667,
    "label": "",
    "warmup_time_s": 534.7816758155823,
    "sampling_time_s": 145.116934299469,
    "step_time_s": 0.008498732626438141,
    "spearman_rho_error_std": 0.8647346574365476,
    "spearman_pvalue_error_std": 3.626388289766456e-253,
    "a_err_per_sample": 0.5975457632835954
  },
  "conditions": null,
  "sweep_var": null,
  "baseline": null,
  "sweep_conditions": null,
  "laplace": null,
  "map_time_s": 11.377564907073975,
  "total_time_s": 2558.0881237983704,
  "sweep_value": null,
  "is_sweep_baseline": null
}