{
  "experiment": "baseline",
  "problem": "darcy_continuous",
  "experiment_type": "single",
  "timestamp": "2026-06-12T03:54:36",
  "seed": 7,
  "test_idx": 1,
  "prior": {
    "n_prior": 500,
    "a_err": 0.32536736130714417,
    "crps_a": 0.4214620101044654,
    "coverage_95": 0.920332936979786,
    "ci_width": 2.1838220653656473,
    "mean_std": 0.5966345994520127
  },
  "prior_ood": null,
  "condition": {
    "sigma": 0.005,
    "num_warmup": 5000,
    "num_samples": 2000,
    "num_chains": 4,
    "ess_min": 1438.7436233337842,
    "rhat_max": 1.0014832684533863,
    "rhat_mean": 1.0010158446353037,
    "n_div": 0,
    "reliability_flag": "PASS",
    "reliability_explanation": "All diagnostics within thresholds",
    "a_err": 0.00170877855271101,
    "crps_a": 0.002925236658845739,
    "coverage_95": 0.9976218787158145,
    "ci_width": 0.03952791918925106,
    "mean_std": 0.010035398919637468,
    "cal_levels": [
      0.1,
      0.19444444444444445,
      0.28888888888888886,
      0.3833333333333333,
      0.47777777777777775,
      0.5722222222222222,
      0.6666666666666666,
      0.7611111111111111,
      0.8555555555555555,
      0.95
    ],
    "cal_empirical": [
      0.20451843043995244,
      0.44589774078478,
      0.6266349583828775,
      0.7693222354340071,
      0.8406658739595719,
      0.8727705112960761,
      0.9072532699167658,
      0.9417360285374554,
      0.976218787158145,
      0.9976218787158145
    ],
    "nll_a": -3.6355721530396763,
    "u_err": 0.0028462770860642195,
    "chi2_ppc": 0.7351078988334644,
    "chi2_ppc_pvalue": 1.0,
    "map_a_err": 0.0025269959587603807,
    "map_u_err": 0.002801003400236368,
    "label": "",
    "warmup_time_s": 165.7493851184845,
    "sampling_time_s": 62.383371114730835,
    "step_time_s": 0.008147598436900548,
    "spearman_rho_error_std": 0.19583909471612437,
    "spearman_pvalue_error_std": 1.0256870608912397e-08,
    "a_err_per_sample": null
  },
  "conditions": null,
  "sweep_var": null,
  "baseline": null,
  "sweep_conditions": null,
  "laplace": null,
  "map_time_s": 8.662753105163574,
  "total_time_s": 5124.272571563721,
  "sweep_value": null,
  "is_sweep_baseline": null
}