{
  "experiment": "baseline",
  "problem": "darcy_piecewise_5v100",
  "experiment_type": "single",
  "timestamp": "2026-06-12T07:49:30",
  "seed": 123,
  "test_idx": 1,
  "prior": {
    "n_prior": 500,
    "a_err": 0.41354450583457947,
    "crps_a": 23.602941355529133,
    "coverage_95": 1.0,
    "ci_width": 95.0,
    "mean_std": 47.41360363966692
  },
  "prior_ood": null,
  "condition": {
    "sigma": 0.015129037989368726,
    "num_warmup": 15000,
    "num_samples": 5000,
    "num_chains": 4,
    "ess_min": 8435.62657742559,
    "rhat_max": 1.0005940436907907,
    "rhat_mean": 1.0000561238930703,
    "n_div": 223,
    "reliability_flag": "WARN",
    "reliability_explanation": "divergences=1.1% > 1%",
    "a_err": 0.7568520903587341,
    "crps_a": 14.339430295154578,
    "coverage_95": 0.9869203329369798,
    "ci_width": 79.18549346016647,
    "mean_std": 31.17226631491425,
    "cal_levels": [
      0.1,
      0.19444444444444445,
      0.28888888888888886,
      0.3833333333333333,
      0.47777777777777775,
      0.5722222222222222,
      0.6666666666666666,
      0.7611111111111111,
      0.8555555555555555,
      0.95
    ],
    "cal_empirical": [
      0.821640903686088,
      0.8561236623067776,
      0.8739595719381689,
      0.8953626634958383,
      0.9096313912009513,
      0.9274673008323424,
      0.9346016646848989,
      0.9583828775267539,
      0.9809750297265161,
      0.9869203329369798
    ],
    "nll_a": 0.48458699917508286,
    "u_err": 0.40760889649391174,
    "chi2_ppc": 27.049275456847578,
    "chi2_ppc_pvalue": 0.9999999999999785,
    "map_a_err": 0.6271350383758545,
    "map_u_err": 0.7951889038085938,
    "label": "",
    "warmup_time_s": 3923.4058763980865,
    "sampling_time_s": 1649.2748792171478,
    "step_time_s": 0.06965850944519043,
    "spearman_rho_error_std": 0.7866191362375909,
    "spearman_pvalue_error_std": 7.111855534938145e-178,
    "a_err_per_sample": 0.6791654586210847
  },
  "conditions": null,
  "sweep_var": null,
  "baseline": null,
  "sweep_conditions": null,
  "laplace": null,
  "map_time_s": 13.295071840286255,
  "total_time_s": 7563.813410282135,
  "sweep_value": null,
  "is_sweep_baseline": null
}