{
  "experiment": "baseline",
  "problem": "darcy_piecewise_5v1000",
  "experiment_type": "single",
  "timestamp": "2026-06-12T03:39:25",
  "seed": 123,
  "test_idx": 0,
  "prior": {
    "n_prior": 500,
    "a_err": 0.536139965057373,
    "crps_a": 250.1814796432818,
    "coverage_95": 1.0,
    "ci_width": 995.0,
    "mean_std": 496.75549702422876
  },
  "prior_ood": null,
  "condition": {
    "sigma": 0.005465842034616522,
    "num_warmup": 15000,
    "num_samples": 5000,
    "num_chains": 4,
    "ess_min": 21422.838864220983,
    "rhat_max": 1.0002997470224901,
    "rhat_mean": 0.9999648847633893,
    "n_div": 1,
    "reliability_flag": "PASS",
    "reliability_explanation": "All diagnostics within thresholds",
    "a_err": 0.8499146699905396,
    "crps_a": 200.1422389050535,
    "coverage_95": 1.0,
    "ci_width": 995.0,
    "mean_std": 491.3644697926382,
    "cal_levels": [
      0.1,
      0.19444444444444445,
      0.28888888888888886,
      0.3833333333333333,
      0.47777777777777775,
      0.5722222222222222,
      0.6666666666666666,
      0.7611111111111111,
      0.8555555555555555,
      0.95
    ],
    "cal_empirical": [
      0.9655172413793104,
      0.9988109393579072,
      1.0,
      1.0,
      1.0,
      1.0,
      1.0,
      1.0,
      1.0,
      1.0
    ],
    "nll_a": 0.5939944670083547,
    "u_err": 0.9484936594963074,
    "chi2_ppc": 96.57937190248988,
    "chi2_ppc_pvalue": 0.5782391093240339,
    "map_a_err": 0.740938127040863,
    "map_u_err": 0.9658759236335754,
    "label": "",
    "warmup_time_s": 522.4076175689697,
    "sampling_time_s": 141.76640033721924,
    "step_time_s": 0.008302175223827361,
    "spearman_rho_error_std": 0.8989483218387027,
    "spearman_pvalue_error_std": 5.3499296376932633e-303,
    "a_err_per_sample": 0.5805370314002037
  },
  "conditions": null,
  "sweep_var": null,
  "baseline": null,
  "sweep_conditions": null,
  "laplace": null,
  "map_time_s": 11.536231279373169,
  "total_time_s": 2729.7138102054596,
  "sweep_value": null,
  "is_sweep_baseline": null
}