{
  "experiment": "baseline",
  "problem": "darcy_continuous",
  "experiment_type": "single",
  "timestamp": "2026-06-12T00:59:28",
  "seed": 42,
  "test_idx": 2,
  "prior": {
    "n_prior": 500,
    "a_err": 0.24828274548053741,
    "crps_a": 0.36335743047088426,
    "coverage_95": 0.7598097502972652,
    "ci_width": 2.150789741377436,
    "mean_std": 0.5866110464851197
  },
  "prior_ood": null,
  "condition": {
    "sigma": 0.005,
    "num_warmup": 5000,
    "num_samples": 2000,
    "num_chains": 4,
    "ess_min": 2689.8224324945722,
    "rhat_max": 1.0019656797064547,
    "rhat_mean": 1.0013179771226668,
    "n_div": 0,
    "reliability_flag": "PASS",
    "reliability_explanation": "All diagnostics within thresholds",
    "a_err": 0.01212763600051403,
    "crps_a": 0.013569329500243161,
    "coverage_95": 0.9583828775267539,
    "ci_width": 0.0924200534453487,
    "mean_std": 0.02362629930298814,
    "cal_levels": [
      0.1,
      0.19444444444444445,
      0.28888888888888886,
      0.3833333333333333,
      0.47777777777777775,
      0.5722222222222222,
      0.6666666666666666,
      0.7611111111111111,
      0.8555555555555555,
      0.95
    ],
    "cal_empirical": [
      0.02140309155766944,
      0.04756242568370987,
      0.08799048751486326,
      0.13079667063020214,
      0.19976218787158145,
      0.2544589774078478,
      0.46135552913198574,
      0.7086801426872771,
      0.8799048751486326,
      0.9583828775267539
    ],
    "nll_a": -2.4767832032071504,
    "u_err": 0.0017325980588793755,
    "chi2_ppc": 0.3613818578954219,
    "chi2_ppc_pvalue": 1.0,
    "map_a_err": 0.007053209003061056,
    "map_u_err": 0.0016114788595587015,
    "label": "",
    "warmup_time_s": 93.86515808105469,
    "sampling_time_s": 26.136189222335815,
    "step_time_s": 0.004285762403692518,
    "spearman_rho_error_std": 0.8366193759186774,
    "spearman_pvalue_error_std": 1.624987341423105e-221,
    "a_err_per_sample": null
  },
  "conditions": null,
  "sweep_var": null,
  "baseline": null,
  "sweep_conditions": null,
  "laplace": null,
  "map_time_s": 8.711308240890503,
  "total_time_s": 3952.3320257663727,
  "sweep_value": null,
  "is_sweep_baseline": null
}