{
  "experiment": "baseline",
  "problem": "darcy_piecewise_5v1000",
  "experiment_type": "single",
  "timestamp": "2026-06-12T03:43:20",
  "seed": 42,
  "test_idx": 1,
  "prior": {
    "n_prior": 500,
    "a_err": 0.4153900742530823,
    "crps_a": 252.7348744351962,
    "coverage_95": 1.0,
    "ci_width": 995.0,
    "mean_std": 496.57930457491534
  },
  "prior_ood": null,
  "condition": {
    "sigma": 0.008269396507535038,
    "num_warmup": 15000,
    "num_samples": 5000,
    "num_chains": 4,
    "ess_min": 18984.294760806417,
    "rhat_max": 1.0002877664126202,
    "rhat_mean": 0.9999844341734376,
    "n_div": 22,
    "reliability_flag": "PASS",
    "reliability_explanation": "All diagnostics within thresholds",
    "a_err": 0.6698490381240845,
    "crps_a": 223.02652596862367,
    "coverage_95": 1.0,
    "ci_width": 995.0,
    "mean_std": 494.3771185175346,
    "cal_levels": [
      0.1,
      0.19444444444444445,
      0.28888888888888886,
      0.3833333333333333,
      0.47777777777777775,
      0.5722222222222222,
      0.6666666666666666,
      0.7611111111111111,
      0.8555555555555555,
      0.95
    ],
    "cal_empirical": [
      0.9441141498216409,
      0.9988109393579072,
      1.0,
      1.0,
      1.0,
      1.0,
      1.0,
      1.0,
      1.0,
      1.0
    ],
    "nll_a": 0.6409805062486212,
    "u_err": 0.9584326148033142,
    "chi2_ppc": 96.99829957956756,
    "chi2_ppc_pvalue": 0.5663670159108963,
    "map_a_err": 0.652019202709198,
    "map_u_err": 0.9721099734306335,
    "label": "",
    "warmup_time_s": 586.2573003768921,
    "sampling_time_s": 336.6859393119812,
    "step_time_s": 0.011536790496110916,
    "spearman_rho_error_std": 0.6918739680156483,
    "spearman_pvalue_error_std": 8.342220161431604e-121,
    "a_err_per_sample": 0.5057487339235842
  },
  "conditions": null,
  "sweep_var": null,
  "baseline": null,
  "sweep_conditions": null,
  "laplace": null,
  "map_time_s": 12.026839256286621,
  "total_time_s": 3123.8174040317535,
  "sweep_value": null,
  "is_sweep_baseline": null
}