{
  "experiment": "baseline",
  "problem": "darcy_piecewise",
  "experiment_type": "single",
  "timestamp": "2026-06-12T04:51:11",
  "seed": 42,
  "test_idx": 0,
  "prior": {
    "n_prior": 500,
    "a_err": 0.5136094689369202,
    "crps_a": 1.2639168370986917,
    "coverage_95": 1.0,
    "ci_width": 5.0,
    "mean_std": 2.4941394804185433
  },
  "prior_ood": null,
  "condition": {
    "sigma": 0.011974430608616924,
    "num_warmup": 15000,
    "num_samples": 5000,
    "num_chains": 4,
    "ess_min": 16766.475388921317,
    "rhat_max": 1.0003782002293238,
    "rhat_mean": 0.9999638295784297,
    "n_div": 0,
    "reliability_flag": "PASS",
    "reliability_explanation": "All diagnostics within thresholds",
    "a_err": 0.8266838788986206,
    "crps_a": 0.7336470692627824,
    "coverage_95": 1.0,
    "ci_width": 4.565992865636147,
    "mean_std": 1.9870870198172204,
    "cal_levels": [
      0.1,
      0.19444444444444445,
      0.28888888888888886,
      0.3833333333333333,
      0.47777777777777775,
      0.5722222222222222,
      0.6666666666666666,
      0.7611111111111111,
      0.8555555555555555,
      0.95
    ],
    "cal_empirical": [
      0.8585017835909632,
      0.8870392390011891,
      0.9167657550535078,
      0.9405469678953626,
      0.9690844233055886,
      0.9821640903686087,
      0.9881093935790726,
      0.9928656361474435,
      0.9988109393579072,
      1.0
    ],
    "nll_a": 0.44960358892699726,
    "u_err": 0.038024552166461945,
    "chi2_ppc": 2.6257984793507267,
    "chi2_ppc_pvalue": 1.0,
    "map_a_err": 0.6163462400436401,
    "map_u_err": 0.21613751351833344,
    "label": "",
    "warmup_time_s": 1657.76691532135,
    "sampling_time_s": 565.6841413974762,
    "step_time_s": 0.027793138208985328,
    "spearman_rho_error_std": 0.8248493782183738,
    "spearman_pvalue_error_std": 5.239025113148093e-210,
    "a_err_per_sample": 0.7077189162909985
  },
  "conditions": null,
  "sweep_var": null,
  "baseline": null,
  "sweep_conditions": null,
  "laplace": null,
  "map_time_s": 11.38598918914795,
  "total_time_s": 3789.025669813156,
  "sweep_value": null,
  "is_sweep_baseline": null
}