{
  "experiment": "baseline",
  "problem": "darcy_continuous",
  "experiment_type": "single",
  "timestamp": "2026-06-12T03:25:33",
  "seed": 123,
  "test_idx": 2,
  "prior": {
    "n_prior": 500,
    "a_err": 0.25639569759368896,
    "crps_a": 0.37897692224291535,
    "coverage_95": 0.7526753864447087,
    "ci_width": 2.1495130922084154,
    "mean_std": 0.5992359166959564
  },
  "prior_ood": null,
  "condition": {
    "sigma": 0.08,
    "num_warmup": 5000,
    "num_samples": 2000,
    "num_chains": 4,
    "ess_min": 136.69019591948486,
    "rhat_max": 1.0200907713527876,
    "rhat_mean": 1.0157291557121981,
    "n_div": 10,
    "reliability_flag": "PASS",
    "reliability_explanation": "All diagnostics within thresholds",
    "a_err": 0.06908874213695526,
    "crps_a": 0.08638552266424183,
    "coverage_95": 0.976218787158145,
    "ci_width": 0.8674242988145212,
    "mean_std": 0.22710930532431375,
    "cal_levels": [
      0.1,
      0.19444444444444445,
      0.28888888888888886,
      0.3833333333333333,
      0.47777777777777775,
      0.5722222222222222,
      0.6666666666666666,
      0.7611111111111111,
      0.8555555555555555,
      0.95
    ],
    "cal_empirical": [
      0.030915576694411414,
      0.05826397146254459,
      0.10225921521997622,
      0.24613555291319858,
      0.3995243757431629,
      0.6016646848989299,
      0.746730083234245,
      0.8406658739595719,
      0.93935790725327,
      0.976218787158145
    ],
    "nll_a": -0.35494472754182405,
    "u_err": 0.06164725124835968,
    "chi2_ppc": 1.5467128650971735,
    "chi2_ppc_pvalue": 1.0,
    "map_a_err": 0.012387240305542946,
    "map_u_err": 0.0026013373862951994,
    "label": "",
    "warmup_time_s": 453.76460576057434,
    "sampling_time_s": 149.55276799201965,
    "step_time_s": 0.02154704906259264,
    "spearman_rho_error_std": 0.3090448498180499,
    "spearman_pvalue_error_std": 4.537193658279172e-20,
    "a_err_per_sample": null
  },
  "conditions": null,
  "sweep_var": null,
  "baseline": null,
  "sweep_conditions": null,
  "laplace": null,
  "map_time_s": 8.766945123672485,
  "total_time_s": 4427.505893707275,
  "sweep_value": null,
  "is_sweep_baseline": null
}