{
  "experiment": "baseline",
  "problem": "darcy_piecewise_5v10",
  "experiment_type": "single",
  "timestamp": "2026-06-12T04:28:57",
  "seed": 42,
  "test_idx": 2,
  "prior": {
    "n_prior": 500,
    "a_err": 0.5339921712875366,
    "crps_a": 1.2596952199762186,
    "coverage_95": 1.0,
    "ci_width": 5.0,
    "mean_std": 2.4941845494397747
  },
  "prior_ood": null,
  "condition": {
    "sigma": 0.013712629631979532,
    "num_warmup": 15000,
    "num_samples": 5000,
    "num_chains": 4,
    "ess_min": 17637.089867436145,
    "rhat_max": 1.0002975126990012,
    "rhat_mean": 0.9999786317585077,
    "n_div": 29,
    "reliability_flag": "PASS",
    "reliability_explanation": "All diagnostics within thresholds",
    "a_err": 0.6744509339332581,
    "crps_a": 0.9126503878121285,
    "coverage_95": 1.0,
    "ci_width": 4.946492271105827,
    "mean_std": 2.0509816170800668,
    "cal_levels": [
      0.1,
      0.19444444444444445,
      0.28888888888888886,
      0.3833333333333333,
      0.47777777777777775,
      0.5722222222222222,
      0.6666666666666666,
      0.7611111111111111,
      0.8555555555555555,
      0.95
    ],
    "cal_empirical": [
      0.7348394768133175,
      0.7895362663495838,
      0.83115338882283,
      0.8894173602853745,
      0.9441141498216409,
      0.9678953626634959,
      0.9797859690844233,
      0.9881093935790726,
      0.995243757431629,
      1.0
    ],
    "nll_a": 0.5375651861849086,
    "u_err": 0.05121346563100815,
    "chi2_ppc": 3.48656251166227,
    "chi2_ppc_pvalue": 1.0,
    "map_a_err": 0.49094223976135254,
    "map_u_err": 0.23392778635025024,
    "label": "",
    "warmup_time_s": 941.4384262561798,
    "sampling_time_s": 288.4057562351227,
    "step_time_s": 0.01537305228114128,
    "spearman_rho_error_std": 0.725452474675463,
    "spearman_pvalue_error_std": 2.882183528483429e-138,
    "a_err_per_sample": 0.6082249915480614
  },
  "conditions": null,
  "sweep_var": null,
  "baseline": null,
  "sweep_conditions": null,
  "laplace": null,
  "map_time_s": 12.203326940536499,
  "total_time_s": 3247.062388420105,
  "sweep_value": null,
  "is_sweep_baseline": null
}