{
  "experiment": "baseline",
  "problem": "darcy_piecewise_5v1000",
  "experiment_type": "single",
  "timestamp": "2026-06-12T03:39:20",
  "seed": 123,
  "test_idx": 2,
  "prior": {
    "n_prior": 500,
    "a_err": 0.4663090109825134,
    "crps_a": 247.57389343638528,
    "coverage_95": 1.0,
    "ci_width": 995.0,
    "mean_std": 496.75549702422876
  },
  "prior_ood": null,
  "condition": {
    "sigma": 0.006314137126702828,
    "num_warmup": 15000,
    "num_samples": 5000,
    "num_chains": 4,
    "ess_min": 21996.932582440317,
    "rhat_max": 1.0003286341931443,
    "rhat_mean": 0.9999701992597254,
    "n_div": 23,
    "reliability_flag": "PASS",
    "reliability_explanation": "All diagnostics within thresholds",
    "a_err": 0.5755793452262878,
    "crps_a": 225.90489220609393,
    "coverage_95": 1.0,
    "ci_width": 995.0,
    "mean_std": 492.39878198388664,
    "cal_levels": [
      0.1,
      0.19444444444444445,
      0.28888888888888886,
      0.3833333333333333,
      0.47777777777777775,
      0.5722222222222222,
      0.6666666666666666,
      0.7611111111111111,
      0.8555555555555555,
      0.95
    ],
    "cal_empirical": [
      0.8680142687277052,
      0.9667063020214031,
      0.9988109393579072,
      1.0,
      1.0,
      1.0,
      1.0,
      1.0,
      1.0,
      1.0
    ],
    "nll_a": 0.6465972655184501,
    "u_err": 0.9463741779327393,
    "chi2_ppc": 96.00247429070714,
    "chi2_ppc_pvalue": 0.5945259412282629,
    "map_a_err": 0.652881920337677,
    "map_u_err": 0.9645615816116333,
    "label": "",
    "warmup_time_s": 557.0052244663239,
    "sampling_time_s": 517.5222001075745,
    "step_time_s": 0.01343159280717373,
    "spearman_rho_error_std": 0.5354732909195833,
    "spearman_pvalue_error_std": 1.411015431147522e-63,
    "a_err_per_sample": 0.4944383065201342
  },
  "conditions": null,
  "sweep_var": null,
  "baseline": null,
  "sweep_conditions": null,
  "laplace": null,
  "map_time_s": 11.023134231567383,
  "total_time_s": 2537.0466532707214,
  "sweep_value": null,
  "is_sweep_baseline": null
}