{
  "experiment": "baseline",
  "problem": "darcy_piecewise_5v100",
  "experiment_type": "single",
  "timestamp": "2026-06-12T07:29:24",
  "seed": 42,
  "test_idx": 1,
  "prior": {
    "n_prior": 500,
    "a_err": 0.4782665967941284,
    "crps_a": 23.59857700356718,
    "coverage_95": 1.0,
    "ci_width": 95.0,
    "mean_std": 47.31372197278989
  },
  "prior_ood": null,
  "condition": {
    "sigma": 0.015641418391716278,
    "num_warmup": 15000,
    "num_samples": 5000,
    "num_chains": 4,
    "ess_min": 5087.470975665303,
    "rhat_max": 1.0011271289768762,
    "rhat_mean": 1.0001533011131958,
    "n_div": 152,
    "reliability_flag": "PASS",
    "reliability_explanation": "All diagnostics within thresholds",
    "a_err": 0.7572152018547058,
    "crps_a": 14.962287854607611,
    "coverage_95": 0.9881093935790726,
    "ci_width": 83.02615933412604,
    "mean_std": 32.81022623496603,
    "cal_levels": [
      0.1,
      0.19444444444444445,
      0.28888888888888886,
      0.3833333333333333,
      0.47777777777777775,
      0.5722222222222222,
      0.6666666666666666,
      0.7611111111111111,
      0.8555555555555555,
      0.95
    ],
    "cal_empirical": [
      0.8192627824019025,
      0.8418549346016647,
      0.8668252080856124,
      0.8834720570749108,
      0.9048751486325802,
      0.9191438763376932,
      0.9441141498216409,
      0.9631391200951248,
      0.9869203329369798,
      0.9881093935790726
    ],
    "nll_a": 0.49675335523368874,
    "u_err": 0.4088490605354309,
    "chi2_ppc": 26.770710244787512,
    "chi2_ppc_pvalue": 0.9999999999999853,
    "map_a_err": 0.6169512867927551,
    "map_u_err": 0.794920802116394,
    "label": "",
    "warmup_time_s": 3450.5759692192078,
    "sampling_time_s": 1004.7507243156433,
    "step_time_s": 0.05569158366918564,
    "spearman_rho_error_std": 0.7614168740206293,
    "spearman_pvalue_error_std": 4.1397208744637334e-160,
    "a_err_per_sample": 0.6627774264037609
  },
  "conditions": null,
  "sweep_var": null,
  "baseline": null,
  "sweep_conditions": null,
  "laplace": null,
  "map_time_s": 10.801621675491333,
  "total_time_s": 6584.554378271103,
  "sweep_value": null,
  "is_sweep_baseline": null
}