{
  "experiment": "baseline",
  "problem": "darcy_piecewise",
  "experiment_type": "single",
  "timestamp": "2026-06-12T04:58:42",
  "seed": 123,
  "test_idx": 1,
  "prior": {
    "n_prior": 500,
    "a_err": 0.4832974374294281,
    "crps_a": 1.2721594530321045,
    "coverage_95": 1.0,
    "ci_width": 5.0,
    "mean_std": 2.4939507564745695
  },
  "prior_ood": null,
  "condition": {
    "sigma": 0.010771572099861584,
    "num_warmup": 15000,
    "num_samples": 5000,
    "num_chains": 4,
    "ess_min": 17705.728455283228,
    "rhat_max": 1.0003443278373625,
    "rhat_mean": 0.9999548960154004,
    "n_div": 0,
    "reliability_flag": "PASS",
    "reliability_explanation": "All diagnostics within thresholds",
    "a_err": 0.9018248319625854,
    "crps_a": 0.3437175589328181,
    "coverage_95": 1.0,
    "ci_width": 4.64922711058264,
    "mean_std": 1.6230022199740655,
    "cal_levels": [
      0.1,
      0.19444444444444445,
      0.28888888888888886,
      0.3833333333333333,
      0.47777777777777775,
      0.5722222222222222,
      0.6666666666666666,
      0.7611111111111111,
      0.8555555555555555,
      0.95
    ],
    "cal_empirical": [
      0.9286563614744352,
      0.9548156956004756,
      0.9690844233055886,
      0.9797859690844233,
      0.990487514863258,
      0.9988109393579072,
      1.0,
      1.0,
      1.0,
      1.0
    ],
    "nll_a": 0.2438940332747767,
    "u_err": 0.04391529783606529,
    "chi2_ppc": 3.471589037749787,
    "chi2_ppc_pvalue": 1.0,
    "map_a_err": 0.5900296568870544,
    "map_u_err": 0.1891697198152542,
    "label": "",
    "warmup_time_s": 1645.0129842758179,
    "sampling_time_s": 590.1331968307495,
    "step_time_s": 0.02793932726383209,
    "spearman_rho_error_std": 0.9878725577810542,
    "spearman_pvalue_error_std": 0.0,
    "a_err_per_sample": 0.8022156568229198
  },
  "conditions": null,
  "sweep_var": null,
  "baseline": null,
  "sweep_conditions": null,
  "laplace": null,
  "map_time_s": 11.228761196136475,
  "total_time_s": 3856.988881587982,
  "sweep_value": null,
  "is_sweep_baseline": null
}