{
  "experiment": "baseline",
  "problem": "darcy_piecewise_5v10",
  "experiment_type": "single",
  "timestamp": "2026-06-12T04:29:23",
  "seed": 123,
  "test_idx": 0,
  "prior": {
    "n_prior": 500,
    "a_err": 0.47133687138557434,
    "crps_a": 1.3078862306777643,
    "coverage_95": 1.0,
    "ci_width": 5.0,
    "mean_std": 2.4922335473460873
  },
  "prior_ood": null,
  "condition": {
    "sigma": 0.010977413285958656,
    "num_warmup": 15000,
    "num_samples": 5000,
    "num_chains": 4,
    "ess_min": 24569.243384610847,
    "rhat_max": 1.0002525691595296,
    "rhat_mean": 0.9999289486678097,
    "n_div": 1,
    "reliability_flag": "PASS",
    "reliability_explanation": "All diagnostics within thresholds",
    "a_err": 0.8899866938591003,
    "crps_a": 0.5043800936979785,
    "coverage_95": 1.0,
    "ci_width": 4.803804994054697,
    "mean_std": 1.909061490842312,
    "cal_levels": [
      0.1,
      0.19444444444444445,
      0.28888888888888886,
      0.3833333333333333,
      0.47777777777777775,
      0.5722222222222222,
      0.6666666666666666,
      0.7611111111111111,
      0.8555555555555555,
      0.95
    ],
    "cal_empirical": [
      0.9084423305588585,
      0.9322235434007135,
      0.9548156956004756,
      0.9714625445897741,
      0.9833531510107015,
      0.9940546967895363,
      0.995243757431629,
      0.9988109393579072,
      1.0,
      1.0
    ],
    "nll_a": 0.3407283053273163,
    "u_err": 0.03352648392319679,
    "chi2_ppc": 2.404681796369582,
    "chi2_ppc_pvalue": 1.0,
    "map_a_err": 0.5546119809150696,
    "map_u_err": 0.19713963568210602,
    "label": "",
    "warmup_time_s": 914.6634573936462,
    "sampling_time_s": 279.50092220306396,
    "step_time_s": 0.014927054744958878,
    "spearman_rho_error_std": 0.9501857226752546,
    "spearman_pvalue_error_std": 0.0,
    "a_err_per_sample": 0.7614548784509301
  },
  "conditions": null,
  "sweep_var": null,
  "baseline": null,
  "sweep_conditions": null,
  "laplace": null,
  "map_time_s": 12.389143228530884,
  "total_time_s": 3060.3756844997406,
  "sweep_value": null,
  "is_sweep_baseline": null
}