{
  "experiment": "baseline",
  "problem": "darcy_continuous",
  "experiment_type": "single",
  "timestamp": "2026-06-12T00:46:45",
  "seed": 42,
  "test_idx": 0,
  "prior": {
    "n_prior": 500,
    "a_err": 0.2782851755619049,
    "crps_a": 0.33523553348381974,
    "coverage_95": 0.9726516052318668,
    "ci_width": 2.150789741377436,
    "mean_std": 0.5866110464851197
  },
  "prior_ood": null,
  "condition": {
    "sigma": 0.08,
    "num_warmup": 5000,
    "num_samples": 2000,
    "num_chains": 4,
    "ess_min": 364.08377619849466,
    "rhat_max": 1.0190080244163189,
    "rhat_mean": 1.0115431327573958,
    "n_div": 66,
    "reliability_flag": "PASS",
    "reliability_explanation": "All diagnostics within thresholds",
    "a_err": 0.01218180451542139,
    "crps_a": 0.020511359168431,
    "coverage_95": 0.9988109393579072,
    "ci_width": 0.289757742485648,
    "mean_std": 0.07499996068522832,
    "cal_levels": [
      0.1,
      0.19444444444444445,
      0.28888888888888886,
      0.3833333333333333,
      0.47777777777777775,
      0.5722222222222222,
      0.6666666666666666,
      0.7611111111111111,
      0.8555555555555555,
      0.95
    ],
    "cal_empirical": [
      0.2437574316290131,
      0.45659928656361476,
      0.6956004756242569,
      0.8489892984542212,
      0.9310344827586207,
      0.9678953626634959,
      0.9845422116527943,
      0.9916765755053508,
      0.9988109393579072,
      0.9988109393579072
    ],
    "nll_a": -1.7012459635584904,
    "u_err": 0.025684822350740433,
    "chi2_ppc": 0.6864321057015492,
    "chi2_ppc_pvalue": 1.0,
    "map_a_err": 0.015096025541424751,
    "map_u_err": 0.024975385516881943,
    "label": "",
    "warmup_time_s": 359.9052438735962,
    "sampling_time_s": 167.4905195236206,
    "step_time_s": 0.01883556297847203,
    "spearman_rho_error_std": 0.3417166815887657,
    "spearman_pvalue_error_std": 1.9069779162317867e-24,
    "a_err_per_sample": null
  },
  "conditions": null,
  "sweep_var": null,
  "baseline": null,
  "sweep_conditions": null,
  "laplace": null,
  "map_time_s": 8.977519750595093,
  "total_time_s": 4232.080526828766,
  "sweep_value": null,
  "is_sweep_baseline": null
}