{
  "experiment": "baseline",
  "problem": "darcy_piecewise",
  "experiment_type": "single",
  "timestamp": "2026-06-12T04:39:29",
  "seed": 42,
  "test_idx": 2,
  "prior": {
    "n_prior": 500,
    "a_err": 0.2481994330883026,
    "crps_a": 1.3352366944114151,
    "coverage_95": 1.0,
    "ci_width": 5.0,
    "mean_std": 2.4941394804185433
  },
  "prior_ood": null,
  "condition": {
    "sigma": 0.015663958167036612,
    "num_warmup": 15000,
    "num_samples": 5000,
    "num_chains": 4,
    "ess_min": 13946.517963068241,
    "rhat_max": 1.000496617364811,
    "rhat_mean": 1.000020927925191,
    "n_div": 0,
    "reliability_flag": "PASS",
    "reliability_explanation": "All diagnostics within thresholds",
    "a_err": 0.9718953967094421,
    "crps_a": 0.18984432204221163,
    "coverage_95": 1.0,
    "ci_width": 3.977407847800238,
    "mean_std": 1.4299840051788177,
    "cal_levels": [
      0.1,
      0.19444444444444445,
      0.28888888888888886,
      0.3833333333333333,
      0.47777777777777775,
      0.5722222222222222,
      0.6666666666666666,
      0.7611111111111111,
      0.8555555555555555,
      0.95
    ],
    "cal_empirical": [
      0.9916765755053508,
      0.9976218787158145,
      1.0,
      1.0,
      1.0,
      1.0,
      1.0,
      1.0,
      1.0,
      1.0
    ],
    "nll_a": 0.16302106761918037,
    "u_err": 0.03516516461968422,
    "chi2_ppc": 1.755858551051929,
    "chi2_ppc_pvalue": 1.0,
    "map_a_err": 0.6773340106010437,
    "map_u_err": 0.2618124186992645,
    "label": "",
    "warmup_time_s": 977.5347499847412,
    "sampling_time_s": 349.2980623245239,
    "step_time_s": 0.016585410153865814,
    "spearman_rho_error_std": 0.9997776158503634,
    "spearman_pvalue_error_std": 0.0,
    "a_err_per_sample": 0.8452963267102838
  },
  "conditions": null,
  "sweep_var": null,
  "baseline": null,
  "sweep_conditions": null,
  "laplace": null,
  "map_time_s": 11.07830262184143,
  "total_time_s": 3025.8594148159027,
  "sweep_value": null,
  "is_sweep_baseline": null
}