{
  "experiment": "baseline",
  "problem": "darcy_piecewise_5v1000",
  "experiment_type": "single",
  "timestamp": "2026-06-12T03:41:49",
  "seed": 123,
  "test_idx": 1,
  "prior": {
    "n_prior": 500,
    "a_err": 0.430200457572937,
    "crps_a": 248.78067108204516,
    "coverage_95": 1.0,
    "ci_width": 995.0,
    "mean_std": 496.75549702422876
  },
  "prior_ood": null,
  "condition": {
    "sigma": 0.008711257631415703,
    "num_warmup": 15000,
    "num_samples": 5000,
    "num_chains": 4,
    "ess_min": 20761.482376137857,
    "rhat_max": 1.000567123194108,
    "rhat_mean": 0.9999699061095154,
    "n_div": 9,
    "reliability_flag": "PASS",
    "reliability_explanation": "All diagnostics within thresholds",
    "a_err": 0.6176173090934753,
    "crps_a": 226.21399563182226,
    "coverage_95": 1.0,
    "ci_width": 995.0,
    "mean_std": 494.56949184712363,
    "cal_levels": [
      0.1,
      0.19444444444444445,
      0.28888888888888886,
      0.3833333333333333,
      0.47777777777777775,
      0.5722222222222222,
      0.6666666666666666,
      0.7611111111111111,
      0.8555555555555555,
      0.95
    ],
    "cal_empirical": [
      0.9346016646848989,
      0.9988109393579072,
      1.0,
      1.0,
      1.0,
      1.0,
      1.0,
      1.0,
      1.0,
      1.0
    ],
    "nll_a": 0.6474542949803825,
    "u_err": 0.9586261510848999,
    "chi2_ppc": 97.22628347433285,
    "chi2_ppc_pvalue": 0.559894630238764,
    "map_a_err": 0.6656951904296875,
    "map_u_err": 0.9722724556922913,
    "label": "",
    "warmup_time_s": 560.2773077487946,
    "sampling_time_s": 261.2849967479706,
    "step_time_s": 0.010269528806209564,
    "spearman_rho_error_std": 0.6443883420476301,
    "spearman_pvalue_error_std": 7.556606530830538e-100,
    "a_err_per_sample": 0.5026013555347919
  },
  "conditions": null,
  "sweep_var": null,
  "baseline": null,
  "sweep_conditions": null,
  "laplace": null,
  "map_time_s": 11.306185483932495,
  "total_time_s": 2853.5409026145935,
  "sweep_value": null,
  "is_sweep_baseline": null
}