{
  "experiment": "baseline",
  "problem": "darcy_piecewise_5v10",
  "experiment_type": "single",
  "timestamp": "2026-06-12T04:36:55",
  "seed": 7,
  "test_idx": 2,
  "prior": {
    "n_prior": 500,
    "a_err": 0.4405142068862915,
    "crps_a": 1.2905565755053507,
    "coverage_95": 1.0,
    "ci_width": 5.0,
    "mean_std": 2.4936431125979723
  },
  "prior_ood": null,
  "condition": {
    "sigma": 0.013259670475706106,
    "num_warmup": 15000,
    "num_samples": 5000,
    "num_chains": 4,
    "ess_min": 16534.135939432712,
    "rhat_max": 1.0003232045227277,
    "rhat_mean": 0.9999798516456554,
    "n_div": 31,
    "reliability_flag": "PASS",
    "reliability_explanation": "All diagnostics within thresholds",
    "a_err": 0.7184610366821289,
    "crps_a": 0.826430895793698,
    "coverage_95": 0.9976218787158145,
    "ci_width": 4.821640903686088,
    "mean_std": 1.9779415460726901,
    "cal_levels": [
      0.1,
      0.19444444444444445,
      0.28888888888888886,
      0.3833333333333333,
      0.47777777777777775,
      0.5722222222222222,
      0.6666666666666666,
      0.7611111111111111,
      0.8555555555555555,
      0.95
    ],
    "cal_empirical": [
      0.7788347205707491,
      0.8145065398335315,
      0.8501783590963139,
      0.9036860879904876,
      0.9476813317479191,
      0.9678953626634959,
      0.9738406658739596,
      0.985731272294887,
      0.9928656361474435,
      0.9976218787158145
    ],
    "nll_a": 0.49885495830861826,
    "u_err": 0.051835041493177414,
    "chi2_ppc": 4.372580112675178,
    "chi2_ppc_pvalue": 1.0,
    "map_a_err": 0.4786780774593353,
    "map_u_err": 0.22448603808879852,
    "label": "",
    "warmup_time_s": 930.459531545639,
    "sampling_time_s": 292.03710079193115,
    "step_time_s": 0.015281207904219628,
    "spearman_rho_error_std": 0.7735003158909476,
    "spearman_pvalue_error_std": 2.436124406518387e-168,
    "a_err_per_sample": 0.6389261657342314
  },
  "conditions": null,
  "sweep_var": null,
  "baseline": null,
  "sweep_conditions": null,
  "laplace": null,
  "map_time_s": 11.950002670288086,
  "total_time_s": 3060.5698823928833,
  "sweep_value": null,
  "is_sweep_baseline": null
}