{
  "experiment": "baseline",
  "problem": "darcy_continuous",
  "experiment_type": "single",
  "timestamp": "2026-06-12T04:00:15",
  "seed": 7,
  "test_idx": 2,
  "prior": {
    "n_prior": 500,
    "a_err": 0.25039029121398926,
    "crps_a": 0.36472523220092556,
    "coverage_95": 0.7740784780023782,
    "ci_width": 2.1838220653656473,
    "mean_std": 0.5966345994520127
  },
  "prior_ood": null,
  "condition": {
    "sigma": 0.15,
    "num_warmup": 5000,
    "num_samples": 2000,
    "num_chains": 4,
    "ess_min": 148.73214022934846,
    "rhat_max": 1.042028036352908,
    "rhat_mean": 1.0335372286633797,
    "n_div": 60,
    "reliability_flag": "PASS",
    "reliability_explanation": "All diagnostics within thresholds",
    "a_err": 0.16322863101959229,
    "crps_a": 0.23835724338342276,
    "coverage_95": 0.8347205707491082,
    "ci_width": 1.3383381322191397,
    "mean_std": 0.3395440320405248,
    "cal_levels": [
      0.1,
      0.19444444444444445,
      0.28888888888888886,
      0.3833333333333333,
      0.47777777777777775,
      0.5722222222222222,
      0.6666666666666666,
      0.7611111111111111,
      0.8555555555555555,
      0.95
    ],
    "cal_empirical": [
      0.12128418549346016,
      0.19500594530321047,
      0.23543400713436385,
      0.2794292508917955,
      0.29369797859690844,
      0.33531510107015455,
      0.3686087990487515,
      0.4482758620689655,
      0.5529131985731273,
      0.8347205707491082
    ],
    "nll_a": 0.6223481116858076,
    "u_err": 0.1208084225654602,
    "chi2_ppc": 2.4181070675511,
    "chi2_ppc_pvalue": 1.0,
    "map_a_err": 0.009566056542098522,
    "map_u_err": 0.00202377000823617,
    "label": "",
    "warmup_time_s": 1153.368350982666,
    "sampling_time_s": 302.1192150115967,
    "step_time_s": 0.05198169878550938,
    "spearman_rho_error_std": -0.2163533563828993,
    "spearman_pvalue_error_std": 2.2953306062697537e-10,
    "a_err_per_sample": null
  },
  "conditions": null,
  "sweep_var": null,
  "baseline": null,
  "sweep_conditions": null,
  "laplace": null,
  "map_time_s": 8.95976209640503,
  "total_time_s": 5019.956827640533,
  "sweep_value": null,
  "is_sweep_baseline": null
}