{
  "experiment": "baseline",
  "problem": "darcy_piecewise_5v100",
  "experiment_type": "single",
  "timestamp": "2026-06-12T08:09:42",
  "seed": 7,
  "test_idx": 0,
  "prior": {
    "n_prior": 500,
    "a_err": 0.33345741033554077,
    "crps_a": 24.417219001189064,
    "coverage_95": 1.0,
    "ci_width": 95.0,
    "mean_std": 47.4165622061414
  },
  "prior_ood": null,
  "condition": {
    "sigma": 0.00962701871056464,
    "num_warmup": 15000,
    "num_samples": 5000,
    "num_chains": 4,
    "ess_min": 7474.902567034413,
    "rhat_max": 1.0009838510111193,
    "rhat_mean": 1.000096631060492,
    "n_div": 474,
    "reliability_flag": "WARN",
    "reliability_explanation": "divergences=2.4% > 1%",
    "a_err": 0.834405779838562,
    "crps_a": 12.364589380439952,
    "coverage_95": 0.9940546967895363,
    "ci_width": 80.5410225921522,
    "mean_std": 30.839731064788122,
    "cal_levels": [
      0.1,
      0.19444444444444445,
      0.28888888888888886,
      0.3833333333333333,
      0.47777777777777775,
      0.5722222222222222,
      0.6666666666666666,
      0.7611111111111111,
      0.8555555555555555,
      0.95
    ],
    "cal_empirical": [
      0.8501783590963139,
      0.8727705112960761,
      0.8906064209274673,
      0.9096313912009513,
      0.9274673008323424,
      0.9429250891795482,
      0.9548156956004756,
      0.9667063020214031,
      0.9809750297265161,
      0.9940546967895363
    ],
    "nll_a": 0.42231161445446497,
    "u_err": 0.2761707305908203,
    "chi2_ppc": 14.590945711690228,
    "chi2_ppc_pvalue": 1.0,
    "map_a_err": 0.6670045852661133,
    "map_u_err": 0.7082656025886536,
    "label": "",
    "warmup_time_s": 4799.28910446167,
    "sampling_time_s": 1936.6044635772705,
    "step_time_s": 0.08419866960048676,
    "spearman_rho_error_std": 0.8357846743621905,
    "spearman_pvalue_error_std": 1.1399185076824509e-220,
    "a_err_per_sample": 0.750346639636159
  },
  "conditions": null,
  "sweep_var": null,
  "baseline": null,
  "sweep_conditions": null,
  "laplace": null,
  "map_time_s": 13.719345331192017,
  "total_time_s": 8705.661241292953,
  "sweep_value": null,
  "is_sweep_baseline": null
}