{
  "experiment": "baseline",
  "problem": "darcy_piecewise_5v100",
  "experiment_type": "single",
  "timestamp": "2026-06-12T07:32:17",
  "seed": 7,
  "test_idx": 2,
  "prior": {
    "n_prior": 500,
    "a_err": 0.5287544131278992,
    "crps_a": 22.84209414982164,
    "coverage_95": 1.0,
    "ci_width": 95.0,
    "mean_std": 47.4165622061414
  },
  "prior_ood": null,
  "condition": {
    "sigma": 0.013803148195824618,
    "num_warmup": 15000,
    "num_samples": 5000,
    "num_chains": 4,
    "ess_min": 9901.153725851334,
    "rhat_max": 1.000540734667174,
    "rhat_mean": 1.0000725285319105,
    "n_div": 222,
    "reliability_flag": "WARN",
    "reliability_explanation": "divergences=1.1% > 1%",
    "a_err": 0.5877992510795593,
    "crps_a": 24.478146814030914,
    "coverage_95": 0.990487514863258,
    "ci_width": 81.89655172413794,
    "mean_std": 32.26167457067653,
    "cal_levels": [
      0.1,
      0.19444444444444445,
      0.28888888888888886,
      0.3833333333333333,
      0.47777777777777775,
      0.5722222222222222,
      0.6666666666666666,
      0.7611111111111111,
      0.8555555555555555,
      0.95
    ],
    "cal_empirical": [
      0.6599286563614745,
      0.6848989298454221,
      0.7063020214030915,
      0.7407847800237812,
      0.7657550535077289,
      0.8026159334126041,
      0.8466111771700356,
      0.9143876337693222,
      0.9595719381688466,
      0.990487514863258
    ],
    "nll_a": 0.7647878013832563,
    "u_err": 0.4375934898853302,
    "chi2_ppc": 26.980450305790878,
    "chi2_ppc_pvalue": 0.9999999999999805,
    "map_a_err": 0.6511083245277405,
    "map_u_err": 0.7691134214401245,
    "label": "",
    "warmup_time_s": 3405.6160418987274,
    "sampling_time_s": 1113.3914637565613,
    "step_time_s": 0.05648759382069111,
    "spearman_rho_error_std": 0.47825905477389763,
    "spearman_pvalue_error_std": 2.7620803643263307e-49,
    "a_err_per_sample": 0.5520205933026969
  },
  "conditions": null,
  "sweep_var": null,
  "baseline": null,
  "sweep_conditions": null,
  "laplace": null,
  "map_time_s": 11.787174940109253,
  "total_time_s": 6444.56898188591,
  "sweep_value": null,
  "is_sweep_baseline": null
}