{
  "experiment": "baseline",
  "problem": "darcy_piecewise_5v100",
  "experiment_type": "single",
  "timestamp": "2026-06-12T08:18:56",
  "seed": 123,
  "test_idx": 0,
  "prior": {
    "n_prior": 500,
    "a_err": 0.2949049770832062,
    "crps_a": 24.549552532699167,
    "coverage_95": 1.0,
    "ci_width": 95.0,
    "mean_std": 47.41360363966692
  },
  "prior_ood": null,
  "condition": {
    "sigma": 0.00937919117504189,
    "num_warmup": 15000,
    "num_samples": 5000,
    "num_chains": 4,
    "ess_min": 11354.64173277824,
    "rhat_max": 1.0004650471237686,
    "rhat_mean": 1.0000351912040344,
    "n_div": 409,
    "reliability_flag": "WARN",
    "reliability_explanation": "divergences=2.0% > 1%",
    "a_err": 0.8362751007080078,
    "crps_a": 12.165322403804993,
    "coverage_95": 0.9928656361474435,
    "ci_width": 76.474435196195,
    "mean_std": 30.182159035417822,
    "cal_levels": [
      0.1,
      0.19444444444444445,
      0.28888888888888886,
      0.3833333333333333,
      0.47777777777777775,
      0.5722222222222222,
      0.6666666666666666,
      0.7611111111111111,
      0.8555555555555555,
      0.95
    ],
    "cal_empirical": [
      0.8525564803804994,
      0.8727705112960761,
      0.896551724137931,
      0.9120095124851367,
      0.9286563614744352,
      0.9500594530321046,
      0.9583828775267539,
      0.9714625445897741,
      0.9785969084423306,
      0.9928656361474435
    ],
    "nll_a": 0.4065000872207,
    "u_err": 0.2772684097290039,
    "chi2_ppc": 13.994529583406056,
    "chi2_ppc_pvalue": 1.0,
    "map_a_err": 0.7118549942970276,
    "map_u_err": 0.7199915647506714,
    "label": "",
    "warmup_time_s": 4229.761776447296,
    "sampling_time_s": 3275.6923949718475,
    "step_time_s": 0.0938181771427393,
    "spearman_rho_error_std": 0.8564358545684043,
    "spearman_pvalue_error_std": 3.972631637663751e-243,
    "a_err_per_sample": 0.7542821733862162
  },
  "conditions": null,
  "sweep_var": null,
  "baseline": null,
  "sweep_conditions": null,
  "laplace": null,
  "map_time_s": 12.010201215744019,
  "total_time_s": 9367.303905963898,
  "sweep_value": null,
  "is_sweep_baseline": null
}