{
  "experiment": "baseline",
  "problem": "darcy_piecewise",
  "experiment_type": "single",
  "timestamp": "2026-06-12T05:12:26",
  "seed": 7,
  "test_idx": 1,
  "prior": {
    "n_prior": 500,
    "a_err": 0.4703604578971863,
    "crps_a": 1.2822982639714624,
    "coverage_95": 1.0,
    "ci_width": 5.0,
    "mean_std": 2.4910889213360643
  },
  "prior_ood": null,
  "condition": {
    "sigma": 0.008544560489243352,
    "num_warmup": 15000,
    "num_samples": 5000,
    "num_chains": 4,
    "ess_min": 13450.66615467472,
    "rhat_max": 1.000532372367511,
    "rhat_mean": 1.0000377936028404,
    "n_div": 0,
    "reliability_flag": "PASS",
    "reliability_explanation": "All diagnostics within thresholds",
    "a_err": 0.9184210896492004,
    "crps_a": 0.2953170496878716,
    "coverage_95": 1.0,
    "ci_width": 4.096462544589774,
    "mean_std": 1.4851923298252803,
    "cal_levels": [
      0.1,
      0.19444444444444445,
      0.28888888888888886,
      0.3833333333333333,
      0.47777777777777775,
      0.5722222222222222,
      0.6666666666666666,
      0.7611111111111111,
      0.8555555555555555,
      0.95
    ],
    "cal_empirical": [
      0.9464922711058263,
      0.9595719381688466,
      0.9750297265160524,
      0.9845422116527943,
      0.9928656361474435,
      0.9988109393579072,
      1.0,
      1.0,
      1.0,
      1.0
    ],
    "nll_a": 0.21185720133880157,
    "u_err": 0.03778332471847534,
    "chi2_ppc": 4.343406950565618,
    "chi2_ppc_pvalue": 1.0,
    "map_a_err": 0.6637077927589417,
    "map_u_err": 0.15910930931568146,
    "label": "",
    "warmup_time_s": 1807.3807661533356,
    "sampling_time_s": 566.3965146541595,
    "step_time_s": 0.029672216010093688,
    "spearman_rho_error_std": 0.9922269146335787,
    "spearman_pvalue_error_std": 0.0,
    "a_err_per_sample": 0.8263773473113776
  },
  "conditions": null,
  "sweep_var": null,
  "baseline": null,
  "sweep_conditions": null,
  "laplace": null,
  "map_time_s": 11.362131834030151,
  "total_time_s": 4279.841877222061,
  "sweep_value": null,
  "is_sweep_baseline": null
}