{
  "experiment": "baseline",
  "problem": "darcy_piecewise",
  "experiment_type": "single",
  "timestamp": "2026-06-12T04:53:29",
  "seed": 42,
  "test_idx": 1,
  "prior": {
    "n_prior": 500,
    "a_err": 0.5303352475166321,
    "crps_a": 1.2523829488703921,
    "coverage_95": 1.0,
    "ci_width": 5.0,
    "mean_std": 2.4941394804185433
  },
  "prior_ood": null,
  "condition": {
    "sigma": 0.010224263574836199,
    "num_warmup": 15000,
    "num_samples": 5000,
    "num_chains": 4,
    "ess_min": 16259.796066219964,
    "rhat_max": 1.0002692810078777,
    "rhat_mean": 0.9999857822461703,
    "n_div": 0,
    "reliability_flag": "PASS",
    "reliability_explanation": "All diagnostics within thresholds",
    "a_err": 0.9070376753807068,
    "crps_a": 0.3477550133026159,
    "coverage_95": 1.0,
    "ci_width": 4.768281807372163,
    "mean_std": 1.5956314775228604,
    "cal_levels": [
      0.1,
      0.19444444444444445,
      0.28888888888888886,
      0.3833333333333333,
      0.47777777777777775,
      0.5722222222222222,
      0.6666666666666666,
      0.7611111111111111,
      0.8555555555555555,
      0.95
    ],
    "cal_empirical": [
      0.9286563614744352,
      0.9476813317479191,
      0.9595719381688466,
      0.9738406658739596,
      0.9809750297265161,
      0.990487514863258,
      0.9976218787158145,
      0.9988109393579072,
      1.0,
      1.0
    ],
    "nll_a": 0.24491633085571096,
    "u_err": 0.04281232878565788,
    "chi2_ppc": 4.03236134878665,
    "chi2_ppc_pvalue": 1.0,
    "map_a_err": 0.6728066802024841,
    "map_u_err": 0.18707488477230072,
    "label": "",
    "warmup_time_s": 1625.4252481460571,
    "sampling_time_s": 565.3875539302826,
    "step_time_s": 0.027385160025954248,
    "spearman_rho_error_std": 0.9824092022201253,
    "spearman_pvalue_error_std": 0.0,
    "a_err_per_sample": 0.8065575475245714
  },
  "conditions": null,
  "sweep_var": null,
  "baseline": null,
  "sweep_conditions": null,
  "laplace": null,
  "map_time_s": 11.02551817893982,
  "total_time_s": 3865.118885278702,
  "sweep_value": null,
  "is_sweep_baseline": null
}