{
  "experiment": "baseline",
  "problem": "darcy_piecewise_5v10",
  "experiment_type": "single",
  "timestamp": "2026-06-12T04:37:55",
  "seed": 7,
  "test_idx": 1,
  "prior": {
    "n_prior": 500,
    "a_err": 0.6094962954521179,
    "crps_a": 1.2143853507728892,
    "coverage_95": 1.0,
    "ci_width": 5.0,
    "mean_std": 2.4936431125979723
  },
  "prior_ood": null,
  "condition": {
    "sigma": 0.014817586320721048,
    "num_warmup": 15000,
    "num_samples": 5000,
    "num_chains": 4,
    "ess_min": 25148.750939383506,
    "rhat_max": 1.0001767608191043,
    "rhat_mean": 0.9999244321298915,
    "n_div": 2,
    "reliability_flag": "PASS",
    "reliability_explanation": "All diagnostics within thresholds",
    "a_err": 0.8395441174507141,
    "crps_a": 0.6266257755350773,
    "coverage_95": 1.0,
    "ci_width": 4.827586206896552,
    "mean_std": 2.038939076124801,
    "cal_levels": [
      0.1,
      0.19444444444444445,
      0.28888888888888886,
      0.3833333333333333,
      0.47777777777777775,
      0.5722222222222222,
      0.6666666666666666,
      0.7611111111111111,
      0.8555555555555555,
      0.95
    ],
    "cal_empirical": [
      0.8906064209274673,
      0.925089179548157,
      0.9548156956004756,
      0.9726516052318668,
      0.9738406658739596,
      0.9845422116527943,
      0.9869203329369798,
      0.995243757431629,
      1.0,
      1.0
    ],
    "nll_a": 0.4069263310837217,
    "u_err": 0.0520421601831913,
    "chi2_ppc": 3.8358576223647365,
    "chi2_ppc_pvalue": 1.0,
    "map_a_err": 0.405801385641098,
    "map_u_err": 0.25044918060302734,
    "label": "",
    "warmup_time_s": 900.7915205955505,
    "sampling_time_s": 304.02770709991455,
    "step_time_s": 0.015060240346193314,
    "spearman_rho_error_std": 0.8872203850798244,
    "spearman_pvalue_error_std": 4.0746199554544676e-284,
    "a_err_per_sample": 0.6735707233175635
  },
  "conditions": null,
  "sweep_var": null,
  "baseline": null,
  "sweep_conditions": null,
  "laplace": null,
  "map_time_s": 11.958664178848267,
  "total_time_s": 3235.3467197418213,
  "sweep_value": null,
  "is_sweep_baseline": null
}