{
  "experiment": "baseline",
  "problem": "darcy_piecewise_5v10",
  "experiment_type": "single",
  "timestamp": "2026-06-12T04:22:32",
  "seed": 123,
  "test_idx": 1,
  "prior": {
    "n_prior": 500,
    "a_err": 0.6213880181312561,
    "crps_a": 1.2099789774078478,
    "coverage_95": 1.0,
    "ci_width": 5.0,
    "mean_std": 2.4922335473460873
  },
  "prior_ood": null,
  "condition": {
    "sigma": 0.013133006342785946,
    "num_warmup": 15000,
    "num_samples": 5000,
    "num_chains": 4,
    "ess_min": 23234.40463152381,
    "rhat_max": 1.000230247462296,
    "rhat_mean": 0.9999277215863137,
    "n_div": 1,
    "reliability_flag": "PASS",
    "reliability_explanation": "All diagnostics within thresholds",
    "a_err": 0.8354783654212952,
    "crps_a": 0.6081799370838288,
    "coverage_95": 1.0,
    "ci_width": 4.833680142687264,
    "mean_std": 1.9587679620027085,
    "cal_levels": [
      0.1,
      0.19444444444444445,
      0.28888888888888886,
      0.3833333333333333,
      0.47777777777777775,
      0.5722222222222222,
      0.6666666666666666,
      0.7611111111111111,
      0.8555555555555555,
      0.95
    ],
    "cal_empirical": [
      0.8775267538644471,
      0.9072532699167658,
      0.9369797859690844,
      0.9571938168846611,
      0.9702734839476813,
      0.9821640903686087,
      0.985731272294887,
      0.9869203329369798,
      0.9964328180737217,
      1.0
    ],
    "nll_a": 0.3964783794577039,
    "u_err": 0.0437411367893219,
    "chi2_ppc": 3.7721079234437522,
    "chi2_ppc_pvalue": 1.0,
    "map_a_err": 0.5242335200309753,
    "map_u_err": 0.22920148074626923,
    "label": "",
    "warmup_time_s": 889.886255979538,
    "sampling_time_s": 285.7433145046234,
    "step_time_s": 0.014695369631052018,
    "spearman_rho_error_std": 0.8810875013768202,
    "spearman_pvalue_error_std": 4.6480927485169946e-275,
    "a_err_per_sample": 0.6882641431763769
  },
  "conditions": null,
  "sweep_var": null,
  "baseline": null,
  "sweep_conditions": null,
  "laplace": null,
  "map_time_s": 11.013105392456055,
  "total_time_s": 2549.728640794754,
  "sweep_value": null,
  "is_sweep_baseline": null
}