{
  "experiment": "baseline",
  "problem": "darcy_piecewise_5v1000",
  "experiment_type": "single",
  "timestamp": "2026-06-12T03:25:58",
  "seed": 42,
  "test_idx": 0,
  "prior": {
    "n_prior": 500,
    "a_err": 0.4514276087284088,
    "crps_a": 253.57725255648037,
    "coverage_95": 1.0,
    "ci_width": 995.0,
    "mean_std": 496.57930457491534
  },
  "prior_ood": null,
  "condition": {
    "sigma": 0.005017832905618926,
    "num_warmup": 15000,
    "num_samples": 5000,
    "num_chains": 4,
    "ess_min": 19374.699639037583,
    "rhat_max": 1.0003290692726945,
    "rhat_mean": 0.9999741716721013,
    "n_div": 1,
    "reliability_flag": "PASS",
    "reliability_explanation": "All diagnostics within thresholds",
    "a_err": 0.8451665043830872,
    "crps_a": 195.08693281886147,
    "coverage_95": 1.0,
    "ci_width": 995.0,
    "mean_std": 489.7045647388345,
    "cal_levels": [
      0.1,
      0.19444444444444445,
      0.28888888888888886,
      0.3833333333333333,
      0.47777777777777775,
      0.5722222222222222,
      0.6666666666666666,
      0.7611111111111111,
      0.8555555555555555,
      0.95
    ],
    "cal_empirical": [
      0.9548156956004756,
      0.9881093935790726,
      1.0,
      1.0,
      1.0,
      1.0,
      1.0,
      1.0,
      1.0,
      1.0
    ],
    "nll_a": 0.5833857152813697,
    "u_err": 0.9476983547210693,
    "chi2_ppc": 95.96877127271037,
    "chi2_ppc_pvalue": 0.5954746961496753,
    "map_a_err": 0.7271273136138916,
    "map_u_err": 0.9657596349716187,
    "label": "",
    "warmup_time_s": 535.1704044342041,
    "sampling_time_s": 144.38260746002197,
    "step_time_s": 0.008494412648677827,
    "spearman_rho_error_std": 0.8765455087908851,
    "spearman_pvalue_error_std": 1.1436274437736273e-268,
    "a_err_per_sample": 0.5863236170127988
  },
  "conditions": null,
  "sweep_var": null,
  "baseline": null,
  "sweep_conditions": null,
  "laplace": null,
  "map_time_s": 11.164104461669922,
  "total_time_s": 2733.6809709072113,
  "sweep_value": null,
  "is_sweep_baseline": null
}