{
  "experiment": "baseline",
  "problem": "darcy_piecewise_5v10",
  "experiment_type": "single",
  "timestamp": "2026-06-12T04:11:35",
  "seed": 42,
  "test_idx": 1,
  "prior": {
    "n_prior": 500,
    "a_err": 0.5887736082077026,
    "crps_a": 1.2245465873959571,
    "coverage_95": 1.0,
    "ci_width": 5.0,
    "mean_std": 2.4941845494397747
  },
  "prior_ood": null,
  "condition": {
    "sigma": 0.015580187401830443,
    "num_warmup": 15000,
    "num_samples": 5000,
    "num_chains": 4,
    "ess_min": 25952.888354658236,
    "rhat_max": 1.0001118371491016,
    "rhat_mean": 0.9999076917691228,
    "n_div": 2,
    "reliability_flag": "PASS",
    "reliability_explanation": "All diagnostics within thresholds",
    "a_err": 0.8201330900192261,
    "crps_a": 0.6309856896403091,
    "coverage_95": 1.0,
    "ci_width": 4.875148632580261,
    "mean_std": 2.0533339229156002,
    "cal_levels": [
      0.1,
      0.19444444444444445,
      0.28888888888888886,
      0.3833333333333333,
      0.47777777777777775,
      0.5722222222222222,
      0.6666666666666666,
      0.7611111111111111,
      0.8555555555555555,
      0.95
    ],
    "cal_empirical": [
      0.8894173602853745,
      0.925089179548157,
      0.9571938168846611,
      0.9738406658739596,
      0.9797859690844233,
      0.9845422116527943,
      0.9869203329369798,
      0.9964328180737217,
      1.0,
      1.0
    ],
    "nll_a": 0.4092023348142647,
    "u_err": 0.04824207350611687,
    "chi2_ppc": 3.5552581625949307,
    "chi2_ppc_pvalue": 1.0,
    "map_a_err": 0.39263927936553955,
    "map_u_err": 0.25437307357788086,
    "label": "",
    "warmup_time_s": 827.5563213825226,
    "sampling_time_s": 279.2839865684509,
    "step_time_s": 0.013835503849387169,
    "spearman_rho_error_std": 0.8921889804947409,
    "spearman_pvalue_error_std": 7.55343918397615e-292,
    "a_err_per_sample": 0.6679341291055083
  },
  "conditions": null,
  "sweep_var": null,
  "baseline": null,
  "sweep_conditions": null,
  "laplace": null,
  "map_time_s": 11.15474271774292,
  "total_time_s": 2494.292939901352,
  "sweep_value": null,
  "is_sweep_baseline": null
}