{
  "experiment": "baseline",
  "problem": "darcy_piecewise",
  "experiment_type": "single",
  "timestamp": "2026-06-12T04:48:33",
  "seed": 123,
  "test_idx": 2,
  "prior": {
    "n_prior": 500,
    "a_err": 0.4249434173107147,
    "crps_a": 1.2822426872770512,
    "coverage_95": 1.0,
    "ci_width": 5.0,
    "mean_std": 2.4939507564745695
  },
  "prior_ood": null,
  "condition": {
    "sigma": 0.016271730800076028,
    "num_warmup": 15000,
    "num_samples": 5000,
    "num_chains": 4,
    "ess_min": 13719.413611292235,
    "rhat_max": 1.00066622538256,
    "rhat_mean": 1.0000355506706338,
    "n_div": 0,
    "reliability_flag": "PASS",
    "reliability_explanation": "All diagnostics within thresholds",
    "a_err": 0.9739000797271729,
    "crps_a": 0.21111100714922715,
    "coverage_95": 1.0,
    "ci_width": 4.001189060642092,
    "mean_std": 1.4705542375573764,
    "cal_levels": [
      0.1,
      0.19444444444444445,
      0.28888888888888886,
      0.3833333333333333,
      0.47777777777777775,
      0.5722222222222222,
      0.6666666666666666,
      0.7611111111111111,
      0.8555555555555555,
      0.95
    ],
    "cal_empirical": [
      0.990487514863258,
      0.9940546967895363,
      1.0,
      1.0,
      1.0,
      1.0,
      1.0,
      1.0,
      1.0,
      1.0
    ],
    "nll_a": 0.17579070374761785,
    "u_err": 0.03710060566663742,
    "chi2_ppc": 1.643283645915751,
    "chi2_ppc_pvalue": 1.0,
    "map_a_err": 0.4086146354675293,
    "map_u_err": 0.2647622525691986,
    "label": "",
    "warmup_time_s": 964.599112033844,
    "sampling_time_s": 282.7482922077179,
    "step_time_s": 0.015591842553019524,
    "spearman_rho_error_std": 0.9995840201017987,
    "spearman_pvalue_error_std": 0.0,
    "a_err_per_sample": 0.8357078509658575
  },
  "conditions": null,
  "sweep_var": null,
  "baseline": null,
  "sweep_conditions": null,
  "laplace": null,
  "map_time_s": 11.29690670967102,
  "total_time_s": 3225.638753890991,
  "sweep_value": null,
  "is_sweep_baseline": null
}