{
  "experiment": "baseline",
  "problem": "darcy_piecewise_5v100",
  "experiment_type": "single",
  "timestamp": "2026-06-12T07:19:28",
  "seed": 123,
  "test_idx": 2,
  "prior": {
    "n_prior": 500,
    "a_err": 0.5478234887123108,
    "crps_a": 22.92382126040428,
    "coverage_95": 1.0,
    "ci_width": 95.0,
    "mean_std": 47.41360363966692
  },
  "prior_ood": null,
  "condition": {
    "sigma": 0.012743385834114678,
    "num_warmup": 15000,
    "num_samples": 5000,
    "num_chains": 4,
    "ess_min": 9062.664623214256,
    "rhat_max": 1.0013633249369176,
    "rhat_mean": 1.0000980445399676,
    "n_div": 348,
    "reliability_flag": "WARN",
    "reliability_explanation": "divergences=1.7% > 1%",
    "a_err": 0.5968695282936096,
    "crps_a": 24.50194944160226,
    "coverage_95": 0.9869203329369798,
    "ci_width": 79.63733650416171,
    "mean_std": 30.969234359266757,
    "cal_levels": [
      0.1,
      0.19444444444444445,
      0.28888888888888886,
      0.3833333333333333,
      0.47777777777777775,
      0.5722222222222222,
      0.6666666666666666,
      0.7611111111111111,
      0.8555555555555555,
      0.95
    ],
    "cal_empirical": [
      0.6587395957193817,
      0.6908442330558858,
      0.7122473246135553,
      0.7407847800237812,
      0.7621878715814506,
      0.7871581450653984,
      0.8299643281807372,
      0.8787158145065398,
      0.9500594530321046,
      0.9869203329369798
    ],
    "nll_a": 0.773900871141588,
    "u_err": 0.4361807703971863,
    "chi2_ppc": 23.65494203971619,
    "chi2_ppc_pvalue": 0.9999999999999999,
    "map_a_err": 0.6411306262016296,
    "map_u_err": 0.7842869162559509,
    "label": "",
    "warmup_time_s": 2916.8557958602905,
    "sampling_time_s": 915.6285498142242,
    "step_time_s": 0.04790605432093144,
    "spearman_rho_error_std": 0.49276783700704035,
    "spearman_pvalue_error_std": 1.1740711810505207e-52,
    "a_err_per_sample": 0.5614125317141414
  },
  "conditions": null,
  "sweep_var": null,
  "baseline": null,
  "sweep_conditions": null,
  "laplace": null,
  "map_time_s": 14.487951755523682,
  "total_time_s": 5734.239253520966,
  "sweep_value": null,
  "is_sweep_baseline": null
}