{
  "experiment": "baseline",
  "problem": "darcy_continuous",
  "experiment_type": "single",
  "timestamp": "2026-06-12T01:17:37",
  "seed": 42,
  "test_idx": 1,
  "prior": {
    "n_prior": 500,
    "a_err": 0.34429931640625,
    "crps_a": 0.4550303150160408,
    "coverage_95": 0.9286563614744352,
    "ci_width": 2.150789741377436,
    "mean_std": 0.5866110464851197
  },
  "prior_ood": null,
  "condition": {
    "sigma": 0.005,
    "num_warmup": 5000,
    "num_samples": 2000,
    "num_chains": 4,
    "ess_min": 1444.3492450463125,
    "rhat_max": 1.0039368323970252,
    "rhat_mean": 1.0033844905005413,
    "n_div": 1,
    "reliability_flag": "PASS",
    "reliability_explanation": "All diagnostics within thresholds",
    "a_err": 0.00204484979622066,
    "crps_a": 0.003108158756337481,
    "coverage_95": 0.9976218787158145,
    "ci_width": 0.04115708480903088,
    "mean_std": 0.01050567382780135,
    "cal_levels": [
      0.1,
      0.19444444444444445,
      0.28888888888888886,
      0.3833333333333333,
      0.47777777777777775,
      0.5722222222222222,
      0.6666666666666666,
      0.7611111111111111,
      0.8555555555555555,
      0.95
    ],
    "cal_empirical": [
      0.1605231866825208,
      0.3626634958382878,
      0.5374554102259215,
      0.6765755053507729,
      0.797859690844233,
      0.8787158145065398,
      0.9215219976218787,
      0.9678953626634959,
      0.995243757431629,
      0.9976218787158145
    ],
    "nll_a": -3.577189225618412,
    "u_err": 0.0028922504279762506,
    "chi2_ppc": 0.21825647349525176,
    "chi2_ppc_pvalue": 1.0,
    "map_a_err": 0.0032461376395076513,
    "map_u_err": 0.0028398919384926558,
    "label": "",
    "warmup_time_s": 179.19615769386292,
    "sampling_time_s": 58.25073981285095,
    "step_time_s": 0.008480246339525495,
    "spearman_rho_error_std": 0.25458048592918003,
    "spearman_pvalue_error_std": 6.594749852379076e-14,
    "a_err_per_sample": null
  },
  "conditions": null,
  "sweep_var": null,
  "baseline": null,
  "sweep_conditions": null,
  "laplace": null,
  "map_time_s": 8.967068910598755,
  "total_time_s": 5355.36532330513,
  "sweep_value": null,
  "is_sweep_baseline": null
}