{
  "experiment": "baseline",
  "problem": "eit",
  "experiment_type": "single",
  "timestamp": "2026-06-12T04:49:05",
  "seed": 42,
  "test_idx": 0,
  "prior": {
    "n_prior": 500,
    "a_err": 0.3232261538505554,
    "crps_a": 0.7853465598417362,
    "coverage_95": 1.0,
    "ci_width": 3.738673297261709,
    "mean_std": 1.058260611811554
  },
  "prior_ood": null,
  "condition": {
    "sigma": 0.3,
    "num_warmup": 5000,
    "num_samples": 2000,
    "num_chains": 4,
    "ess_min": 3403.5522894278934,
    "rhat_max": 1.0006064633529965,
    "rhat_mean": 1.0002510101128264,
    "n_div": 3,
    "reliability_flag": "PASS",
    "reliability_explanation": "All diagnostics within thresholds",
    "a_err": 0.006066734436899424,
    "crps_a": 0.013528408440679679,
    "coverage_95": 0.9912109375,
    "ci_width": 0.1300485492037387,
    "mean_std": 0.03304158348641246,
    "cal_levels": [
      0.1,
      0.19444444444444445,
      0.28888888888888886,
      0.3833333333333333,
      0.47777777777777775,
      0.5722222222222222,
      0.6666666666666666,
      0.7611111111111111,
      0.8555555555555555,
      0.95
    ],
    "cal_empirical": [
      0.1142578125,
      0.2158203125,
      0.3037109375,
      0.4140625,
      0.5380859375,
      0.6689453125,
      0.7939453125,
      0.8828125,
      0.95703125,
      0.9912109375
    ],
    "nll_a": -2.296262116745878,
    "u_err": null,
    "chi2_ppc": 11.41794742374818,
    "chi2_ppc_pvalue": 1.0,
    "map_a_err": 0.05423245206475258,
    "map_u_err": null,
    "label": "",
    "warmup_time_s": 112.86579847335815,
    "sampling_time_s": 23.773229122161865,
    "step_time_s": 0.004879965271268572,
    "spearman_rho_error_std": 0.31847655970602956,
    "spearman_pvalue_error_std": 1.4323265682130717e-25,
    "a_err_per_sample": null
  },
  "conditions": null,
  "sweep_var": null,
  "baseline": null,
  "sweep_conditions": null,
  "laplace": null,
  "map_time_s": 11.713500261306763,
  "total_time_s": 2448.1011579036713,
  "sweep_value": null,
  "is_sweep_baseline": null
}