{
  "experiment": "baseline",
  "problem": "eit",
  "experiment_type": "single",
  "timestamp": "2026-06-12T05:14:46",
  "seed": 123,
  "test_idx": 2,
  "prior": {
    "n_prior": 500,
    "a_err": 0.3197994530200958,
    "crps_a": 0.7804263034116796,
    "coverage_95": 0.9765625,
    "ci_width": 3.744172258289848,
    "mean_std": 1.065327465804236
  },
  "prior_ood": null,
  "condition": {
    "sigma": 0.1,
    "num_warmup": 5000,
    "num_samples": 2000,
    "num_chains": 4,
    "ess_min": 4117.6504269642355,
    "rhat_max": 1.0000265197125977,
    "rhat_mean": 0.9998824235032643,
    "n_div": 0,
    "reliability_flag": "PASS",
    "reliability_explanation": "All diagnostics within thresholds",
    "a_err": 0.00430661253631115,
    "crps_a": 0.009844720640440691,
    "coverage_95": 0.8916015625,
    "ci_width": 0.06894331113527385,
    "mean_std": 0.017587198474950494,
    "cal_levels": [
      0.1,
      0.19444444444444445,
      0.28888888888888886,
      0.3833333333333333,
      0.47777777777777775,
      0.5722222222222222,
      0.6666666666666666,
      0.7611111111111111,
      0.8555555555555555,
      0.95
    ],
    "cal_empirical": [
      0.0849609375,
      0.173828125,
      0.2607421875,
      0.3671875,
      0.4619140625,
      0.5400390625,
      0.623046875,
      0.712890625,
      0.779296875,
      0.8916015625
    ],
    "nll_a": -2.5468462070299647,
    "u_err": null,
    "chi2_ppc": 89.81788989359966,
    "chi2_ppc_pvalue": 0.9910207754315843,
    "map_a_err": 0.05507836490869522,
    "map_u_err": null,
    "label": "",
    "warmup_time_s": 164.38623094558716,
    "sampling_time_s": 39.59588003158569,
    "step_time_s": 0.007285075392041888,
    "spearman_rho_error_std": 0.20484351530648737,
    "spearman_pvalue_error_std": 3.6587332430705485e-11,
    "a_err_per_sample": null
  },
  "conditions": null,
  "sweep_var": null,
  "baseline": null,
  "sweep_conditions": null,
  "laplace": null,
  "map_time_s": 12.104123592376709,
  "total_time_s": 2685.3507261276245,
  "sweep_value": null,
  "is_sweep_baseline": null
}