{
  "experiment": "baseline",
  "problem": "eit",
  "experiment_type": "single",
  "timestamp": "2026-06-12T05:03:13",
  "seed": 42,
  "test_idx": 2,
  "prior": {
    "n_prior": 500,
    "a_err": 0.3232261538505554,
    "crps_a": 0.7853465598417362,
    "coverage_95": 1.0,
    "ci_width": 3.738673297261709,
    "mean_std": 1.058260611811554
  },
  "prior_ood": null,
  "condition": {
    "sigma": 0.2,
    "num_warmup": 5000,
    "num_samples": 2000,
    "num_chains": 4,
    "ess_min": 2929.241531448286,
    "rhat_max": 1.000778010582624,
    "rhat_mean": 1.0002453629004968,
    "n_div": 6,
    "reliability_flag": "PASS",
    "reliability_explanation": "All diagnostics within thresholds",
    "a_err": 0.006320522166788578,
    "crps_a": 0.01354736744511379,
    "coverage_95": 0.9765625,
    "ci_width": 0.10874780318363438,
    "mean_std": 0.02779439115364052,
    "cal_levels": [
      0.1,
      0.19444444444444445,
      0.28888888888888886,
      0.3833333333333333,
      0.47777777777777775,
      0.5722222222222222,
      0.6666666666666666,
      0.7611111111111111,
      0.8555555555555555,
      0.95
    ],
    "cal_empirical": [
      0.1064453125,
      0.1806640625,
      0.26953125,
      0.3525390625,
      0.4365234375,
      0.5361328125,
      0.6865234375,
      0.8056640625,
      0.9052734375,
      0.9765625
    ],
    "nll_a": -2.344157280953843,
    "u_err": null,
    "chi2_ppc": 23.207550340700042,
    "chi2_ppc_pvalue": 1.0,
    "map_a_err": 0.055895984172821045,
    "map_u_err": null,
    "label": "",
    "warmup_time_s": 145.9620406627655,
    "sampling_time_s": 42.06839179992676,
    "step_time_s": 0.006715372587953295,
    "spearman_rho_error_std": 0.3090897803268722,
    "spearman_pvalue_error_std": 4.158371394861671e-24,
    "a_err_per_sample": null
  },
  "conditions": null,
  "sweep_var": null,
  "baseline": null,
  "sweep_conditions": null,
  "laplace": null,
  "map_time_s": 11.022945404052734,
  "total_time_s": 2622.867460012436,
  "sweep_value": null,
  "is_sweep_baseline": null
}