{
  "experiment": "baseline",
  "problem": "eit",
  "experiment_type": "single",
  "timestamp": "2026-06-12T05:17:14",
  "seed": 7,
  "test_idx": 0,
  "prior": {
    "n_prior": 500,
    "a_err": 0.3371298015117645,
    "crps_a": 0.8399774356052632,
    "coverage_95": 1.0,
    "ci_width": 3.8225653745316777,
    "mean_std": 1.0971457318714988
  },
  "prior_ood": null,
  "condition": {
    "sigma": 0.2,
    "num_warmup": 5000,
    "num_samples": 2000,
    "num_chains": 4,
    "ess_min": 3773.995228318908,
    "rhat_max": 1.0008381636575396,
    "rhat_mean": 1.000323292332573,
    "n_div": 16,
    "reliability_flag": "PASS",
    "reliability_explanation": "All diagnostics within thresholds",
    "a_err": 0.004382872022688389,
    "crps_a": 0.010200740545287173,
    "coverage_95": 0.9814453125,
    "ci_width": 0.09630386459309595,
    "mean_std": 0.024625985355199418,
    "cal_levels": [
      0.1,
      0.19444444444444445,
      0.28888888888888886,
      0.3833333333333333,
      0.47777777777777775,
      0.5722222222222222,
      0.6666666666666666,
      0.7611111111111111,
      0.8555555555555555,
      0.95
    ],
    "cal_empirical": [
      0.0908203125,
      0.1904296875,
      0.30078125,
      0.4423828125,
      0.5673828125,
      0.6796875,
      0.7783203125,
      0.876953125,
      0.94921875,
      0.9814453125
    ],
    "nll_a": -2.5504509170231726,
    "u_err": null,
    "chi2_ppc": 24.81362785354837,
    "chi2_ppc_pvalue": 1.0,
    "map_a_err": 0.05599723011255264,
    "map_u_err": null,
    "label": "",
    "warmup_time_s": 133.80089116096497,
    "sampling_time_s": 29.57992935180664,
    "step_time_s": 0.005835029304027558,
    "spearman_rho_error_std": 0.2563747563657821,
    "spearman_pvalue_error_std": 7.839167861595708e-17,
    "a_err_per_sample": null
  },
  "conditions": null,
  "sweep_var": null,
  "baseline": null,
  "sweep_conditions": null,
  "laplace": null,
  "map_time_s": 14.899213552474976,
  "total_time_s": 2605.102080821991,
  "sweep_value": null,
  "is_sweep_baseline": null
}