{
  "experiment": "baseline",
  "problem": "eit",
  "experiment_type": "single",
  "timestamp": "2026-06-12T05:13:57",
  "seed": 123,
  "test_idx": 1,
  "prior": {
    "n_prior": 500,
    "a_err": 0.3197994530200958,
    "crps_a": 0.7804263034116796,
    "coverage_95": 0.9765625,
    "ci_width": 3.744172258289848,
    "mean_std": 1.065327465804236
  },
  "prior_ood": null,
  "condition": {
    "sigma": 0.2,
    "num_warmup": 5000,
    "num_samples": 2000,
    "num_chains": 4,
    "ess_min": 3533.2104600528005,
    "rhat_max": 1.0002007687046839,
    "rhat_mean": 0.9999356485804013,
    "n_div": 2,
    "reliability_flag": "PASS",
    "reliability_explanation": "All diagnostics within thresholds",
    "a_err": 0.004027622286230326,
    "crps_a": 0.009676732600691776,
    "coverage_95": 0.994140625,
    "ci_width": 0.10154783042336041,
    "mean_std": 0.025958978626393334,
    "cal_levels": [
      0.1,
      0.19444444444444445,
      0.28888888888888886,
      0.3833333333333333,
      0.47777777777777775,
      0.5722222222222222,
      0.6666666666666666,
      0.7611111111111111,
      0.8555555555555555,
      0.95
    ],
    "cal_empirical": [
      0.1337890625,
      0.2529296875,
      0.400390625,
      0.509765625,
      0.6572265625,
      0.7646484375,
      0.841796875,
      0.921875,
      0.97265625,
      0.994140625
    ],
    "nll_a": -2.593912287925474,
    "u_err": null,
    "chi2_ppc": 19.852543389197173,
    "chi2_ppc_pvalue": 1.0,
    "map_a_err": 0.05587329342961311,
    "map_u_err": null,
    "label": "",
    "warmup_time_s": 140.80531525611877,
    "sampling_time_s": 43.427505016326904,
    "step_time_s": 0.006579743581158775,
    "spearman_rho_error_std": 0.2549833479364852,
    "spearman_pvalue_error_std": 1.1628204197424308e-16,
    "a_err_per_sample": null
  },
  "conditions": null,
  "sweep_var": null,
  "baseline": null,
  "sweep_conditions": null,
  "laplace": null,
  "map_time_s": 12.553773164749146,
  "total_time_s": 2661.207430124283,
  "sweep_value": null,
  "is_sweep_baseline": null
}