{
  "experiment": "baseline",
  "problem": "eit",
  "experiment_type": "single",
  "timestamp": "2026-06-12T05:03:37",
  "seed": 123,
  "test_idx": 0,
  "prior": {
    "n_prior": 500,
    "a_err": 0.3197994530200958,
    "crps_a": 0.7804263034116796,
    "coverage_95": 0.9765625,
    "ci_width": 3.744172258289848,
    "mean_std": 1.065327465804236
  },
  "prior_ood": null,
  "condition": {
    "sigma": 0.3,
    "num_warmup": 5000,
    "num_samples": 2000,
    "num_chains": 4,
    "ess_min": 1977.8473705161084,
    "rhat_max": 1.0010629654965295,
    "rhat_mean": 1.000443679676107,
    "n_div": 5,
    "reliability_flag": "PASS",
    "reliability_explanation": "All diagnostics within thresholds",
    "a_err": 0.0058785718865692616,
    "crps_a": 0.013381424647359617,
    "coverage_95": 0.9951171875,
    "ci_width": 0.13122653214017788,
    "mean_std": 0.03339964327000759,
    "cal_levels": [
      0.1,
      0.19444444444444445,
      0.28888888888888886,
      0.3833333333333333,
      0.47777777777777775,
      0.5722222222222222,
      0.6666666666666666,
      0.7611111111111111,
      0.8555555555555555,
      0.95
    ],
    "cal_empirical": [
      0.107421875,
      0.22265625,
      0.306640625,
      0.421875,
      0.5439453125,
      0.6943359375,
      0.81640625,
      0.892578125,
      0.9619140625,
      0.9951171875
    ],
    "nll_a": -2.307956193509561,
    "u_err": null,
    "chi2_ppc": 11.362291085980694,
    "chi2_ppc_pvalue": 1.0,
    "map_a_err": 0.056309208273887634,
    "map_u_err": null,
    "label": "",
    "warmup_time_s": 110.66670489311218,
    "sampling_time_s": 38.11263871192932,
    "step_time_s": 0.005313547985894339,
    "spearman_rho_error_std": 0.324005827104642,
    "spearman_pvalue_error_std": 1.860362690169329e-26,
    "a_err_per_sample": null
  },
  "conditions": null,
  "sweep_var": null,
  "baseline": null,
  "sweep_conditions": null,
  "laplace": null,
  "map_time_s": 11.02601957321167,
  "total_time_s": 2430.6057715415955,
  "sweep_value": null,
  "is_sweep_baseline": null
}