{
  "experiment": "baseline",
  "problem": "eit",
  "experiment_type": "single",
  "timestamp": "2026-06-12T05:21:58",
  "seed": 7,
  "test_idx": 2,
  "prior": {
    "n_prior": 500,
    "a_err": 0.3371298015117645,
    "crps_a": 0.8399774356052632,
    "coverage_95": 1.0,
    "ci_width": 3.8225653745316777,
    "mean_std": 1.0971457318714988
  },
  "prior_ood": null,
  "condition": {
    "sigma": 0.2,
    "num_warmup": 5000,
    "num_samples": 2000,
    "num_chains": 4,
    "ess_min": 3085.9786205758855,
    "rhat_max": 1.000448888569089,
    "rhat_mean": 1.0001194066224086,
    "n_div": 9,
    "reliability_flag": "PASS",
    "reliability_explanation": "All diagnostics within thresholds",
    "a_err": 0.00618164474144578,
    "crps_a": 0.013393845917029835,
    "coverage_95": 0.9775390625,
    "ci_width": 0.11031432505958315,
    "mean_std": 0.028128247193064074,
    "cal_levels": [
      0.1,
      0.19444444444444445,
      0.28888888888888886,
      0.3833333333333333,
      0.47777777777777775,
      0.5722222222222222,
      0.6666666666666666,
      0.7611111111111111,
      0.8555555555555555,
      0.95
    ],
    "cal_empirical": [
      0.103515625,
      0.1806640625,
      0.2724609375,
      0.3603515625,
      0.453125,
      0.5703125,
      0.708984375,
      0.8125,
      0.9072265625,
      0.9775390625
    ],
    "nll_a": -2.3512242688200615,
    "u_err": null,
    "chi2_ppc": 23.340124721390804,
    "chi2_ppc_pvalue": 1.0,
    "map_a_err": 0.05455679073929787,
    "map_u_err": null,
    "label": "",
    "warmup_time_s": 225.26466512680054,
    "sampling_time_s": 36.75083374977112,
    "step_time_s": 0.009357696388448987,
    "spearman_rho_error_std": 0.3057210119984264,
    "spearman_pvalue_error_std": 1.3526903039781323e-23,
    "a_err_per_sample": null
  },
  "conditions": null,
  "sweep_var": null,
  "baseline": null,
  "sweep_conditions": null,
  "laplace": null,
  "map_time_s": 12.411859273910522,
  "total_time_s": 2722.655982732773,
  "sweep_value": null,
  "is_sweep_baseline": null
}