{
  "experiment": "baseline",
  "problem": "eit",
  "experiment_type": "single",
  "timestamp": "2026-06-12T05:18:27",
  "seed": 7,
  "test_idx": 1,
  "prior": {
    "n_prior": 500,
    "a_err": 0.3371298015117645,
    "crps_a": 0.8399774356052632,
    "coverage_95": 1.0,
    "ci_width": 3.8225653745316777,
    "mean_std": 1.0971457318714988
  },
  "prior_ood": null,
  "condition": {
    "sigma": 0.2,
    "num_warmup": 5000,
    "num_samples": 2000,
    "num_chains": 4,
    "ess_min": 3304.1000719812982,
    "rhat_max": 1.0022113210843886,
    "rhat_mean": 1.0011652675812612,
    "n_div": 2,
    "reliability_flag": "PASS",
    "reliability_explanation": "All diagnostics within thresholds",
    "a_err": 0.004039029125124216,
    "crps_a": 0.00966388764273884,
    "coverage_95": 0.9951171875,
    "ci_width": 0.10132248713040996,
    "mean_std": 0.025914831593488005,
    "cal_levels": [
      0.1,
      0.19444444444444445,
      0.28888888888888886,
      0.3833333333333333,
      0.47777777777777775,
      0.5722222222222222,
      0.6666666666666666,
      0.7611111111111111,
      0.8555555555555555,
      0.95
    ],
    "cal_empirical": [
      0.1279296875,
      0.2578125,
      0.3994140625,
      0.4970703125,
      0.65625,
      0.759765625,
      0.841796875,
      0.9169921875,
      0.9716796875,
      0.9951171875
    ],
    "nll_a": -2.5942849180432876,
    "u_err": null,
    "chi2_ppc": 19.88399959704079,
    "chi2_ppc_pvalue": 1.0,
    "map_a_err": 0.07942464202642441,
    "map_u_err": null,
    "label": "",
    "warmup_time_s": 140.97433710098267,
    "sampling_time_s": 41.52971839904785,
    "step_time_s": 0.006518001982143947,
    "spearman_rho_error_std": 0.24909819576568196,
    "spearman_pvalue_error_std": 6.003282874366967e-16,
    "a_err_per_sample": null
  },
  "conditions": null,
  "sweep_var": null,
  "baseline": null,
  "sweep_conditions": null,
  "laplace": null,
  "map_time_s": 11.930269002914429,
  "total_time_s": 2597.7173664569855,
  "sweep_value": null,
  "is_sweep_baseline": null
}