{
  "experiment": "baseline",
  "problem": "eit",
  "experiment_type": "single",
  "timestamp": "2026-06-12T04:54:51",
  "seed": 42,
  "test_idx": 1,
  "prior": {
    "n_prior": 500,
    "a_err": 0.3232261538505554,
    "crps_a": 0.7853465598417362,
    "coverage_95": 1.0,
    "ci_width": 3.738673297261709,
    "mean_std": 1.058260611811554
  },
  "prior_ood": null,
  "condition": {
    "sigma": 0.4,
    "num_warmup": 5000,
    "num_samples": 2000,
    "num_chains": 4,
    "ess_min": 3764.642945605835,
    "rhat_max": 1.0004178440594333,
    "rhat_mean": 1.0002574697811049,
    "n_div": 2,
    "reliability_flag": "PASS",
    "reliability_explanation": "All diagnostics within thresholds",
    "a_err": 0.0075365593656897545,
    "crps_a": 0.016662149439666665,
    "coverage_95": 1.0,
    "ci_width": 0.1681750568513517,
    "mean_std": 0.0427846623057115,
    "cal_levels": [
      0.1,
      0.19444444444444445,
      0.28888888888888886,
      0.3833333333333333,
      0.47777777777777775,
      0.5722222222222222,
      0.6666666666666666,
      0.7611111111111111,
      0.8555555555555555,
      0.95
    ],
    "cal_empirical": [
      0.126953125,
      0.2216796875,
      0.330078125,
      0.4296875,
      0.5732421875,
      0.7021484375,
      0.8369140625,
      0.9072265625,
      0.984375,
      1.0
    ],
    "nll_a": -2.1055669657178866,
    "u_err": null,
    "chi2_ppc": 5.674841201469206,
    "chi2_ppc_pvalue": 1.0,
    "map_a_err": 0.06979149580001831,
    "map_u_err": null,
    "label": "",
    "warmup_time_s": 110.65964150428772,
    "sampling_time_s": 39.85670185089111,
    "step_time_s": 0.005375583691256387,
    "spearman_rho_error_std": 0.4088965158071668,
    "spearman_pvalue_error_std": 1.5159449655671106e-42,
    "a_err_per_sample": null
  },
  "conditions": null,
  "sweep_var": null,
  "baseline": null,
  "sweep_conditions": null,
  "laplace": null,
  "map_time_s": 11.273265838623047,
  "total_time_s": 2560.136512041092,
  "sweep_value": null,
  "is_sweep_baseline": null
}