{
  "experiment": "sensor_sweep",
  "problem": "burgers",
  "experiment_type": "sweep",
  "timestamp": "2026-06-14T15:51:49",
  "seed": 123,
  "test_idx": null,
  "prior": {
    "n_prior": 500,
    "a_err": 0.9602197408676147,
    "crps_a": 0.06393076147802378,
    "coverage_95": 0.9921875,
    "ci_width": 0.5937180768084882,
    "mean_std": 0.15028668313661503
  },
  "prior_ood": null,
  "condition": null,
  "conditions": null,
  "sweep_var": "n_obs",
  "baseline": null,
  "sweep_conditions": [
    {
      "sigma": 0.003,
      "num_warmup": 5000,
      "num_samples": 2000,
      "num_chains": 4,
      "ess_min": 4549.5821076157445,
      "rhat_max": 1.0014129801880358,
      "rhat_mean": 1.0004101699018664,
      "n_div": 0,
      "reliability_flag": "PASS",
      "reliability_explanation": "All diagnostics within thresholds",
      "a_err": 0.10489223903211671,
      "crps_a": 0.006942811278415839,
      "coverage_95": 0.9921875,
      "ci_width": 0.068347092179558,
      "mean_std": 0.017480640600185074,
      "cal_levels": [
        0.1,
        0.19444444444444445,
        0.28888888888888886,
        0.3833333333333333,
        0.47777777777777775,
        0.5722222222222222,
        0.6666666666666666,
        0.7611111111111111,
        0.8555555555555555,
        0.95
      ],
      "cal_empirical": [
        0.125,
        0.1953125,
        0.359375,
        0.421875,
        0.578125,
        0.71875,
        0.8515625,
        0.9453125,
        0.9765625,
        0.9921875
      ],
      "nll_a": -3.198963465217012,
      "u_err": null,
      "chi2_ppc": 0.2685783197297746,
      "chi2_ppc_pvalue": 1.0,
      "map_a_err": 0.13909763097763062,
      "map_u_err": null,
      "label": "n_obs=50",
      "warmup_time_s": 554.848955154419,
      "sampling_time_s": 200.79535937309265,
      "step_time_s": 0.02698729694741113,
      "spearman_rho_error_std": 0.32420229811389856,
      "spearman_pvalue_error_std": 0.00018898431511715584,
      "a_err_per_sample": null
    }
  ],
  "laplace": null,
  "map_time_s": null,
  "total_time_s": 2336.6050040721893,
  "sweep_value": null,
  "is_sweep_baseline": null
}