{
  "experiment": "sensor_sweep",
  "problem": "burgers",
  "experiment_type": "sweep",
  "timestamp": "2026-06-14T15:51:10",
  "seed": 42,
  "test_idx": null,
  "prior": {
    "n_prior": 500,
    "a_err": 0.9434337019920349,
    "crps_a": 0.06372308686693665,
    "coverage_95": 0.9921875,
    "ci_width": 0.6128114267302585,
    "mean_std": 0.15381072323505676
  },
  "prior_ood": null,
  "condition": null,
  "conditions": null,
  "sweep_var": "n_obs",
  "baseline": null,
  "sweep_conditions": [
    {
      "sigma": 0.002,
      "num_warmup": 5000,
      "num_samples": 2000,
      "num_chains": 4,
      "ess_min": 4166.5264976967965,
      "rhat_max": 1.0013374822287786,
      "rhat_mean": 1.0005675251419248,
      "n_div": 0,
      "reliability_flag": "PASS",
      "reliability_explanation": "All diagnostics within thresholds",
      "a_err": 0.1089074220731454,
      "crps_a": 0.0071990856961259495,
      "coverage_95": 0.9921875,
      "ci_width": 0.06382221982355127,
      "mean_std": 0.016316965945680606,
      "cal_levels": [
        0.1,
        0.19444444444444445,
        0.28888888888888886,
        0.3833333333333333,
        0.47777777777777775,
        0.5722222222222222,
        0.6666666666666666,
        0.7611111111111111,
        0.8555555555555555,
        0.95
      ],
      "cal_empirical": [
        0.125,
        0.21875,
        0.3203125,
        0.40625,
        0.4609375,
        0.6328125,
        0.75,
        0.828125,
        0.9296875,
        0.9921875
      ],
      "nll_a": -3.199064516503063,
      "u_err": null,
      "chi2_ppc": 0.7930253375596429,
      "chi2_ppc_pvalue": 1.0,
      "map_a_err": 0.14997361600399017,
      "map_u_err": null,
      "label": "n_obs=50",
      "warmup_time_s": 760.7315185070038,
      "sampling_time_s": 374.1635501384735,
      "step_time_s": 0.04053196673733848,
      "spearman_rho_error_std": 0.19542551730452298,
      "spearman_pvalue_error_std": 0.02705946192663419,
      "a_err_per_sample": null
    }
  ],
  "laplace": null,
  "map_time_s": null,
  "total_time_s": 2462.3988144397736,
  "sweep_value": null,
  "is_sweep_baseline": null
}