{
  "experiment": "sensor_sweep",
  "problem": "burgers",
  "experiment_type": "sweep",
  "timestamp": "2026-06-14T15:56:28",
  "seed": 7,
  "test_idx": null,
  "prior": {
    "n_prior": 500,
    "a_err": 0.9936088919639587,
    "crps_a": 0.06449103603242046,
    "coverage_95": 0.9921875,
    "ci_width": 0.5922809739021584,
    "mean_std": 0.15069773006675605
  },
  "prior_ood": null,
  "condition": null,
  "conditions": null,
  "sweep_var": "n_obs",
  "baseline": null,
  "sweep_conditions": [
    {
      "sigma": 0.003,
      "num_warmup": 5000,
      "num_samples": 2000,
      "num_chains": 4,
      "ess_min": 4057.576942956262,
      "rhat_max": 1.0008824647058898,
      "rhat_mean": 1.0003212719684313,
      "n_div": 0,
      "reliability_flag": "PASS",
      "reliability_explanation": "All diagnostics within thresholds",
      "a_err": 0.05119244245839679,
      "crps_a": 0.0034341913759185086,
      "coverage_95": 0.984375,
      "ci_width": 0.03626275941400073,
      "mean_std": 0.009276016654892277,
      "cal_levels": [
        0.1,
        0.19444444444444445,
        0.28888888888888886,
        0.3833333333333333,
        0.47777777777777775,
        0.5722222222222222,
        0.6666666666666666,
        0.7611111111111111,
        0.8555555555555555,
        0.95
      ],
      "cal_empirical": [
        0.1328125,
        0.2578125,
        0.453125,
        0.59375,
        0.7109375,
        0.8046875,
        0.84375,
        0.9140625,
        0.9765625,
        0.984375
      ],
      "nll_a": -3.76206966045857,
      "u_err": null,
      "chi2_ppc": 2.505304596520709,
      "chi2_ppc_pvalue": 1.0,
      "map_a_err": 0.07599963992834091,
      "map_u_err": null,
      "label": "n_obs=100",
      "warmup_time_s": 585.5695006847382,
      "sampling_time_s": 249.09375143051147,
      "step_time_s": 0.029809401861258914,
      "spearman_rho_error_std": 0.33253982787035335,
      "spearman_pvalue_error_std": 0.0001255205316982162,
      "a_err_per_sample": null
    }
  ],
  "laplace": null,
  "map_time_s": null,
  "total_time_s": 2250.162742137909,
  "sweep_value": null,
  "is_sweep_baseline": null
}