{
  "experiment": "sensor_sweep",
  "problem": "burgers",
  "experiment_type": "sweep",
  "timestamp": "2026-06-14T15:50:44",
  "seed": 7,
  "test_idx": null,
  "prior": {
    "n_prior": 500,
    "a_err": 0.9936088919639587,
    "crps_a": 0.06449103603242046,
    "coverage_95": 0.9921875,
    "ci_width": 0.5922809739021584,
    "mean_std": 0.15069773006675605
  },
  "prior_ood": null,
  "condition": null,
  "conditions": null,
  "sweep_var": "n_obs",
  "baseline": null,
  "sweep_conditions": [
    {
      "sigma": 0.003,
      "num_warmup": 5000,
      "num_samples": 2000,
      "num_chains": 4,
      "ess_min": 3385.883450506612,
      "rhat_max": 1.0008164706696119,
      "rhat_mean": 1.0001329663663654,
      "n_div": 0,
      "reliability_flag": "PASS",
      "reliability_explanation": "All diagnostics within thresholds",
      "a_err": 0.10896582816082599,
      "crps_a": 0.007572047396400628,
      "coverage_95": 0.9921875,
      "ci_width": 0.07909526577290907,
      "mean_std": 0.02032630790358611,
      "cal_levels": [
        0.1,
        0.19444444444444445,
        0.28888888888888886,
        0.3833333333333333,
        0.47777777777777775,
        0.5722222222222222,
        0.6666666666666666,
        0.7611111111111111,
        0.8555555555555555,
        0.95
      ],
      "cal_empirical": [
        0.1484375,
        0.28125,
        0.4375,
        0.5546875,
        0.640625,
        0.765625,
        0.875,
        0.9375,
        0.9609375,
        0.9921875
      ],
      "nll_a": -3.103230127100848,
      "u_err": null,
      "chi2_ppc": 0.5644442143472551,
      "chi2_ppc_pvalue": 0.9999999999999999,
      "map_a_err": 0.15588292479515076,
      "map_u_err": null,
      "label": "n_obs=25",
      "warmup_time_s": 511.68928837776184,
      "sampling_time_s": 201.21373176574707,
      "step_time_s": 0.02546082214798246,
      "spearman_rho_error_std": 0.08804477201977659,
      "spearman_pvalue_error_std": 0.3230243450578457,
      "a_err_per_sample": null
    }
  ],
  "laplace": null,
  "map_time_s": null,
  "total_time_s": 2133.08163189888,
  "sweep_value": null,
  "is_sweep_baseline": null
}