{
  "experiment": "sensor_sweep",
  "problem": "burgers",
  "experiment_type": "sweep",
  "timestamp": "2026-06-14T15:50:15",
  "seed": 42,
  "test_idx": null,
  "prior": {
    "n_prior": 500,
    "a_err": 0.9434337019920349,
    "crps_a": 0.06372308686693665,
    "coverage_95": 0.9921875,
    "ci_width": 0.6128114267302585,
    "mean_std": 0.15381072323505676
  },
  "prior_ood": null,
  "condition": null,
  "conditions": null,
  "sweep_var": "n_obs",
  "baseline": null,
  "sweep_conditions": [
    {
      "sigma": 0.002,
      "num_warmup": 5000,
      "num_samples": 2000,
      "num_chains": 4,
      "ess_min": 3645.101775990933,
      "rhat_max": 1.0009639261451395,
      "rhat_mean": 1.00023535831573,
      "n_div": 0,
      "reliability_flag": "PASS",
      "reliability_explanation": "All diagnostics within thresholds",
      "a_err": 0.13331239098063086,
      "crps_a": 0.009160284042204671,
      "coverage_95": 0.9921875,
      "ci_width": 0.08796216358618274,
      "mean_std": 0.02250243231165057,
      "cal_levels": [
        0.1,
        0.19444444444444445,
        0.28888888888888886,
        0.3833333333333333,
        0.47777777777777775,
        0.5722222222222222,
        0.6666666666666666,
        0.7611111111111111,
        0.8555555555555555,
        0.95
      ],
      "cal_empirical": [
        0.09375,
        0.2265625,
        0.34375,
        0.4453125,
        0.59375,
        0.6796875,
        0.7578125,
        0.8671875,
        0.953125,
        0.9921875
      ],
      "nll_a": -2.943877376276416,
      "u_err": null,
      "chi2_ppc": 0.43200817992952373,
      "chi2_ppc_pvalue": 1.0,
      "map_a_err": 0.3184182643890381,
      "map_u_err": null,
      "label": "n_obs=25",
      "warmup_time_s": 774.2243571281433,
      "sampling_time_s": 366.0445947647095,
      "step_time_s": 0.04072389113903046,
      "spearman_rho_error_std": 0.14141755173045228,
      "spearman_pvalue_error_std": 0.11132296895091491,
      "a_err_per_sample": null
    }
  ],
  "laplace": null,
  "map_time_s": null,
  "total_time_s": 2462.446835041046,
  "sweep_value": null,
  "is_sweep_baseline": null
}