{
  "experiment": "sensor_sweep",
  "problem": "burgers",
  "experiment_type": "sweep",
  "timestamp": "2026-06-14T15:57:00",
  "seed": 123,
  "test_idx": null,
  "prior": {
    "n_prior": 500,
    "a_err": 0.9602197408676147,
    "crps_a": 0.06393076147802378,
    "coverage_95": 0.9921875,
    "ci_width": 0.5937180768084882,
    "mean_std": 0.15028668313661503
  },
  "prior_ood": null,
  "condition": null,
  "conditions": null,
  "sweep_var": "n_obs",
  "baseline": null,
  "sweep_conditions": [
    {
      "sigma": 0.003,
      "num_warmup": 5000,
      "num_samples": 2000,
      "num_chains": 4,
      "ess_min": 4395.211962240488,
      "rhat_max": 1.000537741293711,
      "rhat_mean": 1.000117405114466,
      "n_div": 0,
      "reliability_flag": "PASS",
      "reliability_explanation": "All diagnostics within thresholds",
      "a_err": 0.10352526258866748,
      "crps_a": 0.006773742073903185,
      "coverage_95": 0.984375,
      "ci_width": 0.06284913116843859,
      "mean_std": 0.016114831207103206,
      "cal_levels": [
        0.1,
        0.19444444444444445,
        0.28888888888888886,
        0.3833333333333333,
        0.47777777777777775,
        0.5722222222222222,
        0.6666666666666666,
        0.7611111111111111,
        0.8555555555555555,
        0.95
      ],
      "cal_empirical": [
        0.125,
        0.171875,
        0.3125,
        0.390625,
        0.53125,
        0.671875,
        0.84375,
        0.9140625,
        0.9765625,
        0.984375
      ],
      "nll_a": -3.2450328351611533,
      "u_err": null,
      "chi2_ppc": 0.5293527090385058,
      "chi2_ppc_pvalue": 1.0,
      "map_a_err": 0.13860973715782166,
      "map_u_err": null,
      "label": "n_obs=100",
      "warmup_time_s": 660.9454340934753,
      "sampling_time_s": 351.70496439933777,
      "step_time_s": 0.03616608566045761,
      "spearman_rho_error_std": 0.3661073979124702,
      "spearman_pvalue_error_std": 2.1385410105913665e-05,
      "a_err_per_sample": null
    }
  ],
  "laplace": null,
  "map_time_s": null,
  "total_time_s": 2553.6711814403534,
  "sweep_value": null,
  "is_sweep_baseline": null
}