{
  "experiment": "sensor_sweep",
  "problem": "burgers",
  "experiment_type": "sweep",
  "timestamp": "2026-06-14T15:51:31",
  "seed": 7,
  "test_idx": null,
  "prior": {
    "n_prior": 500,
    "a_err": 0.9936088919639587,
    "crps_a": 0.06449103603242046,
    "coverage_95": 0.9921875,
    "ci_width": 0.5922809739021584,
    "mean_std": 0.15069773006675605
  },
  "prior_ood": null,
  "condition": null,
  "conditions": null,
  "sweep_var": "n_obs",
  "baseline": null,
  "sweep_conditions": [
    {
      "sigma": 0.003,
      "num_warmup": 5000,
      "num_samples": 2000,
      "num_chains": 4,
      "ess_min": 4722.753412820447,
      "rhat_max": 1.0006512431963006,
      "rhat_mean": 1.0001500816835485,
      "n_div": 0,
      "reliability_flag": "PASS",
      "reliability_explanation": "All diagnostics within thresholds",
      "a_err": 0.08314140017687098,
      "crps_a": 0.005314331370038504,
      "coverage_95": 0.9921875,
      "ci_width": 0.04950410333871953,
      "mean_std": 0.012652784992690087,
      "cal_levels": [
        0.1,
        0.19444444444444445,
        0.28888888888888886,
        0.3833333333333333,
        0.47777777777777775,
        0.5722222222222222,
        0.6666666666666666,
        0.7611111111111111,
        0.8555555555555555,
        0.95
      ],
      "cal_empirical": [
        0.1796875,
        0.28125,
        0.4375,
        0.5,
        0.578125,
        0.71875,
        0.8125,
        0.8515625,
        0.9296875,
        0.9921875
      ],
      "nll_a": -3.5098952072461973,
      "u_err": null,
      "chi2_ppc": 1.136673859543981,
      "chi2_ppc_pvalue": 1.0,
      "map_a_err": 0.09971369057893753,
      "map_u_err": null,
      "label": "n_obs=50",
      "warmup_time_s": 499.0004575252533,
      "sampling_time_s": 193.47662472724915,
      "step_time_s": 0.024731324366160802,
      "spearman_rho_error_std": 0.31869735396447535,
      "spearman_pvalue_error_std": 0.00024603096268234703,
      "a_err_per_sample": null
    }
  ],
  "laplace": null,
  "map_time_s": null,
  "total_time_s": 2165.4647600650787,
  "sweep_value": null,
  "is_sweep_baseline": null
}