{
  "experiment": "sensor_sweep",
  "problem": "burgers",
  "experiment_type": "sweep",
  "timestamp": "2026-06-14T15:48:44",
  "seed": 123,
  "test_idx": null,
  "prior": {
    "n_prior": 500,
    "a_err": 0.9602197408676147,
    "crps_a": 0.06393076147802378,
    "coverage_95": 0.9921875,
    "ci_width": 0.5937180768084882,
    "mean_std": 0.15028668313661503
  },
  "prior_ood": null,
  "condition": null,
  "conditions": null,
  "sweep_var": "n_obs",
  "baseline": null,
  "sweep_conditions": [
    {
      "sigma": 0.003,
      "num_warmup": 5000,
      "num_samples": 2000,
      "num_chains": 4,
      "ess_min": 2923.339106826016,
      "rhat_max": 1.0020135967515618,
      "rhat_mean": 1.0008867854658974,
      "n_div": 0,
      "reliability_flag": "PASS",
      "reliability_explanation": "All diagnostics within thresholds",
      "a_err": 0.13415849396924984,
      "crps_a": 0.008879054005431729,
      "coverage_95": 0.9921875,
      "ci_width": 0.08916937331377556,
      "mean_std": 0.02287763163756275,
      "cal_levels": [
        0.1,
        0.19444444444444445,
        0.28888888888888886,
        0.3833333333333333,
        0.47777777777777775,
        0.5722222222222222,
        0.6666666666666666,
        0.7611111111111111,
        0.8555555555555555,
        0.95
      ],
      "cal_empirical": [
        0.15625,
        0.2578125,
        0.390625,
        0.484375,
        0.578125,
        0.734375,
        0.84375,
        0.9609375,
        0.9765625,
        0.9921875
      ],
      "nll_a": -2.97043722472886,
      "u_err": null,
      "chi2_ppc": 0.11393144902139428,
      "chi2_ppc_pvalue": 1.0,
      "map_a_err": 0.2316819727420807,
      "map_u_err": null,
      "label": "n_obs=25",
      "warmup_time_s": 488.34333419799805,
      "sampling_time_s": 200.42897963523865,
      "step_time_s": 0.02459901120832988,
      "spearman_rho_error_std": 0.3637440487090276,
      "spearman_pvalue_error_std": 2.4384072412607874e-05,
      "a_err_per_sample": null
    }
  ],
  "laplace": null,
  "map_time_s": null,
  "total_time_s": 2246.277225971222,
  "sweep_value": null,
  "is_sweep_baseline": null
}