{
  "experiment": "sensor_sweep",
  "problem": "burgers",
  "experiment_type": "sweep",
  "timestamp": "2026-06-14T15:54:04",
  "seed": 42,
  "test_idx": null,
  "prior": {
    "n_prior": 500,
    "a_err": 0.9434337019920349,
    "crps_a": 0.06372308686693665,
    "coverage_95": 0.9921875,
    "ci_width": 0.6128114267302585,
    "mean_std": 0.15381072323505676
  },
  "prior_ood": null,
  "condition": null,
  "conditions": null,
  "sweep_var": "n_obs",
  "baseline": null,
  "sweep_conditions": [
    {
      "sigma": 0.002,
      "num_warmup": 5000,
      "num_samples": 2000,
      "num_chains": 4,
      "ess_min": 4701.052773952596,
      "rhat_max": 1.0006952342653992,
      "rhat_mean": 1.0000982106601903,
      "n_div": 0,
      "reliability_flag": "PASS",
      "reliability_explanation": "All diagnostics within thresholds",
      "a_err": 0.08534127386798165,
      "crps_a": 0.005880530425231441,
      "coverage_95": 0.9453125,
      "ci_width": 0.04752364678094356,
      "mean_std": 0.012159259849360903,
      "cal_levels": [
        0.1,
        0.19444444444444445,
        0.28888888888888886,
        0.3833333333333333,
        0.47777777777777775,
        0.5722222222222222,
        0.6666666666666666,
        0.7611111111111111,
        0.8555555555555555,
        0.95
      ],
      "cal_empirical": [
        0.078125,
        0.1953125,
        0.2890625,
        0.359375,
        0.4609375,
        0.5546875,
        0.6640625,
        0.734375,
        0.828125,
        0.9453125
      ],
      "nll_a": -3.353306029161395,
      "u_err": null,
      "chi2_ppc": 2.406248747338316,
      "chi2_ppc_pvalue": 1.0,
      "map_a_err": 0.13092084228992462,
      "map_u_err": null,
      "label": "n_obs=100",
      "warmup_time_s": 945.0245063304901,
      "sampling_time_s": 393.96045756340027,
      "step_time_s": 0.04782089156763894,
      "spearman_rho_error_std": 0.08513779527559054,
      "spearman_pvalue_error_std": 0.3393191271552835,
      "a_err_per_sample": null
    }
  ],
  "laplace": null,
  "map_time_s": null,
  "total_time_s": 2636.5321946144104,
  "sweep_value": null,
  "is_sweep_baseline": null
}