{
  "experiment": "sensor_sweep",
  "problem": "darcy_piecewise",
  "experiment_type": "sweep",
  "timestamp": "2026-06-14T16:18:00",
  "seed": 42,
  "test_idx": null,
  "prior": {
    "n_prior": 500,
    "a_err": 0.5136094689369202,
    "crps_a": 1.2639168370986917,
    "coverage_95": 1.0,
    "ci_width": 5.0,
    "mean_std": 2.4941394804185433
  },
  "prior_ood": null,
  "condition": null,
  "conditions": null,
  "sweep_var": "n_obs",
  "baseline": null,
  "sweep_conditions": [
    {
      "sigma": 0.01041998529608244,
      "num_warmup": 15000,
      "num_samples": 5000,
      "num_chains": 4,
      "ess_min": 16928.249002424483,
      "rhat_max": 1.0003492316977178,
      "rhat_mean": 0.9999735051538444,
      "n_div": 0,
      "reliability_flag": "PASS",
      "reliability_explanation": "All diagnostics within thresholds",
      "a_err": 0.7888345718383789,
      "crps_a": 0.8631331713585019,
      "coverage_95": 1.0,
      "ci_width": 5.0,
      "mean_std": 2.2357701958604905,
      "cal_levels": [
        0.1,
        0.19444444444444445,
        0.28888888888888886,
        0.3833333333333333,
        0.47777777777777775,
        0.5722222222222222,
        0.6666666666666666,
        0.7611111111111111,
        0.8555555555555555,
        0.95
      ],
      "cal_empirical": [
        0.8014268727705113,
        0.8525564803804994,
        0.9262782401902497,
        0.9667063020214031,
        0.9785969084423306,
        0.9845422116527943,
        0.9892984542211652,
        0.995243757431629,
        1.0,
        1.0
      ],
      "nll_a": 0.5223912895149635,
      "u_err": null,
      "chi2_ppc": 0.9669365148529347,
      "chi2_ppc_pvalue": 0.9999999999999576,
      "map_a_err": 0.3826841413974762,
      "map_u_err": null,
      "label": "n_obs=25",
      "warmup_time_s": 895.2069675922394,
      "sampling_time_s": 282.2358798980713,
      "step_time_s": 0.014718035593628883,
      "spearman_rho_error_std": 0.75895126791403,
      "spearman_pvalue_error_std": 1.7230341189060731e-158,
      "a_err_per_sample": null
    }
  ],
  "laplace": null,
  "map_time_s": null,
  "total_time_s": 2582.0078790187836,
  "sweep_value": null,
  "is_sweep_baseline": null
}