{
  "experiment": "sensor_sweep",
  "problem": "darcy_piecewise",
  "experiment_type": "sweep",
  "timestamp": "2026-06-14T16:56:22",
  "seed": 123,
  "test_idx": null,
  "prior": {
    "n_prior": 500,
    "a_err": 0.6425707936286926,
    "crps_a": 1.2195791914387633,
    "coverage_95": 1.0,
    "ci_width": 5.0,
    "mean_std": 2.4939507564745695
  },
  "prior_ood": null,
  "condition": null,
  "conditions": null,
  "sweep_var": "n_obs",
  "baseline": null,
  "sweep_conditions": [
    {
      "sigma": 0.007918631928013781,
      "num_warmup": 15000,
      "num_samples": 5000,
      "num_chains": 4,
      "ess_min": 15085.520242886581,
      "rhat_max": 1.00036269858473,
      "rhat_mean": 0.9999944242413131,
      "n_div": 0,
      "reliability_flag": "PASS",
      "reliability_explanation": "All diagnostics within thresholds",
      "a_err": 0.8070523738861084,
      "crps_a": 0.7121930941587395,
      "coverage_95": 1.0,
      "ci_width": 4.631391200951248,
      "mean_std": 1.9615244102476141,
      "cal_levels": [
        0.1,
        0.19444444444444445,
        0.28888888888888886,
        0.3833333333333333,
        0.47777777777777775,
        0.5722222222222222,
        0.6666666666666666,
        0.7611111111111111,
        0.8555555555555555,
        0.95
      ],
      "cal_empirical": [
        0.8299643281807372,
        0.8882282996432818,
        0.920332936979786,
        0.9405469678953626,
        0.9560047562425684,
        0.990487514863258,
        0.995243757431629,
        0.9964328180737217,
        0.9988109393579072,
        1.0
      ],
      "nll_a": 0.4351381333056639,
      "u_err": null,
      "chi2_ppc": 2.5525507818683923,
      "chi2_ppc_pvalue": 1.0,
      "map_a_err": 0.3971301019191742,
      "map_u_err": null,
      "label": "n_obs=50",
      "warmup_time_s": 1622.8852083683014,
      "sampling_time_s": 549.3817603588104,
      "step_time_s": 0.027153337109088897,
      "spearman_rho_error_std": 0.8549667499962548,
      "spearman_pvalue_error_std": 2.0438370544824484e-241,
      "a_err_per_sample": null
    }
  ],
  "laplace": null,
  "map_time_s": null,
  "total_time_s": 3818.3257842063904,
  "sweep_value": null,
  "is_sweep_baseline": null
}