{
  "experiment": "sensor_sweep",
  "problem": "darcy_continuous",
  "experiment_type": "sweep",
  "timestamp": "2026-06-14T16:17:50",
  "seed": 123,
  "test_idx": null,
  "prior": {
    "n_prior": 500,
    "a_err": 0.259484201669693,
    "crps_a": 0.31065228385335036,
    "coverage_95": 0.9714625445897741,
    "ci_width": 2.1495130922084154,
    "mean_std": 0.5992359166959564
  },
  "prior_ood": null,
  "condition": null,
  "conditions": null,
  "sweep_var": "n_obs",
  "baseline": null,
  "sweep_conditions": [
    {
      "sigma": 0.08,
      "num_warmup": 5000,
      "num_samples": 2000,
      "num_chains": 4,
      "ess_min": 620.9946059136504,
      "rhat_max": 1.0038394205749461,
      "rhat_mean": 1.00219177801953,
      "n_div": 17,
      "reliability_flag": "PASS",
      "reliability_explanation": "All diagnostics within thresholds",
      "a_err": 0.012924372773671144,
      "crps_a": 0.026457196129029963,
      "coverage_95": 0.9988109393579072,
      "ci_width": 0.43413368875481445,
      "mean_std": 0.1111658969604177,
      "cal_levels": [
        0.1,
        0.19444444444444445,
        0.28888888888888886,
        0.3833333333333333,
        0.47777777777777775,
        0.5722222222222222,
        0.6666666666666666,
        0.7611111111111111,
        0.8555555555555555,
        0.95
      ],
      "cal_empirical": [
        0.40784780023781214,
        0.7538644470868014,
        0.8680142687277052,
        0.9262782401902497,
        0.93935790725327,
        0.9571938168846611,
        0.9797859690844233,
        0.990487514863258,
        0.9964328180737217,
        0.9988109393579072
      ],
      "nll_a": -1.3454598165206717,
      "u_err": null,
      "chi2_ppc": 0.04901232459734493,
      "chi2_ppc_pvalue": 1.0,
      "map_a_err": 0.014070485718548298,
      "map_u_err": null,
      "label": "n_obs=50",
      "warmup_time_s": 420.27177381515503,
      "sampling_time_s": 149.18115878105164,
      "step_time_s": 0.02033760473557881,
      "spearman_rho_error_std": 0.20804782630273153,
      "spearman_pvalue_error_std": 1.1207836628117516e-09,
      "a_err_per_sample": null
    }
  ],
  "laplace": null,
  "map_time_s": null,
  "total_time_s": 587.8576724529266,
  "sweep_value": null,
  "is_sweep_baseline": null
}