{
  "experiment": "sensor_sweep",
  "problem": "darcy_piecewise",
  "experiment_type": "sweep",
  "timestamp": "2026-06-14T16:57:34",
  "seed": 7,
  "test_idx": null,
  "prior": {
    "n_prior": 500,
    "a_err": 0.5232526659965515,
    "crps_a": 1.2832970749108206,
    "coverage_95": 1.0,
    "ci_width": 5.0,
    "mean_std": 2.4910889213360643
  },
  "prior_ood": null,
  "condition": null,
  "conditions": null,
  "sweep_var": "n_obs",
  "baseline": null,
  "sweep_conditions": [
    {
      "sigma": 0.009258637566915992,
      "num_warmup": 15000,
      "num_samples": 5000,
      "num_chains": 4,
      "ess_min": 12549.255736814634,
      "rhat_max": 1.0005275884789895,
      "rhat_mean": 1.0000381761895252,
      "n_div": 0,
      "reliability_flag": "PASS",
      "reliability_explanation": "All diagnostics within thresholds",
      "a_err": 0.825695276260376,
      "crps_a": 0.6897798679845423,
      "coverage_95": 0.9964328180737217,
      "ci_width": 4.500594530321046,
      "mean_std": 1.8629268959256162,
      "cal_levels": [
        0.1,
        0.19444444444444445,
        0.28888888888888886,
        0.3833333333333333,
        0.47777777777777775,
        0.5722222222222222,
        0.6666666666666666,
        0.7611111111111111,
        0.8555555555555555,
        0.95
      ],
      "cal_empirical": [
        0.8323424494649228,
        0.8727705112960761,
        0.906064209274673,
        0.9322235434007135,
        0.9488703923900119,
        0.9690844233055886,
        0.9797859690844233,
        0.9821640903686087,
        0.9881093935790726,
        0.9964328180737217
      ],
      "nll_a": 0.43502927101905003,
      "u_err": null,
      "chi2_ppc": 3.223521877423879,
      "chi2_ppc_pvalue": 1.0,
      "map_a_err": 0.34012436866760254,
      "map_u_err": null,
      "label": "n_obs=100",
      "warmup_time_s": 1768.2646584510803,
      "sampling_time_s": 554.1568241119385,
      "step_time_s": 0.029030268532037735,
      "spearman_rho_error_std": 0.8378512121709667,
      "spearman_pvalue_error_std": 8.985351919673833e-223,
      "a_err_per_sample": null
    }
  ],
  "laplace": null,
  "map_time_s": null,
  "total_time_s": 3656.8493309020996,
  "sweep_value": null,
  "is_sweep_baseline": null
}