{
  "experiment": "sensor_sweep",
  "problem": "darcy_piecewise",
  "experiment_type": "sweep",
  "timestamp": "2026-06-14T16:48:17",
  "seed": 7,
  "test_idx": null,
  "prior": {
    "n_prior": 500,
    "a_err": 0.5232526659965515,
    "crps_a": 1.2832970749108206,
    "coverage_95": 1.0,
    "ci_width": 5.0,
    "mean_std": 2.4910889213360643
  },
  "prior_ood": null,
  "condition": null,
  "conditions": null,
  "sweep_var": "n_obs",
  "baseline": null,
  "sweep_conditions": [
    {
      "sigma": 0.0067777415840585544,
      "num_warmup": 15000,
      "num_samples": 5000,
      "num_chains": 4,
      "ess_min": 13397.74791160238,
      "rhat_max": 1.0006432700401884,
      "rhat_mean": 1.0000206743949809,
      "n_div": 0,
      "reliability_flag": "PASS",
      "reliability_explanation": "All diagnostics within thresholds",
      "a_err": 0.8000016808509827,
      "crps_a": 0.7782700848394768,
      "coverage_95": 1.0,
      "ci_width": 5.0,
      "mean_std": 2.1593807782563137,
      "cal_levels": [
        0.1,
        0.19444444444444445,
        0.28888888888888886,
        0.3833333333333333,
        0.47777777777777775,
        0.5722222222222222,
        0.6666666666666666,
        0.7611111111111111,
        0.8555555555555555,
        0.95
      ],
      "cal_empirical": [
        0.8489892984542212,
        0.9036860879904876,
        0.9405469678953626,
        0.9560047562425684,
        0.9750297265160524,
        0.9928656361474435,
        0.9988109393579072,
        1.0,
        1.0,
        1.0
      ],
      "nll_a": 0.47588678163148923,
      "u_err": null,
      "chi2_ppc": 2.1910279103412527,
      "chi2_ppc_pvalue": 0.99999999933497,
      "map_a_err": 0.32647478580474854,
      "map_u_err": null,
      "label": "n_obs=25",
      "warmup_time_s": 1061.5859916210175,
      "sampling_time_s": 430.4306948184967,
      "step_time_s": 0.01865020858049393,
      "spearman_rho_error_std": 0.8254279555423542,
      "spearman_pvalue_error_std": 1.4924013910748797e-210,
      "a_err_per_sample": null
    }
  ],
  "laplace": null,
  "map_time_s": null,
  "total_time_s": 3281.578101158142,
  "sweep_value": null,
  "is_sweep_baseline": null
}