{
  "experiment": "sensor_sweep",
  "problem": "darcy_continuous",
  "experiment_type": "sweep",
  "timestamp": "2026-06-14T16:24:44",
  "seed": 42,
  "test_idx": null,
  "prior": {
    "n_prior": 500,
    "a_err": 0.2782851755619049,
    "crps_a": 0.33523553348381974,
    "coverage_95": 0.9726516052318668,
    "ci_width": 2.150789741377436,
    "mean_std": 0.5866110464851197
  },
  "prior_ood": null,
  "condition": null,
  "conditions": null,
  "sweep_var": "n_obs",
  "baseline": null,
  "sweep_conditions": [
    {
      "sigma": 0.08,
      "num_warmup": 5000,
      "num_samples": 2000,
      "num_chains": 4,
      "ess_min": 385.21346475917704,
      "rhat_max": 1.0083468699789258,
      "rhat_mean": 1.0069486117283313,
      "n_div": 30,
      "reliability_flag": "PASS",
      "reliability_explanation": "All diagnostics within thresholds",
      "a_err": 0.021140676322623696,
      "crps_a": 0.03262177732883404,
      "coverage_95": 0.9988109393579072,
      "ci_width": 0.4964097174379683,
      "mean_std": 0.12664793357075257,
      "cal_levels": [
        0.1,
        0.19444444444444445,
        0.28888888888888886,
        0.3833333333333333,
        0.47777777777777775,
        0.5722222222222222,
        0.6666666666666666,
        0.7611111111111111,
        0.8555555555555555,
        0.95
      ],
      "cal_empirical": [
        0.2544589774078478,
        0.525564803804994,
        0.7015457788347206,
        0.8109393579072532,
        0.896551724137931,
        0.9500594530321046,
        0.9631391200951248,
        0.9833531510107015,
        0.9916765755053508,
        0.9988109393579072
      ],
      "nll_a": -1.180543844669558,
      "u_err": null,
      "chi2_ppc": 0.27288708945873835,
      "chi2_ppc_pvalue": 1.0,
      "map_a_err": 0.01685955375432968,
      "map_u_err": null,
      "label": "n_obs=50",
      "warmup_time_s": 566.1364936828613,
      "sampling_time_s": 631.5992133617401,
      "step_time_s": 0.04277627525159291,
      "spearman_rho_error_std": 0.350661346894623,
      "spearman_pvalue_error_std": 9.713370170522771e-26,
      "a_err_per_sample": null
    }
  ],
  "laplace": null,
  "map_time_s": null,
  "total_time_s": 1216.2105991840363,
  "sweep_value": null,
  "is_sweep_baseline": null
}