{
  "experiment": "sensor_sweep",
  "problem": "darcy_piecewise",
  "experiment_type": "sweep",
  "timestamp": "2026-06-14T17:10:49",
  "seed": 123,
  "test_idx": null,
  "prior": {
    "n_prior": 500,
    "a_err": 0.6425707936286926,
    "crps_a": 1.2195791914387633,
    "coverage_95": 1.0,
    "ci_width": 5.0,
    "mean_std": 2.4939507564745695
  },
  "prior_ood": null,
  "condition": null,
  "conditions": null,
  "sweep_var": "n_obs",
  "baseline": null,
  "sweep_conditions": [
    {
      "sigma": 0.006848992482446597,
      "num_warmup": 15000,
      "num_samples": 5000,
      "num_chains": 4,
      "ess_min": 11030.865980050166,
      "rhat_max": 1.0007770919746686,
      "rhat_mean": 1.000065861585484,
      "n_div": 3,
      "reliability_flag": "PASS",
      "reliability_explanation": "All diagnostics within thresholds",
      "a_err": 0.8201547861099243,
      "crps_a": 0.6638295362812129,
      "coverage_95": 0.9976218787158145,
      "ci_width": 4.292508917954816,
      "mean_std": 1.7570938555249354,
      "cal_levels": [
        0.1,
        0.19444444444444445,
        0.28888888888888886,
        0.3833333333333333,
        0.47777777777777775,
        0.5722222222222222,
        0.6666666666666666,
        0.7611111111111111,
        0.8555555555555555,
        0.95
      ],
      "cal_empirical": [
        0.8240190249702735,
        0.8703923900118906,
        0.9072532699167658,
        0.9346016646848989,
        0.9512485136741974,
        0.9714625445897741,
        0.9750297265160524,
        0.9821640903686087,
        0.9928656361474435,
        0.9976218787158145
      ],
      "nll_a": 0.4119550427196976,
      "u_err": null,
      "chi2_ppc": 4.076348355601905,
      "chi2_ppc_pvalue": 1.0,
      "map_a_err": 0.3899739980697632,
      "map_u_err": null,
      "label": "n_obs=100",
      "warmup_time_s": 2171.1723086833954,
      "sampling_time_s": 819.0563373565674,
      "step_time_s": 0.03737785807549954,
      "spearman_rho_error_std": 0.8648237326141367,
      "spearman_pvalue_error_std": 2.806201912749679e-253,
      "a_err_per_sample": null
    }
  ],
  "laplace": null,
  "map_time_s": null,
  "total_time_s": 4685.366558551788,
  "sweep_value": null,
  "is_sweep_baseline": null
}