{
  "experiment": "sensor_sweep",
  "problem": "darcy_piecewise",
  "experiment_type": "sweep",
  "timestamp": "2026-06-14T16:45:16",
  "seed": 123,
  "test_idx": null,
  "prior": {
    "n_prior": 500,
    "a_err": 0.6425707936286926,
    "crps_a": 1.2195791914387633,
    "coverage_95": 1.0,
    "ci_width": 5.0,
    "mean_std": 2.4939507564745695
  },
  "prior_ood": null,
  "condition": null,
  "conditions": null,
  "sweep_var": "n_obs",
  "baseline": null,
  "sweep_conditions": [
    {
      "sigma": 0.008224059603400261,
      "num_warmup": 15000,
      "num_samples": 5000,
      "num_chains": 4,
      "ess_min": 14595.484763667426,
      "rhat_max": 1.0007587953346697,
      "rhat_mean": 1.0000264961041094,
      "n_div": 0,
      "reliability_flag": "PASS",
      "reliability_explanation": "All diagnostics within thresholds",
      "a_err": 0.7571518421173096,
      "crps_a": 0.8638938957491081,
      "coverage_95": 1.0,
      "ci_width": 5.0,
      "mean_std": 2.2970717707888095,
      "cal_levels": [
        0.1,
        0.19444444444444445,
        0.28888888888888886,
        0.3833333333333333,
        0.47777777777777775,
        0.5722222222222222,
        0.6666666666666666,
        0.7611111111111111,
        0.8555555555555555,
        0.95
      ],
      "cal_empirical": [
        0.8513674197384067,
        0.9227110582639715,
        0.9714625445897741,
        0.9881093935790726,
        0.9976218787158145,
        1.0,
        1.0,
        1.0,
        1.0,
        1.0
      ],
      "nll_a": 0.5217462276053227,
      "u_err": null,
      "chi2_ppc": 2.0861976436817584,
      "chi2_ppc_pvalue": 0.9999999996218704,
      "map_a_err": 0.403623104095459,
      "map_u_err": null,
      "label": "n_obs=25",
      "warmup_time_s": 968.8929207324982,
      "sampling_time_s": 345.4809546470642,
      "step_time_s": 0.016429673442244528,
      "spearman_rho_error_std": 0.8020328715737719,
      "spearman_pvalue_error_std": 5.606689360023258e-190,
      "a_err_per_sample": null
    }
  ],
  "laplace": null,
  "map_time_s": null,
  "total_time_s": 3280.6393439769745,
  "sweep_value": null,
  "is_sweep_baseline": null
}