{
  "experiment": "sensor_sweep",
  "problem": "darcy_continuous",
  "experiment_type": "sweep",
  "timestamp": "2026-06-14T16:17:45",
  "seed": 123,
  "test_idx": null,
  "prior": {
    "n_prior": 500,
    "a_err": 0.259484201669693,
    "crps_a": 0.31065228385335036,
    "coverage_95": 0.9714625445897741,
    "ci_width": 2.1495130922084154,
    "mean_std": 0.5992359166959564
  },
  "prior_ood": null,
  "condition": null,
  "conditions": null,
  "sweep_var": "n_obs",
  "baseline": null,
  "sweep_conditions": [
    {
      "sigma": 0.08,
      "num_warmup": 5000,
      "num_samples": 2000,
      "num_chains": 4,
      "ess_min": 97.14614513998646,
      "rhat_max": 1.037997036478238,
      "rhat_mean": 1.0191167363978562,
      "n_div": 45,
      "reliability_flag": "PASS",
      "reliability_explanation": "All diagnostics within thresholds",
      "a_err": 0.028690400110864885,
      "crps_a": 0.03802875968010288,
      "coverage_95": 0.9988109393579072,
      "ci_width": 0.6433539604112476,
      "mean_std": 0.15988015527138297,
      "cal_levels": [
        0.1,
        0.19444444444444445,
        0.28888888888888886,
        0.3833333333333333,
        0.47777777777777775,
        0.5722222222222222,
        0.6666666666666666,
        0.7611111111111111,
        0.8555555555555555,
        0.95
      ],
      "cal_empirical": [
        0.2806183115338882,
        0.4803804994054697,
        0.5897740784780023,
        0.7621878715814506,
        0.9227110582639715,
        0.9429250891795482,
        0.9702734839476813,
        0.9892984542211652,
        0.9928656361474435,
        0.9988109393579072
      ],
      "nll_a": -0.9501756605210429,
      "u_err": null,
      "chi2_ppc": 0.09276166213099556,
      "chi2_ppc_pvalue": 1.0,
      "map_a_err": 0.009504979476332664,
      "map_u_err": null,
      "label": "n_obs=25",
      "warmup_time_s": 515.7912890911102,
      "sampling_time_s": 140.6610209941864,
      "step_time_s": 0.023444725360189166,
      "spearman_rho_error_std": 0.4313315260041953,
      "spearman_pvalue_error_std": 1.9921940452393016e-39,
      "a_err_per_sample": null
    }
  ],
  "laplace": null,
  "map_time_s": null,
  "total_time_s": 675.5630950927734,
  "sweep_value": null,
  "is_sweep_baseline": null
}