{
  "experiment": "sensor_sweep",
  "problem": "darcy_continuous",
  "experiment_type": "sweep",
  "timestamp": "2026-06-14T16:25:24",
  "seed": 7,
  "test_idx": null,
  "prior": {
    "n_prior": 500,
    "a_err": 0.2679647207260132,
    "crps_a": 0.32125697217982585,
    "coverage_95": 0.9738406658739596,
    "ci_width": 2.1838220653656473,
    "mean_std": 0.5966345994520127
  },
  "prior_ood": null,
  "condition": null,
  "conditions": null,
  "sweep_var": "n_obs",
  "baseline": null,
  "sweep_conditions": [
    {
      "sigma": 0.08,
      "num_warmup": 5000,
      "num_samples": 2000,
      "num_chains": 4,
      "ess_min": 2.280677403079167,
      "rhat_max": 2.8156177385050483,
      "rhat_mean": 1.532657696918534,
      "n_div": 38,
      "reliability_flag": "FAIL",
      "reliability_explanation": "ESS_min=2.3 < 10; R-hat_max=2.816 > 1.2",
      "a_err": 0.02905078252073579,
      "crps_a": 0.03578386326938803,
      "coverage_95": 0.9988109393579072,
      "ci_width": 0.5010969031235429,
      "mean_std": 0.1288284469673468,
      "cal_levels": [
        0.1,
        0.19444444444444445,
        0.28888888888888886,
        0.3833333333333333,
        0.47777777777777775,
        0.5722222222222222,
        0.6666666666666666,
        0.7611111111111111,
        0.8555555555555555,
        0.95
      ],
      "cal_empirical": [
        0.1450653983353151,
        0.351961950059453,
        0.48989298454221164,
        0.6504161712247325,
        0.8596908442330559,
        0.9417360285374554,
        0.9607609988109393,
        0.9881093935790726,
        0.9916765755053508,
        0.9988109393579072
      ],
      "nll_a": -1.0660133030401628,
      "u_err": null,
      "chi2_ppc": 0.19823294130488445,
      "chi2_ppc_pvalue": 1.0,
      "map_a_err": 0.012570544146001339,
      "map_u_err": null,
      "label": "n_obs=50",
      "warmup_time_s": 464.4486331939697,
      "sampling_time_s": 139.86401987075806,
      "step_time_s": 0.021582594752311706,
      "spearman_rho_error_std": 0.3928160280694166,
      "spearman_pvalue_error_std": 2.0382184558805135e-32,
      "a_err_per_sample": null
    }
  ],
  "laplace": null,
  "map_time_s": null,
  "total_time_s": 622.179703950882,
  "sweep_value": null,
  "is_sweep_baseline": null
}