{
  "experiment": "sensor_sweep",
  "problem": "darcy_continuous",
  "experiment_type": "sweep",
  "timestamp": "2026-06-14T16:26:39",
  "seed": 7,
  "test_idx": null,
  "prior": {
    "n_prior": 500,
    "a_err": 0.2679647207260132,
    "crps_a": 0.32125697217982585,
    "coverage_95": 0.9738406658739596,
    "ci_width": 2.1838220653656473,
    "mean_std": 0.5966345994520127
  },
  "prior_ood": null,
  "condition": null,
  "conditions": null,
  "sweep_var": "n_obs",
  "baseline": null,
  "sweep_conditions": [
    {
      "sigma": 0.08,
      "num_warmup": 5000,
      "num_samples": 2000,
      "num_chains": 4,
      "ess_min": 568.8167102584638,
      "rhat_max": 1.011598199607776,
      "rhat_mean": 1.0071523187671003,
      "n_div": 20,
      "reliability_flag": "PASS",
      "reliability_explanation": "All diagnostics within thresholds",
      "a_err": 0.008939485951303897,
      "crps_a": 0.0193401213308254,
      "coverage_95": 0.9988109393579072,
      "ci_width": 0.31167168913969684,
      "mean_std": 0.07937781505011648,
      "cal_levels": [
        0.1,
        0.19444444444444445,
        0.28888888888888886,
        0.3833333333333333,
        0.47777777777777775,
        0.5722222222222222,
        0.6666666666666666,
        0.7611111111111111,
        0.8555555555555555,
        0.95
      ],
      "cal_empirical": [
        0.5053507728894173,
        0.7110582639714625,
        0.8406658739595719,
        0.9322235434007135,
        0.9583828775267539,
        0.9643281807372176,
        0.9892984542211652,
        0.9916765755053508,
        0.9976218787158145,
        0.9988109393579072
      ],
      "nll_a": -1.6785730124868121,
      "u_err": null,
      "chi2_ppc": 0.18530177375092144,
      "chi2_ppc_pvalue": 1.0,
      "map_a_err": 0.013919697143137455,
      "map_u_err": null,
      "label": "n_obs=100",
      "warmup_time_s": 367.3398640155792,
      "sampling_time_s": 120.260981798172,
      "step_time_s": 0.017414315921919686,
      "spearman_rho_error_std": 0.20470417325182463,
      "spearman_pvalue_error_std": 2.083680272654345e-09,
      "a_err_per_sample": null
    }
  ],
  "laplace": null,
  "map_time_s": null,
  "total_time_s": 506.1879868507385,
  "sweep_value": null,
  "is_sweep_baseline": null
}