{
  "experiment": "sensor_sweep",
  "problem": "darcy_piecewise",
  "experiment_type": "sweep",
  "timestamp": "2026-06-14T16:58:21",
  "seed": 42,
  "test_idx": null,
  "prior": {
    "n_prior": 500,
    "a_err": 0.5136094689369202,
    "crps_a": 1.2639168370986917,
    "coverage_95": 1.0,
    "ci_width": 5.0,
    "mean_std": 2.4941394804185433
  },
  "prior_ood": null,
  "condition": null,
  "conditions": null,
  "sweep_var": "n_obs",
  "baseline": null,
  "sweep_conditions": [
    {
      "sigma": 0.010001914658811999,
      "num_warmup": 15000,
      "num_samples": 5000,
      "num_chains": 4,
      "ess_min": 13988.568633879364,
      "rhat_max": 1.000567447777575,
      "rhat_mean": 0.9999998914673697,
      "n_div": 0,
      "reliability_flag": "PASS",
      "reliability_explanation": "All diagnostics within thresholds",
      "a_err": 0.8298760056495667,
      "crps_a": 0.6836866603745541,
      "coverage_95": 1.0,
      "ci_width": 4.60166468489893,
      "mean_std": 1.9360891411997387,
      "cal_levels": [
        0.1,
        0.19444444444444445,
        0.28888888888888886,
        0.3833333333333333,
        0.47777777777777775,
        0.5722222222222222,
        0.6666666666666666,
        0.7611111111111111,
        0.8555555555555555,
        0.95
      ],
      "cal_empirical": [
        0.8442330558858502,
        0.8906064209274673,
        0.9262782401902497,
        0.9524375743162902,
        0.9631391200951248,
        0.9714625445897741,
        0.9833531510107015,
        0.9881093935790726,
        0.9916765755053508,
        1.0
      ],
      "nll_a": 0.4304360536645275,
      "u_err": null,
      "chi2_ppc": 2.803922066783364,
      "chi2_ppc_pvalue": 1.0,
      "map_a_err": 0.3954901695251465,
      "map_u_err": null,
      "label": "n_obs=100",
      "warmup_time_s": 1721.431319475174,
      "sampling_time_s": 568.5583319664001,
      "step_time_s": 0.028624870643019676,
      "spearman_rho_error_std": 0.848749054207028,
      "spearman_pvalue_error_std": 2.2367061915218068e-234,
      "a_err_per_sample": null
    }
  ],
  "laplace": null,
  "map_time_s": null,
  "total_time_s": 4248.365818023682,
  "sweep_value": null,
  "is_sweep_baseline": null
}