{
  "experiment": "sensor_sweep",
  "problem": "darcy_continuous",
  "experiment_type": "sweep",
  "timestamp": "2026-06-14T16:13:52",
  "seed": 42,
  "test_idx": null,
  "prior": {
    "n_prior": 500,
    "a_err": 0.2782851755619049,
    "crps_a": 0.33523553348381974,
    "coverage_95": 0.9726516052318668,
    "ci_width": 2.150789741377436,
    "mean_std": 0.5866110464851197
  },
  "prior_ood": null,
  "condition": null,
  "conditions": null,
  "sweep_var": "n_obs",
  "baseline": null,
  "sweep_conditions": [
    {
      "sigma": 0.08,
      "num_warmup": 5000,
      "num_samples": 2000,
      "num_chains": 4,
      "ess_min": 648.7412705815904,
      "rhat_max": 1.003329338871579,
      "rhat_mean": 1.0024555270555908,
      "n_div": 13,
      "reliability_flag": "PASS",
      "reliability_explanation": "All diagnostics within thresholds",
      "a_err": 0.0092370517893529,
      "crps_a": 0.018169515787796096,
      "coverage_95": 0.9988109393579072,
      "ci_width": 0.2824664803397652,
      "mean_std": 0.07167539774992854,
      "cal_levels": [
        0.1,
        0.19444444444444445,
        0.28888888888888886,
        0.3833333333333333,
        0.47777777777777775,
        0.5722222222222222,
        0.6666666666666666,
        0.7611111111111111,
        0.8555555555555555,
        0.95
      ],
      "cal_empirical": [
        0.39595719381688466,
        0.5921521997621879,
        0.7384066587395958,
        0.9096313912009513,
        0.9560047562425684,
        0.9667063020214031,
        0.9845422116527943,
        0.9928656361474435,
        0.9976218787158145,
        0.9988109393579072
      ],
      "nll_a": -1.7675414766303914,
      "u_err": null,
      "chi2_ppc": 0.2600244840886124,
      "chi2_ppc_pvalue": 1.0,
      "map_a_err": 0.007901210337877274,
      "map_u_err": null,
      "label": "n_obs=100",
      "warmup_time_s": 338.3100938796997,
      "sampling_time_s": 126.30530500411987,
      "step_time_s": 0.016593407102993556,
      "spearman_rho_error_std": 0.29407604097276213,
      "spearman_pvalue_error_std": 3.070854410815669e-18,
      "a_err_per_sample": null
    }
  ],
  "laplace": null,
  "map_time_s": null,
  "total_time_s": 482.52062249183655,
  "sweep_value": null,
  "is_sweep_baseline": null
}