{
  "experiment": "sensor_sweep",
  "problem": "darcy_piecewise",
  "experiment_type": "sweep",
  "timestamp": "2026-06-14T16:42:27",
  "seed": 42,
  "test_idx": null,
  "prior": {
    "n_prior": 500,
    "a_err": 0.5136094689369202,
    "crps_a": 1.2639168370986917,
    "coverage_95": 1.0,
    "ci_width": 5.0,
    "mean_std": 2.4941394804185433
  },
  "prior_ood": null,
  "condition": null,
  "conditions": null,
  "sweep_var": "n_obs",
  "baseline": null,
  "sweep_conditions": [
    {
      "sigma": 0.011019115368224076,
      "num_warmup": 15000,
      "num_samples": 5000,
      "num_chains": 4,
      "ess_min": 12875.575496275733,
      "rhat_max": 1.0005770171497055,
      "rhat_mean": 1.0000367657880245,
      "n_div": 0,
      "reliability_flag": "PASS",
      "reliability_explanation": "All diagnostics within thresholds",
      "a_err": 0.8094587326049805,
      "crps_a": 0.8027371546224732,
      "coverage_95": 1.0,
      "ci_width": 5.0,
      "mean_std": 2.1607388451445875,
      "cal_levels": [
        0.1,
        0.19444444444444445,
        0.28888888888888886,
        0.3833333333333333,
        0.47777777777777775,
        0.5722222222222222,
        0.6666666666666666,
        0.7611111111111111,
        0.8555555555555555,
        0.95
      ],
      "cal_empirical": [
        0.8323424494649228,
        0.896551724137931,
        0.9405469678953626,
        0.9607609988109393,
        0.976218787158145,
        0.9809750297265161,
        0.985731272294887,
        0.990487514863258,
        0.995243757431629,
        1.0
      ],
      "nll_a": 0.4942738375209524,
      "u_err": null,
      "chi2_ppc": 1.7003496631276285,
      "chi2_ppc_pvalue": 1.0,
      "map_a_err": 0.38324981927871704,
      "map_u_err": null,
      "label": "n_obs=50",
      "warmup_time_s": 1093.8348195552826,
      "sampling_time_s": 425.3393576145172,
      "step_time_s": 0.018989677214622497,
      "spearman_rho_error_std": 0.7948727778416669,
      "spearman_pvalue_error_std": 3.163955894016435e-184,
      "a_err_per_sample": null
    }
  ],
  "laplace": null,
  "map_time_s": null,
  "total_time_s": 3532.8286457061768,
  "sweep_value": null,
  "is_sweep_baseline": null
}