{
  "experiment": "sensor_sweep",
  "problem": "darcy_continuous",
  "experiment_type": "sweep",
  "timestamp": "2026-06-14T16:17:01",
  "seed": 123,
  "test_idx": null,
  "prior": {
    "n_prior": 500,
    "a_err": 0.259484201669693,
    "crps_a": 0.31065228385335036,
    "coverage_95": 0.9714625445897741,
    "ci_width": 2.1495130922084154,
    "mean_std": 0.5992359166959564
  },
  "prior_ood": null,
  "condition": null,
  "conditions": null,
  "sweep_var": "n_obs",
  "baseline": null,
  "sweep_conditions": [
    {
      "sigma": 0.08,
      "num_warmup": 5000,
      "num_samples": 2000,
      "num_chains": 4,
      "ess_min": 608.0016111309444,
      "rhat_max": 1.0048254391452536,
      "rhat_mean": 1.0021357478828479,
      "n_div": 20,
      "reliability_flag": "PASS",
      "reliability_explanation": "All diagnostics within thresholds",
      "a_err": 0.010030078065421446,
      "crps_a": 0.018358801269165573,
      "coverage_95": 0.9988109393579072,
      "ci_width": 0.26159640322033445,
      "mean_std": 0.06769188883493284,
      "cal_levels": [
        0.1,
        0.19444444444444445,
        0.28888888888888886,
        0.3833333333333333,
        0.47777777777777775,
        0.5722222222222222,
        0.6666666666666666,
        0.7611111111111111,
        0.8555555555555555,
        0.95
      ],
      "cal_empirical": [
        0.28299643281807374,
        0.5624256837098692,
        0.6967895362663495,
        0.8478002378121284,
        0.9595719381688466,
        0.9678953626634959,
        0.9833531510107015,
        0.9916765755053508,
        0.9988109393579072,
        0.9988109393579072
      ],
      "nll_a": -1.8140701606597045,
      "u_err": null,
      "chi2_ppc": 0.676636049022484,
      "chi2_ppc_pvalue": 1.0,
      "map_a_err": 0.01145249605178833,
      "map_u_err": null,
      "label": "n_obs=100",
      "warmup_time_s": 318.39169096946716,
      "sampling_time_s": 112.87229633331299,
      "step_time_s": 0.015402285260813577,
      "spearman_rho_error_std": 0.3749763660579875,
      "spearman_pvalue_error_std": 1.8039792544886065e-29,
      "a_err_per_sample": null
    }
  ],
  "laplace": null,
  "map_time_s": null,
  "total_time_s": 448.62630319595337,
  "sweep_value": null,
  "is_sweep_baseline": null
}