{
  "experiment": "sensor_sweep",
  "problem": "darcy_continuous",
  "experiment_type": "sweep",
  "timestamp": "2026-06-14T16:23:12",
  "seed": 42,
  "test_idx": null,
  "prior": {
    "n_prior": 500,
    "a_err": 0.2782851755619049,
    "crps_a": 0.33523553348381974,
    "coverage_95": 0.9726516052318668,
    "ci_width": 2.150789741377436,
    "mean_std": 0.5866110464851197
  },
  "prior_ood": null,
  "condition": null,
  "conditions": null,
  "sweep_var": "n_obs",
  "baseline": null,
  "sweep_conditions": [
    {
      "sigma": 0.08,
      "num_warmup": 5000,
      "num_samples": 2000,
      "num_chains": 4,
      "ess_min": 21.53698318206201,
      "rhat_max": 1.1513766576324191,
      "rhat_mean": 1.1267934282884178,
      "n_div": 163,
      "reliability_flag": "WARN",
      "reliability_explanation": "ESS_min=21.5 < 50; R-hat_max=1.151 > 1.05; divergences=2.0% > 1%",
      "a_err": 0.08057946629348724,
      "crps_a": 0.10470577614843621,
      "coverage_95": 0.990487514863258,
      "ci_width": 0.8267551594318149,
      "mean_std": 0.22211753463845038,
      "cal_levels": [
        0.1,
        0.19444444444444445,
        0.28888888888888886,
        0.3833333333333333,
        0.47777777777777775,
        0.5722222222222222,
        0.6666666666666666,
        0.7611111111111111,
        0.8555555555555555,
        0.95
      ],
      "cal_empirical": [
        0.06064209274673008,
        0.14387633769322236,
        0.2413793103448276,
        0.3269916765755054,
        0.40665873959571935,
        0.5814506539833532,
        0.7122473246135553,
        0.8763376932223543,
        0.9512485136741974,
        0.990487514863258
      ],
      "nll_a": -0.36556358306300873,
      "u_err": null,
      "chi2_ppc": 0.23147832419719921,
      "chi2_ppc_pvalue": 1.0,
      "map_a_err": 0.08183521032333374,
      "map_u_err": null,
      "label": "n_obs=25",
      "warmup_time_s": 819.0358717441559,
      "sampling_time_s": 314.7292003631592,
      "step_time_s": 0.040491609718118396,
      "spearman_rho_error_std": 0.5248750114487939,
      "spearman_pvalue_error_std": 1.0143675972393308e-60,
      "a_err_per_sample": null
    }
  ],
  "laplace": null,
  "map_time_s": null,
  "total_time_s": 1151.9240055084229,
  "sweep_value": null,
  "is_sweep_baseline": null
}