{
  "experiment": "sensor_sweep",
  "problem": "darcy_continuous",
  "experiment_type": "sweep",
  "timestamp": "2026-06-14T16:26:50",
  "seed": 7,
  "test_idx": null,
  "prior": {
    "n_prior": 500,
    "a_err": 0.2679647207260132,
    "crps_a": 0.32125697217982585,
    "coverage_95": 0.9738406658739596,
    "ci_width": 2.1838220653656473,
    "mean_std": 0.5966345994520127
  },
  "prior_ood": null,
  "condition": null,
  "conditions": null,
  "sweep_var": "n_obs",
  "baseline": null,
  "sweep_conditions": [
    {
      "sigma": 0.08,
      "num_warmup": 5000,
      "num_samples": 2000,
      "num_chains": 4,
      "ess_min": 330.1882858357788,
      "rhat_max": 1.0189316460560511,
      "rhat_mean": 1.0106601788958594,
      "n_div": 38,
      "reliability_flag": "PASS",
      "reliability_explanation": "All diagnostics within thresholds",
      "a_err": 0.02926946214077846,
      "crps_a": 0.04554303133060107,
      "coverage_95": 0.9976218787158145,
      "ci_width": 0.6786321321062387,
      "mean_std": 0.17543580144224877,
      "cal_levels": [
        0.1,
        0.19444444444444445,
        0.28888888888888886,
        0.3833333333333333,
        0.47777777777777775,
        0.5722222222222222,
        0.6666666666666666,
        0.7611111111111111,
        0.8555555555555555,
        0.95
      ],
      "cal_empirical": [
        0.2877526753864447,
        0.4589774078478002,
        0.7098692033293698,
        0.8929845422116528,
        0.9191438763376932,
        0.9369797859690844,
        0.9583828775267539,
        0.9833531510107015,
        0.990487514863258,
        0.9976218787158145
      ],
      "nll_a": -0.8559218808378412,
      "u_err": null,
      "chi2_ppc": 0.3806203339066607,
      "chi2_ppc_pvalue": 1.0,
      "map_a_err": 0.01571003906428814,
      "map_u_err": null,
      "label": "n_obs=25",
      "warmup_time_s": 650.3666346073151,
      "sampling_time_s": 206.6578471660614,
      "step_time_s": 0.030608017206192016,
      "spearman_rho_error_std": 0.3409906969218783,
      "spearman_pvalue_error_std": 2.4180137838012343e-24,
      "a_err_per_sample": null
    }
  ],
  "laplace": null,
  "map_time_s": null,
  "total_time_s": 875.5019364356995,
  "sweep_value": null,
  "is_sweep_baseline": null
}