{
  "experiment": "sensor_sweep",
  "problem": "darcy_piecewise",
  "experiment_type": "sweep",
  "timestamp": "2026-06-14T16:53:42",
  "seed": 7,
  "test_idx": null,
  "prior": {
    "n_prior": 500,
    "a_err": 0.5232526659965515,
    "crps_a": 1.2832970749108206,
    "coverage_95": 1.0,
    "ci_width": 5.0,
    "mean_std": 2.4910889213360643
  },
  "prior_ood": null,
  "condition": null,
  "conditions": null,
  "sweep_var": "n_obs",
  "baseline": null,
  "sweep_conditions": [
    {
      "sigma": 0.008151016692717923,
      "num_warmup": 15000,
      "num_samples": 5000,
      "num_chains": 4,
      "ess_min": 17673.857050260624,
      "rhat_max": 1.000225994038339,
      "rhat_mean": 0.9999599122170194,
      "n_div": 0,
      "reliability_flag": "PASS",
      "reliability_explanation": "All diagnostics within thresholds",
      "a_err": 0.817678689956665,
      "crps_a": 0.7463203461801426,
      "coverage_95": 1.0,
      "ci_width": 5.0,
      "mean_std": 2.046657307860803,
      "cal_levels": [
        0.1,
        0.19444444444444445,
        0.28888888888888886,
        0.3833333333333333,
        0.47777777777777775,
        0.5722222222222222,
        0.6666666666666666,
        0.7611111111111111,
        0.8555555555555555,
        0.95
      ],
      "cal_empirical": [
        0.8406658739595719,
        0.8870392390011891,
        0.9179548156956004,
        0.9334126040428062,
        0.9536266349583828,
        0.9809750297265161,
        0.9869203329369798,
        0.9928656361474435,
        0.9976218787158145,
        1.0
      ],
      "nll_a": 0.46032861364809935,
      "u_err": null,
      "chi2_ppc": 2.3291666294352673,
      "chi2_ppc_pvalue": 1.0,
      "map_a_err": 0.34392473101615906,
      "map_u_err": null,
      "label": "n_obs=50",
      "warmup_time_s": 1556.3657717704773,
      "sampling_time_s": 550.230908870697,
      "step_time_s": 0.02633245850801468,
      "spearman_rho_error_std": 0.814966096226711,
      "spearman_pvalue_error_std": 5.442486612731553e-201,
      "a_err_per_sample": null
    }
  ],
  "laplace": null,
  "map_time_s": null,
  "total_time_s": 3478.3646750450134,
  "sweep_value": null,
  "is_sweep_baseline": null
}