{
  "experiment": "sensor_sweep",
  "problem": "eit",
  "experiment_type": "sweep",
  "timestamp": "2026-06-14T16:33:07",
  "seed": 123,
  "test_idx": null,
  "prior": {
    "n_prior": 500,
    "a_err": 0.3197994530200958,
    "crps_a": 0.7804263034116796,
    "coverage_95": 0.9765625,
    "ci_width": 3.744172258289848,
    "mean_std": 1.065327465804236
  },
  "prior_ood": null,
  "condition": null,
  "conditions": null,
  "sweep_var": "n_obs",
  "baseline": null,
  "sweep_conditions": [
    {
      "sigma": 0.1,
      "num_warmup": 5000,
      "num_samples": 2000,
      "num_chains": 4,
      "ess_min": 2250.75644423934,
      "rhat_max": 1.0004148185493078,
      "rhat_mean": 1.0001725092381981,
      "n_div": 2,
      "reliability_flag": "PASS",
      "reliability_explanation": "All diagnostics within thresholds",
      "a_err": 0.003912682074179965,
      "crps_a": 0.00958090639202567,
      "coverage_95": 0.998046875,
      "ci_width": 0.1046248265197856,
      "mean_std": 0.02665571300261079,
      "cal_levels": [
        0.1,
        0.19444444444444445,
        0.28888888888888886,
        0.3833333333333333,
        0.47777777777777775,
        0.5722222222222222,
        0.6666666666666666,
        0.7611111111111111,
        0.8555555555555555,
        0.95
      ],
      "cal_empirical": [
        0.115234375,
        0.2470703125,
        0.4052734375,
        0.55078125,
        0.701171875,
        0.7802734375,
        0.8564453125,
        0.916015625,
        0.9833984375,
        0.998046875
      ],
      "nll_a": -2.5878702164107734,
      "u_err": null,
      "chi2_ppc": 31.544246958849524,
      "chi2_ppc_pvalue": 0.43904500377859035,
      "map_a_err": 0.047690197825431824,
      "map_u_err": null,
      "label": "n_obs=31",
      "warmup_time_s": 163.14717769622803,
      "sampling_time_s": 43.263760805130005,
      "step_time_s": 0.007371819232191358,
      "spearman_rho_error_std": 0.27764309598741144,
      "spearman_pvalue_error_std": 1.400068771439048e-19,
      "a_err_per_sample": null
    }
  ],
  "laplace": null,
  "map_time_s": null,
  "total_time_s": 988.7327752113342,
  "sweep_value": null,
  "is_sweep_baseline": null
}