{
  "experiment": "sensor_sweep",
  "problem": "eit",
  "experiment_type": "sweep",
  "timestamp": "2026-06-14T16:59:12",
  "seed": 123,
  "test_idx": null,
  "prior": {
    "n_prior": 500,
    "a_err": 0.3197994530200958,
    "crps_a": 0.7804263034116796,
    "coverage_95": 0.9765625,
    "ci_width": 3.744172258289848,
    "mean_std": 1.065327465804236
  },
  "prior_ood": null,
  "condition": null,
  "conditions": null,
  "sweep_var": "n_obs",
  "baseline": null,
  "sweep_conditions": [
    {
      "sigma": 0.2,
      "num_warmup": 5000,
      "num_samples": 2000,
      "num_chains": 4,
      "ess_min": 3287.686764632292,
      "rhat_max": 1.0007066913507061,
      "rhat_mean": 1.0000402485913529,
      "n_div": 10,
      "reliability_flag": "PASS",
      "reliability_explanation": "All diagnostics within thresholds",
      "a_err": 0.004380142849113718,
      "crps_a": 0.010151722146223816,
      "coverage_95": 0.9833984375,
      "ci_width": 0.09507633728985723,
      "mean_std": 0.024276611710196176,
      "cal_levels": [
        0.1,
        0.19444444444444445,
        0.28888888888888886,
        0.3833333333333333,
        0.47777777777777775,
        0.5722222222222222,
        0.6666666666666666,
        0.7611111111111111,
        0.8555555555555555,
        0.95
      ],
      "cal_empirical": [
        0.0869140625,
        0.1884765625,
        0.2958984375,
        0.439453125,
        0.564453125,
        0.6708984375,
        0.7626953125,
        0.8642578125,
        0.9501953125,
        0.9833984375
      ],
      "nll_a": -2.559301863683131,
      "u_err": null,
      "chi2_ppc": 24.72155572981185,
      "chi2_ppc_pvalue": 1.0,
      "map_a_err": 0.05004367604851723,
      "map_u_err": null,
      "label": "n_obs=124",
      "warmup_time_s": 146.55295062065125,
      "sampling_time_s": 26.006467580795288,
      "step_time_s": 0.006162836364337376,
      "spearman_rho_error_std": 0.25873815356555324,
      "spearman_pvalue_error_std": 3.990472667792154e-17,
      "a_err_per_sample": null
    }
  ],
  "laplace": null,
  "map_time_s": null,
  "total_time_s": 973.4855053424835,
  "sweep_value": null,
  "is_sweep_baseline": null
}