{
  "experiment": "sensor_sweep",
  "problem": "eit",
  "experiment_type": "sweep",
  "timestamp": "2026-06-14T17:31:04",
  "seed": 7,
  "test_idx": null,
  "prior": {
    "n_prior": 500,
    "a_err": 0.3371298015117645,
    "crps_a": 0.8399774356052632,
    "coverage_95": 1.0,
    "ci_width": 3.8225653745316777,
    "mean_std": 1.0971457318714988
  },
  "prior_ood": null,
  "condition": null,
  "conditions": null,
  "sweep_var": "n_obs",
  "baseline": null,
  "sweep_conditions": [
    {
      "sigma": 0.1,
      "num_warmup": 5000,
      "num_samples": 2000,
      "num_chains": 4,
      "ess_min": 2373.814727699353,
      "rhat_max": 1.0018869980437979,
      "rhat_mean": 1.0006765822676293,
      "n_div": 2,
      "reliability_flag": "PASS",
      "reliability_explanation": "All diagnostics within thresholds",
      "a_err": 0.003960955048852965,
      "crps_a": 0.009669800662232261,
      "coverage_95": 0.99609375,
      "ci_width": 0.10449000411322926,
      "mean_std": 0.026733288853700833,
      "cal_levels": [
        0.1,
        0.19444444444444445,
        0.28888888888888886,
        0.3833333333333333,
        0.47777777777777775,
        0.5722222222222222,
        0.6666666666666666,
        0.7611111111111111,
        0.8555555555555555,
        0.95
      ],
      "cal_empirical": [
        0.1083984375,
        0.2431640625,
        0.4189453125,
        0.56640625,
        0.69921875,
        0.78515625,
        0.8583984375,
        0.921875,
        0.9814453125,
        0.99609375
      ],
      "nll_a": -2.5852048623811132,
      "u_err": null,
      "chi2_ppc": 31.62823599221232,
      "chi2_ppc_pvalue": 0.4349023791498661,
      "map_a_err": 0.05171506851911545,
      "map_u_err": null,
      "label": "n_obs=31",
      "warmup_time_s": 144.15369987487793,
      "sampling_time_s": 39.92056584358215,
      "step_time_s": 0.006574080918516432,
      "spearman_rho_error_std": 0.2971954125241399,
      "spearman_pvalue_error_std": 2.500514631460236e-22,
      "a_err_per_sample": null
    }
  ],
  "laplace": null,
  "map_time_s": null,
  "total_time_s": 958.9146738052368,
  "sweep_value": null,
  "is_sweep_baseline": null
}