{
  "experiment": "sensor_sweep",
  "problem": "eit",
  "experiment_type": "sweep",
  "timestamp": "2026-06-14T16:14:03",
  "seed": 42,
  "test_idx": null,
  "prior": {
    "n_prior": 500,
    "a_err": 0.3232261538505554,
    "crps_a": 0.7853465598417362,
    "coverage_95": 1.0,
    "ci_width": 3.738673297261709,
    "mean_std": 1.058260611811554
  },
  "prior_ood": null,
  "condition": null,
  "conditions": null,
  "sweep_var": "n_obs",
  "baseline": null,
  "sweep_conditions": [
    {
      "sigma": 0.1,
      "num_warmup": 5000,
      "num_samples": 2000,
      "num_chains": 4,
      "ess_min": 2302.568084178264,
      "rhat_max": 1.0007944985821455,
      "rhat_mean": 1.0001267381070245,
      "n_div": 4,
      "reliability_flag": "PASS",
      "reliability_explanation": "All diagnostics within thresholds",
      "a_err": 0.0039905323678080026,
      "crps_a": 0.009674497541660512,
      "coverage_95": 0.998046875,
      "ci_width": 0.10467501306127397,
      "mean_std": 0.026733475935790597,
      "cal_levels": [
        0.1,
        0.19444444444444445,
        0.28888888888888886,
        0.3833333333333333,
        0.47777777777777775,
        0.5722222222222222,
        0.6666666666666666,
        0.7611111111111111,
        0.8555555555555555,
        0.95
      ],
      "cal_empirical": [
        0.115234375,
        0.236328125,
        0.4091796875,
        0.564453125,
        0.6962890625,
        0.7880859375,
        0.859375,
        0.9189453125,
        0.984375,
        0.998046875
      ],
      "nll_a": -2.5836563762612244,
      "u_err": null,
      "chi2_ppc": 31.29205435476601,
      "chi2_ppc_pvalue": 0.45156692335240756,
      "map_a_err": 0.05064849182963371,
      "map_u_err": null,
      "label": "n_obs=31",
      "warmup_time_s": 145.2417185306549,
      "sampling_time_s": 39.970794439315796,
      "step_time_s": 0.006614732606070382,
      "spearman_rho_error_std": 0.30519837189757526,
      "spearman_pvalue_error_std": 1.6220974572903124e-23,
      "a_err_per_sample": null
    }
  ],
  "laplace": null,
  "map_time_s": null,
  "total_time_s": 984.2032153606415,
  "sweep_value": null,
  "is_sweep_baseline": null
}