{
  "experiment": "sensor_sweep",
  "problem": "eit",
  "experiment_type": "sweep",
  "timestamp": "2026-06-14T16:26:22",
  "seed": 42,
  "test_idx": null,
  "prior": {
    "n_prior": 500,
    "a_err": 0.3232261538505554,
    "crps_a": 0.7853465598417362,
    "coverage_95": 1.0,
    "ci_width": 3.738673297261709,
    "mean_std": 1.058260611811554
  },
  "prior_ood": null,
  "condition": null,
  "conditions": null,
  "sweep_var": "n_obs",
  "baseline": null,
  "sweep_conditions": [
    {
      "sigma": 0.2,
      "num_warmup": 5000,
      "num_samples": 2000,
      "num_chains": 4,
      "ess_min": 3218.8136883038474,
      "rhat_max": 1.0015488309826364,
      "rhat_mean": 1.0008012340911379,
      "n_div": 5,
      "reliability_flag": "PASS",
      "reliability_explanation": "All diagnostics within thresholds",
      "a_err": 0.004422698752408578,
      "crps_a": 0.01026865667770526,
      "coverage_95": 0.98046875,
      "ci_width": 0.09715095052179432,
      "mean_std": 0.024717180303631677,
      "cal_levels": [
        0.1,
        0.19444444444444445,
        0.28888888888888886,
        0.3833333333333333,
        0.47777777777777775,
        0.5722222222222222,
        0.6666666666666666,
        0.7611111111111111,
        0.8555555555555555,
        0.95
      ],
      "cal_empirical": [
        0.087890625,
        0.1875,
        0.3017578125,
        0.443359375,
        0.56640625,
        0.6806640625,
        0.779296875,
        0.87890625,
        0.9501953125,
        0.98046875
      ],
      "nll_a": -2.549643582276509,
      "u_err": null,
      "chi2_ppc": 24.978079333187218,
      "chi2_ppc_pvalue": 1.0,
      "map_a_err": 0.05318228155374527,
      "map_u_err": null,
      "label": "n_obs=124",
      "warmup_time_s": 134.64399600028992,
      "sampling_time_s": 36.03677988052368,
      "step_time_s": 0.006095741995743343,
      "spearman_rho_error_std": 0.2651133793183606,
      "spearman_pvalue_error_std": 6.237050030183737e-18,
      "a_err_per_sample": null
    }
  ],
  "laplace": null,
  "map_time_s": null,
  "total_time_s": 1002.8259418010712,
  "sweep_value": null,
  "is_sweep_baseline": null
}