{
  "experiment": "sensor_sweep",
  "problem": "eit",
  "experiment_type": "sweep",
  "timestamp": "2026-06-14T17:32:21",
  "seed": 7,
  "test_idx": null,
  "prior": {
    "n_prior": 500,
    "a_err": 0.3371298015117645,
    "crps_a": 0.8399774356052632,
    "coverage_95": 1.0,
    "ci_width": 3.8225653745316777,
    "mean_std": 1.0971457318714988
  },
  "prior_ood": null,
  "condition": null,
  "conditions": null,
  "sweep_var": "n_obs",
  "baseline": null,
  "sweep_conditions": [
    {
      "sigma": 0.3,
      "num_warmup": 5000,
      "num_samples": 2000,
      "num_chains": 4,
      "ess_min": 2212.2725340932025,
      "rhat_max": 1.0035945099156718,
      "rhat_mean": 1.001715865640807,
      "n_div": 2,
      "reliability_flag": "PASS",
      "reliability_explanation": "All diagnostics within thresholds",
      "a_err": 0.006011662579909002,
      "crps_a": 0.013473700017111675,
      "coverage_95": 0.9931640625,
      "ci_width": 0.12920689129018093,
      "mean_std": 0.03288346479446799,
      "cal_levels": [
        0.1,
        0.19444444444444445,
        0.28888888888888886,
        0.3833333333333333,
        0.47777777777777775,
        0.5722222222222222,
        0.6666666666666666,
        0.7611111111111111,
        0.8555555555555555,
        0.95
      ],
      "cal_empirical": [
        0.10546875,
        0.2109375,
        0.294921875,
        0.4072265625,
        0.5361328125,
        0.677734375,
        0.8017578125,
        0.8818359375,
        0.955078125,
        0.9931640625
      ],
      "nll_a": -2.3021296549199866,
      "u_err": null,
      "chi2_ppc": 11.450825097575049,
      "chi2_ppc_pvalue": 1.0,
      "map_a_err": 0.05458252504467964,
      "map_u_err": null,
      "label": "n_obs=124",
      "warmup_time_s": 118.40317630767822,
      "sampling_time_s": 39.709157943725586,
      "step_time_s": 0.005646869080407279,
      "spearman_rho_error_std": 0.3133601181961233,
      "spearman_pvalue_error_std": 9.11840757424401e-25,
      "a_err_per_sample": null
    }
  ],
  "laplace": null,
  "map_time_s": null,
  "total_time_s": 979.9244661331177,
  "sweep_value": null,
  "is_sweep_baseline": null
}