{
  "experiment": "sensor_sweep",
  "problem": "eit",
  "experiment_type": "sweep",
  "timestamp": "2026-06-14T16:53:58",
  "seed": 123,
  "test_idx": null,
  "prior": {
    "n_prior": 500,
    "a_err": 0.3197994530200958,
    "crps_a": 0.7804263034116796,
    "coverage_95": 0.9765625,
    "ci_width": 3.744172258289848,
    "mean_std": 1.065327465804236
  },
  "prior_ood": null,
  "condition": null,
  "conditions": null,
  "sweep_var": "n_obs",
  "baseline": null,
  "sweep_conditions": [
    {
      "sigma": 0.1,
      "num_warmup": 5000,
      "num_samples": 2000,
      "num_chains": 4,
      "ess_min": 4181.860943957621,
      "rhat_max": 1.0002339508368487,
      "rhat_mean": 1.0000062892583559,
      "n_div": 0,
      "reliability_flag": "PASS",
      "reliability_explanation": "All diagnostics within thresholds",
      "a_err": 0.005801782751813297,
      "crps_a": 0.012163178137709969,
      "coverage_95": 0.9638671875,
      "ci_width": 0.07654804539244256,
      "mean_std": 0.01954362732037056,
      "cal_levels": [
        0.1,
        0.19444444444444445,
        0.28888888888888886,
        0.3833333333333333,
        0.47777777777777775,
        0.5722222222222222,
        0.6666666666666666,
        0.7611111111111111,
        0.8555555555555555,
        0.95
      ],
      "cal_empirical": [
        0.060546875,
        0.109375,
        0.177734375,
        0.25390625,
        0.337890625,
        0.4189453125,
        0.5263671875,
        0.66796875,
        0.83203125,
        0.9638671875
      ],
      "nll_a": -2.520388317570446,
      "u_err": null,
      "chi2_ppc": 48.37600995565905,
      "chi2_ppc_pvalue": 0.8971710288375085,
      "map_a_err": 0.04944898933172226,
      "map_u_err": null,
      "label": "n_obs=62",
      "warmup_time_s": 196.26744532585144,
      "sampling_time_s": 38.46957087516785,
      "step_time_s": 0.008383464864322118,
      "spearman_rho_error_std": 0.5149490603318789,
      "spearman_pvalue_error_std": 2.0179295886126038e-70,
      "a_err_per_sample": null
    }
  ],
  "laplace": null,
  "map_time_s": null,
  "total_time_s": 1080.008343219757,
  "sweep_value": null,
  "is_sweep_baseline": null
}