{
  "experiment": "sensor_sweep",
  "problem": "eit",
  "experiment_type": "sweep",
  "timestamp": "2026-06-14T16:16:07",
  "seed": 42,
  "test_idx": null,
  "prior": {
    "n_prior": 500,
    "a_err": 0.3232261538505554,
    "crps_a": 0.7853465598417362,
    "coverage_95": 1.0,
    "ci_width": 3.738673297261709,
    "mean_std": 1.058260611811554
  },
  "prior_ood": null,
  "condition": null,
  "conditions": null,
  "sweep_var": "n_obs",
  "baseline": null,
  "sweep_conditions": [
    {
      "sigma": 0.1,
      "num_warmup": 5000,
      "num_samples": 2000,
      "num_chains": 4,
      "ess_min": 4235.555201364198,
      "rhat_max": 1.0010015646065467,
      "rhat_mean": 1.00074148061278,
      "n_div": 0,
      "reliability_flag": "PASS",
      "reliability_explanation": "All diagnostics within thresholds",
      "a_err": 0.005655056841110486,
      "crps_a": 0.011872874733669755,
      "coverage_95": 0.96484375,
      "ci_width": 0.07608703850024093,
      "mean_std": 0.019405754907778183,
      "cal_levels": [
        0.1,
        0.19444444444444445,
        0.28888888888888886,
        0.3833333333333333,
        0.47777777777777775,
        0.5722222222222222,
        0.6666666666666666,
        0.7611111111111111,
        0.8555555555555555,
        0.95
      ],
      "cal_empirical": [
        0.0546875,
        0.1171875,
        0.1875,
        0.267578125,
        0.34375,
        0.4375,
        0.5439453125,
        0.681640625,
        0.8330078125,
        0.96484375
      ],
      "nll_a": -2.537634594674428,
      "u_err": null,
      "chi2_ppc": 48.404587541492596,
      "chi2_ppc_pvalue": 0.8966273219199113,
      "map_a_err": 0.052427154034376144,
      "map_u_err": null,
      "label": "n_obs=62",
      "warmup_time_s": 171.28900527954102,
      "sampling_time_s": 39.4622859954834,
      "step_time_s": 0.007526831831250872,
      "spearman_rho_error_std": 0.49417406882554893,
      "spearman_pvalue_error_std": 3.67699535193864e-64,
      "a_err_per_sample": null
    }
  ],
  "laplace": null,
  "map_time_s": null,
  "total_time_s": 1050.758404493332,
  "sweep_value": null,
  "is_sweep_baseline": null
}