{
  "experiment": "sensor_sweep",
  "problem": "eit",
  "experiment_type": "sweep",
  "timestamp": "2026-06-14T17:33:42",
  "seed": 7,
  "test_idx": null,
  "prior": {
    "n_prior": 500,
    "a_err": 0.3371298015117645,
    "crps_a": 0.8399774356052632,
    "coverage_95": 1.0,
    "ci_width": 3.8225653745316777,
    "mean_std": 1.0971457318714988
  },
  "prior_ood": null,
  "condition": null,
  "conditions": null,
  "sweep_var": "n_obs",
  "baseline": null,
  "sweep_conditions": [
    {
      "sigma": 0.1,
      "num_warmup": 5000,
      "num_samples": 2000,
      "num_chains": 4,
      "ess_min": 4836.843451445997,
      "rhat_max": 1.0014895629012976,
      "rhat_mean": 1.0005400829277564,
      "n_div": 0,
      "reliability_flag": "PASS",
      "reliability_explanation": "All diagnostics within thresholds",
      "a_err": 0.0056764074038409525,
      "crps_a": 0.01190051863680051,
      "coverage_95": 0.9638671875,
      "ci_width": 0.07596483143472307,
      "mean_std": 0.019391459429803273,
      "cal_levels": [
        0.1,
        0.19444444444444445,
        0.28888888888888886,
        0.3833333333333333,
        0.47777777777777775,
        0.5722222222222222,
        0.6666666666666666,
        0.7611111111111111,
        0.8555555555555555,
        0.95
      ],
      "cal_empirical": [
        0.0556640625,
        0.1142578125,
        0.1865234375,
        0.2646484375,
        0.337890625,
        0.427734375,
        0.541015625,
        0.677734375,
        0.8408203125,
        0.9638671875
      ],
      "nll_a": -2.5377248427529415,
      "u_err": null,
      "chi2_ppc": 48.5509394646047,
      "chi2_ppc_pvalue": 0.8938136484411305,
      "map_a_err": 0.05378483608365059,
      "map_u_err": null,
      "label": "n_obs=62",
      "warmup_time_s": 205.58003401756287,
      "sampling_time_s": 42.60130023956299,
      "step_time_s": 0.008863619080611637,
      "spearman_rho_error_std": 0.5024326541377583,
      "spearman_pvalue_error_std": 1.3438219169020524e-66,
      "a_err_per_sample": null
    }
  ],
  "laplace": null,
  "map_time_s": null,
  "total_time_s": 1117.3881962299347,
  "sweep_value": null,
  "is_sweep_baseline": null
}