{
  "experiment": "map_laplace",
  "problem": "burgers",
  "experiment_type": "single",
  "timestamp": "2026-06-12T04:39:01",
  "seed": 42,
  "test_idx": 2,
  "prior": null,
  "prior_ood": null,
  "condition": null,
  "conditions": null,
  "sweep_var": null,
  "baseline": null,
  "sweep_conditions": null,
  "laplace": {
    "n_samples": 8000,
    "map_max_iter": 1000,
    "hessian_reg_lambda": 0.0001,
    "neg_log_posterior_at_map": 0.16536612504165324,
    "grad_norm_at_map": 0.5714827517650367,
    "map_converged": true,
    "hessian_min_eigenvalue": 38.733395207284424,
    "hessian_condition_number": 22557.09638001601,
    "n_negative_eigenvalues": 0,
    "fraction_clipped": 0.0,
    "a_err": 0.12418527901172638,
    "crps_a": 0.00934275593916185,
    "coverage_95": 0.9921875,
    "ci_width": 0.11494985068252885,
    "mean_std": 0.03100917652296475,
    "cal_levels": [
      0.1,
      0.19444444444444445,
      0.28888888888888886,
      0.3833333333333333,
      0.47777777777777775,
      0.5722222222222222,
      0.6666666666666666,
      0.7611111111111111,
      0.8555555555555555,
      0.95
    ],
    "cal_empirical": [
      0.2890625,
      0.4609375,
      0.6875,
      0.8046875,
      0.8984375,
      0.9453125,
      0.9609375,
      0.9765625,
      0.9921875,
      0.9921875
    ],
    "sigma": null,
    "nll_a": -2.8317303096601965,
    "u_err": 0.02546471543610096,
    "chi2_ppc": null,
    "chi2_ppc_pvalue": null,
    "map_a_err": 0.11117232590913773,
    "map_u_err": 0.017100604251027107,
    "label": "",
    "map_time_s": 9.142817258834839,
    "hessian_time_s": 3.278034210205078,
    "sampling_time_s": 0.6725027561187744,
    "spearman_rho_error_std": 0.1308997894158579,
    "spearman_pvalue_error_std": 0.14081063684710524
  },
  "map_time_s": null,
  "total_time_s": null,
  "sweep_value": null,
  "is_sweep_baseline": null
}