{
  "experiment": "map_laplace",
  "problem": "burgers",
  "experiment_type": "single",
  "timestamp": "2026-06-12T04:40:38",
  "seed": 7,
  "test_idx": 0,
  "prior": null,
  "prior_ood": null,
  "condition": null,
  "conditions": null,
  "sweep_var": null,
  "baseline": null,
  "sweep_conditions": null,
  "laplace": {
    "n_samples": 8000,
    "map_max_iter": 1000,
    "hessian_reg_lambda": 0.0001,
    "neg_log_posterior_at_map": 0.17504721015301933,
    "grad_norm_at_map": 2.630228950939845,
    "map_converged": true,
    "hessian_min_eigenvalue": 68.28272350619788,
    "hessian_condition_number": 15039.704644830495,
    "n_negative_eigenvalues": 0,
    "fraction_clipped": 0.0,
    "a_err": 0.0779084712266922,
    "crps_a": 0.008804921429969168,
    "coverage_95": 0.9921875,
    "ci_width": 0.12053751751435907,
    "mean_std": 0.031854501008234906,
    "cal_levels": [
      0.1,
      0.19444444444444445,
      0.28888888888888886,
      0.3833333333333333,
      0.47777777777777775,
      0.5722222222222222,
      0.6666666666666666,
      0.7611111111111111,
      0.8555555555555555,
      0.95
    ],
    "cal_empirical": [
      0.296875,
      0.53125,
      0.8125,
      0.921875,
      0.953125,
      0.9765625,
      0.9921875,
      0.9921875,
      0.9921875,
      0.9921875
    ],
    "sigma": null,
    "nll_a": -2.8732276434561888,
    "u_err": 0.035271260887384415,
    "chi2_ppc": null,
    "chi2_ppc_pvalue": null,
    "map_a_err": 0.09652155637741089,
    "map_u_err": 0.021712148562073708,
    "label": "",
    "map_time_s": 9.291885375976562,
    "hessian_time_s": 3.322007656097412,
    "sampling_time_s": 0.7024710178375244,
    "spearman_rho_error_std": 0.3282136971250686,
    "spearman_pvalue_error_std": 0.00015543910069564318
  },
  "map_time_s": null,
  "total_time_s": null,
  "sweep_value": null,
  "is_sweep_baseline": null
}