{
  "experiment": "map_laplace",
  "problem": "burgers",
  "experiment_type": "single",
  "timestamp": "2026-06-12T04:40:45",
  "seed": 7,
  "test_idx": 1,
  "prior": null,
  "prior_ood": null,
  "condition": null,
  "conditions": null,
  "sweep_var": null,
  "baseline": null,
  "sweep_conditions": null,
  "laplace": {
    "n_samples": 8000,
    "map_max_iter": 1000,
    "hessian_reg_lambda": 0.0001,
    "neg_log_posterior_at_map": 0.2793464137966068,
    "grad_norm_at_map": 1.4451348003382518,
    "map_converged": true,
    "hessian_min_eigenvalue": 55.92060469384871,
    "hessian_condition_number": 3611.420662913351,
    "n_negative_eigenvalues": 0,
    "fraction_clipped": 0.0,
    "a_err": 0.09558183699846268,
    "crps_a": 0.014546561927827183,
    "coverage_95": 0.9921875,
    "ci_width": 0.1615203369613893,
    "mean_std": 0.04251771677416662,
    "cal_levels": [
      0.1,
      0.19444444444444445,
      0.28888888888888886,
      0.3833333333333333,
      0.47777777777777775,
      0.5722222222222222,
      0.6666666666666666,
      0.7611111111111111,
      0.8555555555555555,
      0.95
    ],
    "cal_empirical": [
      0.2578125,
      0.40625,
      0.6015625,
      0.6328125,
      0.7265625,
      0.8515625,
      0.9375,
      0.96875,
      0.9921875,
      0.9921875
    ],
    "sigma": null,
    "nll_a": -2.434600274222333,
    "u_err": 0.04332530498504639,
    "chi2_ppc": null,
    "chi2_ppc_pvalue": null,
    "map_a_err": 0.08995985984802246,
    "map_u_err": 0.02084016427397728,
    "label": "",
    "map_time_s": 9.394134759902954,
    "hessian_time_s": 3.217142105102539,
    "sampling_time_s": 0.6516406536102295,
    "spearman_rho_error_std": 0.22786577549899287,
    "spearman_pvalue_error_std": 0.00968600270840448
  },
  "map_time_s": null,
  "total_time_s": null,
  "sweep_value": null,
  "is_sweep_baseline": null
}