{
  "experiment": "map_laplace",
  "problem": "burgers",
  "experiment_type": "single",
  "timestamp": "2026-06-12T04:38:02",
  "seed": 42,
  "test_idx": 0,
  "prior": null,
  "prior_ood": null,
  "condition": null,
  "conditions": null,
  "sweep_var": null,
  "baseline": null,
  "sweep_conditions": null,
  "laplace": {
    "n_samples": 8000,
    "map_max_iter": 1000,
    "hessian_reg_lambda": 0.0001,
    "neg_log_posterior_at_map": 0.19510758392424102,
    "grad_norm_at_map": 0.6654539451677546,
    "map_converged": true,
    "hessian_min_eigenvalue": 37.03336163983503,
    "hessian_condition_number": 19863.184926060745,
    "n_negative_eigenvalues": 0,
    "fraction_clipped": 0.0,
    "a_err": 0.07798419147729874,
    "crps_a": 0.008279560301726168,
    "coverage_95": 0.9921875,
    "ci_width": 0.1074920042976192,
    "mean_std": 0.02874358968314251,
    "cal_levels": [
      0.1,
      0.19444444444444445,
      0.28888888888888886,
      0.3833333333333333,
      0.47777777777777775,
      0.5722222222222222,
      0.6666666666666666,
      0.7611111111111111,
      0.8555555555555555,
      0.95
    ],
    "cal_empirical": [
      0.265625,
      0.5625,
      0.7109375,
      0.8515625,
      0.9453125,
      0.96875,
      0.9765625,
      0.984375,
      0.9921875,
      0.9921875
    ],
    "sigma": null,
    "nll_a": -2.904008194951686,
    "u_err": 0.04017825797200203,
    "chi2_ppc": null,
    "chi2_ppc_pvalue": null,
    "map_a_err": 0.09054404497146606,
    "map_u_err": 0.019204935058951378,
    "label": "",
    "map_time_s": 9.260227680206299,
    "hessian_time_s": 3.4013664722442627,
    "sampling_time_s": 0.712968111038208,
    "spearman_rho_error_std": 0.2747150247207471,
    "spearman_pvalue_error_std": 0.0017001028707934079
  },
  "map_time_s": null,
  "total_time_s": null,
  "sweep_value": null,
  "is_sweep_baseline": null
}