{
  "experiment": "map_laplace",
  "problem": "burgers",
  "experiment_type": "single",
  "timestamp": "2026-06-12T04:39:53",
  "seed": 123,
  "test_idx": 1,
  "prior": null,
  "prior_ood": null,
  "condition": null,
  "conditions": null,
  "sweep_var": null,
  "baseline": null,
  "sweep_conditions": null,
  "laplace": {
    "n_samples": 8000,
    "map_max_iter": 1000,
    "hessian_reg_lambda": 0.0001,
    "neg_log_posterior_at_map": 0.283937237984518,
    "grad_norm_at_map": 2.1230576154242877,
    "map_converged": true,
    "hessian_min_eigenvalue": 21.229233697175257,
    "hessian_condition_number": 8255.663357947551,
    "n_negative_eigenvalues": 0,
    "fraction_clipped": 0.0,
    "a_err": 0.10547661036252975,
    "crps_a": 0.017381090441910364,
    "coverage_95": 0.9921875,
    "ci_width": 0.19686760470276068,
    "mean_std": 0.052073418177367846,
    "cal_levels": [
      0.1,
      0.19444444444444445,
      0.28888888888888886,
      0.3833333333333333,
      0.47777777777777775,
      0.5722222222222222,
      0.6666666666666666,
      0.7611111111111111,
      0.8555555555555555,
      0.95
    ],
    "cal_empirical": [
      0.3125,
      0.5625,
      0.59375,
      0.7109375,
      0.765625,
      0.8359375,
      0.875,
      0.921875,
      0.9921875,
      0.9921875
    ],
    "sigma": null,
    "nll_a": -2.2685287855198935,
    "u_err": 0.06090446934103966,
    "chi2_ppc": null,
    "chi2_ppc_pvalue": null,
    "map_a_err": 0.10033933818340302,
    "map_u_err": 0.023062333464622498,
    "label": "",
    "map_time_s": 9.239073276519775,
    "hessian_time_s": 3.3000452518463135,
    "sampling_time_s": 0.6583700180053711,
    "spearman_rho_error_std": 0.1577778795092474,
    "spearman_pvalue_error_std": 0.07528889820138857
  },
  "map_time_s": null,
  "total_time_s": null,
  "sweep_value": null,
  "is_sweep_baseline": null
}