{
  "experiment": "map_laplace",
  "problem": "burgers",
  "experiment_type": "single",
  "timestamp": "2026-06-12T04:39:46",
  "seed": 123,
  "test_idx": 0,
  "prior": null,
  "prior_ood": null,
  "condition": null,
  "conditions": null,
  "sweep_var": null,
  "baseline": null,
  "sweep_conditions": null,
  "laplace": {
    "n_samples": 8000,
    "map_max_iter": 1000,
    "hessian_reg_lambda": 0.0001,
    "neg_log_posterior_at_map": 0.21135815180470136,
    "grad_norm_at_map": 1.154793611303704,
    "map_converged": true,
    "hessian_min_eigenvalue": 12.621724578089626,
    "hessian_condition_number": 71610.18871338839,
    "n_negative_eigenvalues": 0,
    "fraction_clipped": 0.0,
    "a_err": 0.1170329600572586,
    "crps_a": 0.011713217634344797,
    "coverage_95": 0.9921875,
    "ci_width": 0.1397197000154204,
    "mean_std": 0.03813839672445332,
    "cal_levels": [
      0.1,
      0.19444444444444445,
      0.28888888888888886,
      0.3833333333333333,
      0.47777777777777775,
      0.5722222222222222,
      0.6666666666666666,
      0.7611111111111111,
      0.8555555555555555,
      0.95
    ],
    "cal_empirical": [
      0.2734375,
      0.4296875,
      0.59375,
      0.765625,
      0.8515625,
      0.890625,
      0.9453125,
      0.9609375,
      0.9765625,
      0.9921875
    ],
    "sigma": null,
    "nll_a": -2.675689393359766,
    "u_err": 0.0470394529402256,
    "chi2_ppc": null,
    "chi2_ppc_pvalue": null,
    "map_a_err": 0.11912813037633896,
    "map_u_err": 0.02567238360643387,
    "label": "",
    "map_time_s": 9.215518951416016,
    "hessian_time_s": 3.343374490737915,
    "sampling_time_s": 0.7013366222381592,
    "spearman_rho_error_std": 0.25833180736128913,
    "spearman_pvalue_error_std": 0.0032382775580697305
  },
  "map_time_s": null,
  "total_time_s": null,
  "sweep_value": null,
  "is_sweep_baseline": null
}