{
  "experiment": "map_laplace",
  "problem": "burgers",
  "experiment_type": "single",
  "timestamp": "2026-06-12T04:41:26",
  "seed": 7,
  "test_idx": 2,
  "prior": null,
  "prior_ood": null,
  "condition": null,
  "conditions": null,
  "sweep_var": null,
  "baseline": null,
  "sweep_conditions": null,
  "laplace": {
    "n_samples": 8000,
    "map_max_iter": 1000,
    "hessian_reg_lambda": 0.0001,
    "neg_log_posterior_at_map": 0.14370505663871297,
    "grad_norm_at_map": 3.1807382761485576,
    "map_converged": true,
    "hessian_min_eigenvalue": 28.068896377013534,
    "hessian_condition_number": 40570.60916452751,
    "n_negative_eigenvalues": 0,
    "fraction_clipped": 0.0,
    "a_err": 0.14719857275485992,
    "crps_a": 0.01109056966323599,
    "coverage_95": 0.9921875,
    "ci_width": 0.13517237241470517,
    "mean_std": 0.03658710663774397,
    "cal_levels": [
      0.1,
      0.19444444444444445,
      0.28888888888888886,
      0.3833333333333333,
      0.47777777777777775,
      0.5722222222222222,
      0.6666666666666666,
      0.7611111111111111,
      0.8555555555555555,
      0.95
    ],
    "cal_empirical": [
      0.234375,
      0.5078125,
      0.71875,
      0.7734375,
      0.859375,
      0.921875,
      0.9609375,
      0.9609375,
      0.96875,
      0.9921875
    ],
    "sigma": null,
    "nll_a": -2.6973987827656427,
    "u_err": 0.038921039551496506,
    "chi2_ppc": null,
    "chi2_ppc_pvalue": null,
    "map_a_err": 0.12591129541397095,
    "map_u_err": 0.01989118754863739,
    "label": "",
    "map_time_s": 9.043622493743896,
    "hessian_time_s": 3.2092151641845703,
    "sampling_time_s": 0.6744651794433594,
    "spearman_rho_error_std": 0.2710126350485259,
    "spearman_pvalue_error_std": 0.001973438123223727
  },
  "map_time_s": null,
  "total_time_s": null,
  "sweep_value": null,
  "is_sweep_baseline": null
}