{
  "experiment": "map_laplace",
  "problem": "burgers",
  "generated_at": "2026-06-18T12:17:10",
  "total_runs": 9,
  "valid_runs": 8,
  "failed_runs": 1,
  "failed_details": [
    {
      "seed": 123,
      "test_idx": 2,
      "n_negative_eigenvalues": 1
    }
  ],
  "per_instance": {
    "0": {
      "n_seeds": 3,
      "seeds": [
        7,
        42,
        123
      ],
      "metric_summaries": {
        "a_err": {
          "mean": 0.09097520758708318,
          "std": 0.02256670736365383,
          "min": 0.0779084712266922,
          "max": 0.1170329600572586,
          "n": 3,
          "values": [
            0.0779084712266922,
            0.07798419147729874,
            0.1170329600572586
          ]
        },
        "u_err": {
          "mean": 0.040829657266537346,
          "std": 0.005911076621803295,
          "min": 0.035271260887384415,
          "max": 0.0470394529402256,
          "n": 3,
          "values": [
            0.035271260887384415,
            0.04017825797200203,
            0.0470394529402256
          ]
        },
        "crps_a": {
          "mean": 0.009599233122013377,
          "std": 0.0018495131704181023,
          "min": 0.008279560301726168,
          "max": 0.011713217634344797,
          "n": 3,
          "values": [
            0.008804921429969168,
            0.008279560301726168,
            0.011713217634344797
          ]
        },
        "coverage_95": {
          "mean": 0.9921875,
          "std": 0.0,
          "min": 0.9921875,
          "max": 0.9921875,
          "n": 3,
          "values": [
            0.9921875,
            0.9921875,
            0.9921875
          ]
        },
        "ci_width": {
          "mean": 0.12258307394246622,
          "std": 0.016210932072068626,
          "min": 0.1074920042976192,
          "max": 0.1397197000154204,
          "n": 3,
          "values": [
            0.12053751751435907,
            0.1074920042976192,
            0.1397197000154204
          ]
        },
        "mean_std": {
          "mean": 0.03291216247194358,
          "std": 0.004785873552939586,
          "min": 0.02874358968314251,
          "max": 0.03813839672445332,
          "n": 3,
          "values": [
            0.031854501008234906,
            0.02874358968314251,
            0.03813839672445332
          ]
        },
        "nll_a": {
          "mean": -2.8176417439225467,
          "std": 0.12389395853033251,
          "min": -2.904008194951686,
          "max": -2.675689393359766,
          "n": 3,
          "values": [
            -2.8732276434561888,
            -2.904008194951686,
            -2.675689393359766
          ]
        },
        "map_a_err": {
          "mean": 0.10206457724173863,
          "std": 0.015076680497876395,
          "min": 0.09054404497146606,
          "max": 0.11912813037633896,
          "n": 3,
          "values": [
            0.09652155637741089,
            0.09054404497146606,
            0.11912813037633896
          ]
        },
        "map_u_err": {
          "mean": 0.022196489075819652,
          "std": 0.0032608146188529497,
          "min": 0.019204935058951378,
          "max": 0.02567238360643387,
          "n": 3,
          "values": [
            0.021712148562073708,
            0.019204935058951378,
            0.02567238360643387
          ]
        },
        "spearman_rho_error_std": {
          "mean": 0.2870868430690349,
          "std": 0.0365467651943579,
          "min": 0.25833180736128913,
          "max": 0.3282136971250686,
          "n": 3,
          "values": [
            0.3282136971250686,
            0.2747150247207471,
            0.25833180736128913
          ]
        },
        "spearman_pvalue_error_std": {
          "mean": 0.0016979398431862605,
          "std": 0.0015414203669286593,
          "min": 0.00015543910069564318,
          "max": 0.0032382775580697305,
          "n": 3,
          "values": [
            0.00015543910069564318,
            0.0017001028707934079,
            0.0032382775580697305
          ]
        }
      }
    },
    "1": {
      "n_seeds": 3,
      "seeds": [
        7,
        42,
        123
      ],
      "metric_summaries": {
        "a_err": {
          "mean": 0.09642682721217473,
          "std": 0.00865826803301056,
          "min": 0.08822203427553177,
          "max": 0.10547661036252975,
          "n": 3,
          "values": [
            0.09558183699846268,
            0.08822203427553177,
            0.10547661036252975
          ]
        },
        "u_err": {
          "mean": 0.054627434660991035,
          "std": 0.009807927388194231,
          "min": 0.04332530498504639,
          "max": 0.06090446934103966,
          "n": 3,
          "values": [
            0.04332530498504639,
            0.059652529656887054,
            0.06090446934103966
          ]
        },
        "crps_a": {
          "mean": 0.01564887980484433,
          "std": 0.0015186216254087631,
          "min": 0.014546561927827183,
          "max": 0.017381090441910364,
          "n": 3,
          "values": [
            0.014546561927827183,
            0.015018987044795446,
            0.017381090441910364
          ]
        },
        "coverage_95": {
          "mean": 0.9921875,
          "std": 0.0,
          "min": 0.9921875,
          "max": 0.9921875,
          "n": 3,
          "values": [
            0.9921875,
            0.9921875,
            0.9921875
          ]
        },
        "ci_width": {
          "mean": 0.17868320376058258,
          "std": 0.0176957617298327,
          "min": 0.1615203369613893,
          "max": 0.19686760470276068,
          "n": 3,
          "values": [
            0.1615203369613893,
            0.17766166961759777,
            0.19686760470276068
          ]
        },
        "mean_std": {
          "mean": 0.04715127084533502,
          "std": 0.004784383124233233,
          "min": 0.04251771677416662,
          "max": 0.052073418177367846,
          "n": 3,
          "values": [
            0.04251771677416662,
            0.0468626775844706,
            0.052073418177367846
          ]
        },
        "nll_a": {
          "mean": -2.3443604760060657,
          "std": 0.08396802972698979,
          "min": -2.434600274222333,
          "max": -2.2685287855198935,
          "n": 3,
          "values": [
            -2.434600274222333,
            -2.3299523682759706,
            -2.2685287855198935
          ]
        },
        "map_a_err": {
          "mean": 0.08539381623268127,
          "std": 0.017676517919481143,
          "min": 0.06588225066661835,
          "max": 0.10033933818340302,
          "n": 3,
          "values": [
            0.08995985984802246,
            0.06588225066661835,
            0.10033933818340302
          ]
        },
        "map_u_err": {
          "mean": 0.019299985220034916,
          "std": 0.004724627582329072,
          "min": 0.013997457921504974,
          "max": 0.023062333464622498,
          "n": 3,
          "values": [
            0.02084016427397728,
            0.013997457921504974,
            0.023062333464622498
          ]
        },
        "spearman_rho_error_std": {
          "mean": 0.1354281114569981,
          "std": 0.10540490603458817,
          "min": 0.020640679362754072,
          "max": 0.22786577549899287,
          "n": 3,
          "values": [
            0.22786577549899287,
            0.020640679362754072,
            0.1577778795092474
          ]
        },
        "spearman_pvalue_error_std": {
          "mean": 0.30069682415195964,
          "std": 0.44843302395046086,
          "min": 0.00968600270840448,
          "max": 0.8171155715460858,
          "n": 3,
          "values": [
            0.00968600270840448,
            0.8171155715460858,
            0.07528889820138857
          ]
        }
      }
    },
    "2": {
      "n_seeds": 2,
      "seeds": [
        7,
        42
      ],