{
  "experiment": "map_laplace",
  "problem": "burgers",
  "experiment_type": "single",
  "timestamp": "2026-06-12T04:38:53",
  "seed": 42,
  "test_idx": 1,
  "prior": null,
  "prior_ood": null,
  "condition": null,
  "conditions": null,
  "sweep_var": null,
  "baseline": null,
  "sweep_conditions": null,
  "laplace": {
    "n_samples": 8000,
    "map_max_iter": 1000,
    "hessian_reg_lambda": 0.0001,
    "neg_log_posterior_at_map": 0.3332016033197303,
    "grad_norm_at_map": 1.2613928311735154,
    "map_converged": true,
    "hessian_min_eigenvalue": 25.95229399289819,
    "hessian_condition_number": 6155.709221021145,
    "n_negative_eigenvalues": 0,
    "fraction_clipped": 0.0,
    "a_err": 0.08822203427553177,
    "crps_a": 0.015018987044795446,
    "coverage_95": 0.9921875,
    "ci_width": 0.17766166961759777,
    "mean_std": 0.0468626775844706,
    "cal_levels": [
      0.1,
      0.19444444444444445,
      0.28888888888888886,
      0.3833333333333333,
      0.47777777777777775,
      0.5722222222222222,
      0.6666666666666666,
      0.7611111111111111,
      0.8555555555555555,
      0.95
    ],
    "cal_empirical": [
      0.2890625,
      0.578125,
      0.6796875,
      0.75,
      0.8125,
      0.8515625,
      0.90625,
      0.953125,
      0.984375,
      0.9921875
    ],
    "sigma": null,
    "nll_a": -2.3299523682759706,
    "u_err": 0.059652529656887054,
    "chi2_ppc": null,
    "chi2_ppc_pvalue": null,
    "map_a_err": 0.06588225066661835,
    "map_u_err": 0.013997457921504974,
    "label": "",
    "map_time_s": 9.184710264205933,
    "hessian_time_s": 3.3022677898406982,
    "sampling_time_s": 0.7061431407928467,
    "spearman_rho_error_std": 0.020640679362754072,
    "spearman_pvalue_error_std": 0.8171155715460858
  },
  "map_time_s": null,
  "total_time_s": null,
  "sweep_value": null,
  "is_sweep_baseline": null
}