{
  "experiment": "map_laplace",
  "problem": "burgers",
  "experiment_type": "single",
  "timestamp": "2026-06-12T04:40:35",
  "seed": 123,
  "test_idx": 2,
  "prior": null,
  "prior_ood": null,
  "condition": null,
  "conditions": null,
  "sweep_var": null,
  "baseline": null,
  "sweep_conditions": null,
  "laplace": {
    "n_samples": 8000,
    "map_max_iter": 1000,
    "hessian_reg_lambda": 0.0001,
    "neg_log_posterior_at_map": 0.1507887767561639,
    "grad_norm_at_map": 1.3445912351915386,
    "map_converged": true,
    "hessian_min_eigenvalue": -0.5292980719595252,
    "hessian_condition_number": 1888056.8198484113,
    "n_negative_eigenvalues": 1,
    "fraction_clipped": 0.0,
    "a_err": NaN,
    "crps_a": NaN,
    "coverage_95": 0.0,
    "ci_width": NaN,
    "mean_std": NaN,
    "cal_levels": [
      0.1,
      0.19444444444444445,
      0.28888888888888886,
      0.3833333333333333,
      0.47777777777777775,
      0.5722222222222222,
      0.6666666666666666,
      0.7611111111111111,
      0.8555555555555555,
      0.95
    ],
    "cal_empirical": [
      0.0,
      0.0,
      0.0,
      0.0,
      0.0,
      0.0,
      0.0,
      0.0,
      0.0,
      0.0
    ],
    "sigma": null,
    "nll_a": NaN,
    "u_err": NaN,
    "chi2_ppc": null,
    "chi2_ppc_pvalue": null,
    "map_a_err": 0.14183026552200317,
    "map_u_err": 0.02306220680475235,
    "label": "",
    "map_time_s": 9.091753721237183,
    "hessian_time_s": 3.249584674835205,
    "sampling_time_s": 0.693228006362915,
    "spearman_rho_error_std": NaN,
    "spearman_pvalue_error_std": NaN
  },
  "map_time_s": null,
  "total_time_s": null,
  "sweep_value": null,
  "is_sweep_baseline": null
}