{
  "experiment": "map_laplace",
  "problem": "darcy_continuous",
  "experiment_type": "single",
  "timestamp": "2026-06-12T04:41:27",
  "seed": 42,
  "test_idx": 0,
  "prior": null,
  "prior_ood": null,
  "condition": null,
  "conditions": null,
  "sweep_var": null,
  "baseline": null,
  "sweep_conditions": null,
  "laplace": {
    "n_samples": 8000,
    "map_max_iter": 1000,
    "hessian_reg_lambda": 0.0001,
    "neg_log_posterior_at_map": 1.5191530133477618,
    "grad_norm_at_map": 3.638108166859341,
    "map_converged": true,
    "hessian_min_eigenvalue": 14.492626269968898,
    "hessian_condition_number": 103.73451599712789,
    "n_negative_eigenvalues": 0,
    "fraction_clipped": 0.011125000193715096,
    "a_err": 0.031232403591275215,
    "crps_a": 0.03841525663856294,
    "coverage_95": 0.9964328180737217,
    "ci_width": 0.3521806000035276,
    "mean_std": 0.09189452808960666,
    "cal_levels": [
      0.1,
      0.19444444444444445,
      0.28888888888888886,
      0.3833333333333333,
      0.47777777777777775,
      0.5722222222222222,
      0.6666666666666666,
      0.7611111111111111,
      0.8555555555555555,
      0.95
    ],
    "cal_empirical": [
      0.05826397146254459,
      0.11533888228299644,
      0.18430439952437574,
      0.2413793103448276,
      0.3436385255648038,
      0.45659928656361476,
      0.5850178359096314,
      0.7717003567181926,
      0.9024970273483948,
      0.9964328180737217
    ],
    "sigma": null,
    "nll_a": -1.2219239548548153,
    "u_err": 0.03224952146410942,
    "chi2_ppc": null,
    "chi2_ppc_pvalue": null,
    "map_a_err": 0.015948155894875526,
    "map_u_err": 0.024076834321022034,
    "label": "",
    "map_time_s": 10.73349666595459,
    "hessian_time_s": 4.402711868286133,
    "sampling_time_s": 0.674623966217041,
    "spearman_rho_error_std": 0.6074265249692647,
    "spearman_pvalue_error_std": 5.98971198740268e-86
  },
  "map_time_s": null,
  "total_time_s": null,
  "sweep_value": null,
  "is_sweep_baseline": null
}