{
  "experiment": "map_laplace",
  "problem": "darcy_continuous",
  "experiment_type": "single",
  "timestamp": "2026-06-12T04:41:35",
  "seed": 42,
  "test_idx": 1,
  "prior": null,
  "prior_ood": null,
  "condition": null,
  "conditions": null,
  "sweep_var": null,
  "baseline": null,
  "sweep_conditions": null,
  "laplace": {
    "n_samples": 8000,
    "map_max_iter": 1000,
    "hessian_reg_lambda": 0.0001,
    "neg_log_posterior_at_map": 0.34978632480521366,
    "grad_norm_at_map": 3.7892079446621785,
    "map_converged": true,
    "hessian_min_eigenvalue": 30.182990259736457,
    "hessian_condition_number": 430.92360780106014,
    "n_negative_eigenvalues": 0,
    "fraction_clipped": 0.024500001221895218,
    "a_err": 0.012865915894508362,
    "crps_a": 0.017197050630121724,
    "coverage_95": 1.0,
    "ci_width": 0.22498435466033248,
    "mean_std": 0.057269109084232855,
    "cal_levels": [
      0.1,
      0.19444444444444445,
      0.28888888888888886,
      0.3833333333333333,
      0.47777777777777775,
      0.5722222222222222,
      0.6666666666666666,
      0.7611111111111111,
      0.8555555555555555,
      0.95
    ],
    "cal_empirical": [
      0.19262782401902498,
      0.34244946492271106,
      0.4577883472057075,
      0.5541022592152199,
      0.6884661117717004,
      0.8549346016646849,
      0.9274673008323424,
      0.9726516052318668,
      0.995243757431629,
      1.0
    ],
    "sigma": null,
    "nll_a": -1.8751424214357502,
    "u_err": 0.01925360970199108,
    "chi2_ppc": null,
    "chi2_ppc_pvalue": null,
    "map_a_err": 0.0016463439678773284,
    "map_u_err": 0.0026155891828238964,
    "label": "",
    "map_time_s": 10.789534091949463,
    "hessian_time_s": 4.523688554763794,
    "sampling_time_s": 0.6919984817504883,
    "spearman_rho_error_std": 0.2893403961464267,
    "spearman_pvalue_error_std": 1.1073851623471451e-17
  },
  "map_time_s": null,
  "total_time_s": null,
  "sweep_value": null,
  "is_sweep_baseline": null
}