{
  "experiment": "map_laplace",
  "problem": "darcy_continuous",
  "experiment_type": "single",
  "timestamp": "2026-06-12T04:42:15",
  "seed": 42,
  "test_idx": 2,
  "prior": null,
  "prior_ood": null,
  "condition": null,
  "conditions": null,
  "sweep_var": null,
  "baseline": null,
  "sweep_conditions": null,
  "laplace": {
    "n_samples": 8000,
    "map_max_iter": 1000,
    "hessian_reg_lambda": 0.0001,
    "neg_log_posterior_at_map": 0.25007974123662086,
    "grad_norm_at_map": 2.954061430094661,
    "map_converged": true,
    "hessian_min_eigenvalue": 29.0570384891706,
    "hessian_condition_number": 564.6678707053359,
    "n_negative_eigenvalues": 0,
    "fraction_clipped": 0.0,
    "a_err": 0.029431866481900215,
    "crps_a": 0.03285564723999694,
    "coverage_95": 0.9940546967895363,
    "ci_width": 0.43412012326152954,
    "mean_std": 0.10925563174909522,
    "cal_levels": [
      0.1,
      0.19444444444444445,
      0.28888888888888886,
      0.3833333333333333,
      0.47777777777777775,
      0.5722222222222222,
      0.6666666666666666,
      0.7611111111111111,
      0.8555555555555555,
      0.95
    ],
    "cal_empirical": [
      0.07253269916765755,
      0.13912009512485138,
      0.19500594530321047,
      0.3329369797859691,
      0.5005945303210464,
      0.6860879904875149,
      0.8442330558858502,
      0.9453032104637337,
      0.9750297265160524,
      0.9940546967895363
    ],
    "sigma": null,
    "nll_a": -1.1644580752482334,
    "u_err": 0.0077150301076471806,
    "chi2_ppc": null,
    "chi2_ppc_pvalue": null,
    "map_a_err": 0.005200690124183893,
    "map_u_err": 0.001090609934180975,
    "label": "",
    "map_time_s": 10.594584465026855,
    "hessian_time_s": 4.394526958465576,
    "sampling_time_s": 0.6639962196350098,
    "spearman_rho_error_std": 0.6789369830138228,
    "spearman_pvalue_error_std": 1.056941268532536e-114
  },
  "map_time_s": null,
  "total_time_s": null,
  "sweep_value": null,
  "is_sweep_baseline": null
}