{
  "experiment": "map_laplace",
  "problem": "darcy_piecewise_5v1000",
  "experiment_type": "single",
  "timestamp": "2026-06-12T05:16:38",
  "seed": 7,
  "test_idx": 1,
  "prior": null,
  "prior_ood": null,
  "condition": null,
  "conditions": null,
  "sweep_var": null,
  "baseline": null,
  "sweep_conditions": null,
  "laplace": {
    "n_samples": 20000,
    "map_max_iter": 1000,
    "hessian_reg_lambda": 0.0001,
    "neg_log_posterior_at_map": 1.005100726253933,
    "grad_norm_at_map": 0.3159094786860965,
    "map_converged": true,
    "hessian_min_eigenvalue": -0.09569029582024928,
    "hessian_condition_number": 421.4329209734234,
    "n_negative_eigenvalues": 36,
    "fraction_clipped": 0.0,
    "a_err": 0.0,
    "crps_a": 459.0487514863258,
    "coverage_95": 0.5386444708680143,
    "ci_width": 0.0,
    "mean_std": 0.0,
    "cal_levels": [
      0.1,
      0.19444444444444445,
      0.28888888888888886,
      0.3833333333333333,
      0.47777777777777775,
      0.5722222222222222,
      0.6666666666666666,
      0.7611111111111111,
      0.8555555555555555,
      0.95
    ],
    "cal_empirical": [
      0.5386444708680143,
      0.5386444708680143,
      0.5386444708680143,
      0.5386444708680143,
      0.5386444708680143,
      0.5386444708680143,
      0.5386444708680143,
      0.5386444708680143,
      0.5386444708680143,
      0.5386444708680143
    ],
    "sigma": null,
    "nll_a": 6.373862722342883,
    "u_err": NaN,
    "chi2_ppc": null,
    "chi2_ppc_pvalue": null,
    "map_a_err": 0.679231584072113,
    "map_u_err": 0.972038209438324,
    "label": "",
    "map_time_s": 13.330498933792114,
    "hessian_time_s": 5.890639305114746,
    "sampling_time_s": 0.8125112056732178,
    "spearman_rho_error_std": NaN,
    "spearman_pvalue_error_std": NaN
  },
  "map_time_s": null,
  "total_time_s": null,
  "sweep_value": null,
  "is_sweep_baseline": null
}