{
  "experiment": "map_laplace",
  "problem": "darcy_piecewise",
  "experiment_type": "single",
  "timestamp": "2026-06-12T05:43:23",
  "seed": 42,
  "test_idx": 1,
  "prior": null,
  "prior_ood": null,
  "condition": null,
  "conditions": null,
  "sweep_var": null,
  "baseline": null,
  "sweep_conditions": null,
  "laplace": {
    "n_samples": 20000,
    "map_max_iter": 1000,
    "hessian_reg_lambda": 0.0001,
    "neg_log_posterior_at_map": 0.30611129118722535,
    "grad_norm_at_map": 0.15244011350308126,
    "map_converged": true,
    "hessian_min_eigenvalue": -0.12493212821645176,
    "hessian_condition_number": 31.507900381595,
    "n_negative_eigenvalues": 49,
    "fraction_clipped": 0.0,
    "a_err": 0.0,
    "crps_a": 2.3781212841854935,
    "coverage_95": 0.5243757431629013,
    "ci_width": 0.0,
    "mean_std": 0.0,
    "cal_levels": [
      0.1,
      0.19444444444444445,
      0.28888888888888886,
      0.3833333333333333,
      0.47777777777777775,
      0.5722222222222222,
      0.6666666666666666,
      0.7611111111111111,
      0.8555555555555555,
      0.95
    ],
    "cal_empirical": [
      0.5243757431629013,
      0.5243757431629013,
      0.5243757431629013,
      0.5243757431629013,
      0.5243757431629013,
      0.5243757431629013,
      0.5243757431629013,
      0.5243757431629013,
      0.5243757431629013,
      0.5243757431629013
    ],
    "sigma": null,
    "nll_a": 6.570992466332853,
    "u_err": NaN,
    "chi2_ppc": null,
    "chi2_ppc_pvalue": null,
    "map_a_err": 0.622861385345459,
    "map_u_err": 0.24268506467342377,
    "label": "",
    "map_time_s": 16.07030439376831,
    "hessian_time_s": 6.192581653594971,
    "sampling_time_s": 0.8265957832336426,
    "spearman_rho_error_std": NaN,
    "spearman_pvalue_error_std": NaN
  },
  "map_time_s": null,
  "total_time_s": null,
  "sweep_value": null,
  "is_sweep_baseline": null
}