{
  "experiment": "map_laplace",
  "problem": "darcy_continuous",
  "experiment_type": "single",
  "timestamp": "2026-06-12T04:42:25",
  "seed": 123,
  "test_idx": 1,
  "prior": null,
  "prior_ood": null,
  "condition": null,
  "conditions": null,
  "sweep_var": null,
  "baseline": null,
  "sweep_conditions": null,
  "laplace": {
    "n_samples": 8000,
    "map_max_iter": 1000,
    "hessian_reg_lambda": 0.0001,
    "neg_log_posterior_at_map": 0.3729043682937452,
    "grad_norm_at_map": 8.834034389448101,
    "map_converged": true,
    "hessian_min_eigenvalue": 23.809077225309746,
    "hessian_condition_number": 285.29687097545025,
    "n_negative_eigenvalues": 0,
    "fraction_clipped": 0.042125001549720764,
    "a_err": 0.015056806616485119,
    "crps_a": 0.019494358864927893,
    "coverage_95": 1.0,
    "ci_width": 0.24685533505235208,
    "mean_std": 0.0631157906034117,
    "cal_levels": [
      0.1,
      0.19444444444444445,
      0.28888888888888886,
      0.3833333333333333,
      0.47777777777777775,
      0.5722222222222222,
      0.6666666666666666,
      0.7611111111111111,
      0.8555555555555555,
      0.95
    ],
    "cal_empirical": [
      0.19500594530321047,
      0.31866825208085614,
      0.4292508917954816,
      0.5326991676575505,
      0.6658739595719382,
      0.8180737217598097,
      0.9131985731272295,
      0.9571938168846611,
      0.990487514863258,
      1.0
    ],
    "sigma": null,
    "nll_a": -1.7654659190416109,
    "u_err": 0.02284660004079342,
    "chi2_ppc": null,
    "chi2_ppc_pvalue": null,
    "map_a_err": 0.0036891172640025616,
    "map_u_err": 0.002737970557063818,
    "label": "",
    "map_time_s": 10.718096494674683,
    "hessian_time_s": 4.455650806427002,
    "sampling_time_s": 0.6552670001983643,
    "spearman_rho_error_std": 0.3138839675326326,
    "spearman_pvalue_error_std": 1.1015493776543936e-20
  },
  "map_time_s": null,
  "total_time_s": null,
  "sweep_value": null,
  "is_sweep_baseline": null
}