{
  "experiment": "map_laplace",
  "problem": "darcy_piecewise",
  "experiment_type": "single",
  "timestamp": "2026-06-12T05:45:31",
  "seed": 123,
  "test_idx": 2,
  "prior": null,
  "prior_ood": null,
  "condition": null,
  "conditions": null,
  "sweep_var": null,
  "baseline": null,
  "sweep_conditions": null,
  "laplace": {
    "n_samples": 20000,
    "map_max_iter": 1000,
    "hessian_reg_lambda": 0.0001,
    "neg_log_posterior_at_map": 0.39797487546097593,
    "grad_norm_at_map": 0.20766681178463123,
    "map_converged": true,
    "hessian_min_eigenvalue": -1.660261224277798,
    "hessian_condition_number": 7.624108913394311,
    "n_negative_eigenvalues": 54,
    "fraction_clipped": 0.0,
    "a_err": 0.0,
    "crps_a": 2.211652794292509,
    "coverage_95": 0.5576694411414982,
    "ci_width": 0.0,
    "mean_std": 0.0,
    "cal_levels": [
      0.1,
      0.19444444444444445,
      0.28888888888888886,
      0.3833333333333333,
      0.47777777777777775,
      0.5722222222222222,
      0.6666666666666666,
      0.7611111111111111,
      0.8555555555555555,
      0.95
    ],
    "cal_empirical": [
      0.5576694411414982,
      0.5576694411414982,
      0.5576694411414982,
      0.5576694411414982,
      0.5576694411414982,
      0.5576694411414982,
      0.5576694411414982,
      0.5576694411414982,
      0.5576694411414982,
      0.5576694411414982
    ],
    "sigma": null,
    "nll_a": 6.111023063689589,
    "u_err": NaN,
    "chi2_ppc": null,
    "chi2_ppc_pvalue": null,
    "map_a_err": 0.3052416741847992,
    "map_u_err": 0.28122079372406006,
    "label": "",
    "map_time_s": 14.468278408050537,
    "hessian_time_s": 6.334141254425049,
    "sampling_time_s": 0.8617615699768066,
    "spearman_rho_error_std": NaN,
    "spearman_pvalue_error_std": NaN
  },
  "map_time_s": null,
  "total_time_s": null,
  "sweep_value": null,
  "is_sweep_baseline": null
}