{
  "experiment": "map_laplace",
  "problem": "darcy_piecewise_5v10",
  "experiment_type": "single",
  "timestamp": "2026-06-12T05:33:39",
  "seed": 42,
  "test_idx": 0,
  "prior": null,
  "prior_ood": null,
  "condition": null,
  "conditions": null,
  "sweep_var": null,
  "baseline": null,
  "sweep_conditions": null,
  "laplace": {
    "n_samples": 20000,
    "map_max_iter": 1000,
    "hessian_reg_lambda": 0.0001,
    "neg_log_posterior_at_map": 0.14231048403942742,
    "grad_norm_at_map": 0.13419883527633142,
    "map_converged": true,
    "hessian_min_eigenvalue": -0.32716216653446384,
    "hessian_condition_number": 6.313403504872988,
    "n_negative_eigenvalues": 48,
    "fraction_clipped": 0.0,
    "a_err": 0.0,
    "crps_a": 2.829964328180737,
    "coverage_95": 0.4340071343638526,
    "ci_width": 0.0,
    "mean_std": 0.0,
    "cal_levels": [
      0.1,
      0.19444444444444445,
      0.28888888888888886,
      0.3833333333333333,
      0.47777777777777775,
      0.5722222222222222,
      0.6666666666666666,
      0.7611111111111111,
      0.8555555555555555,
      0.95
    ],
    "cal_empirical": [
      0.4340071343638526,
      0.4340071343638526,
      0.4340071343638526,
      0.4340071343638526,
      0.4340071343638526,
      0.4340071343638526,
      0.4340071343638526,
      0.4340071343638526,
      0.4340071343638526,
      0.4340071343638526
    ],
    "sigma": null,
    "nll_a": 7.819480844936002,
    "u_err": NaN,
    "chi2_ppc": null,
    "chi2_ppc_pvalue": null,
    "map_a_err": 0.7983390092849731,
    "map_u_err": 0.052977800369262695,
    "label": "",
    "map_time_s": 14.040601253509521,
    "hessian_time_s": 6.222331762313843,
    "sampling_time_s": 0.8327417373657227,
    "spearman_rho_error_std": NaN,
    "spearman_pvalue_error_std": NaN
  },
  "map_time_s": null,
  "total_time_s": null,
  "sweep_value": null,
  "is_sweep_baseline": null
}