{
  "experiment": "map_laplace",
  "problem": "darcy_piecewise_5v10",
  "experiment_type": "single",
  "timestamp": "2026-06-12T05:32:13",
  "seed": 42,
  "test_idx": 2,
  "prior": null,
  "prior_ood": null,
  "condition": null,
  "conditions": null,
  "sweep_var": null,
  "baseline": null,
  "sweep_conditions": null,
  "laplace": {
    "n_samples": 20000,
    "map_max_iter": 1000,
    "hessian_reg_lambda": 0.0001,
    "neg_log_posterior_at_map": 0.22234092210022038,
    "grad_norm_at_map": 0.09516237427236403,
    "map_converged": true,
    "hessian_min_eigenvalue": -0.15641175819080708,
    "hessian_condition_number": 25.560910455977194,
    "n_negative_eigenvalues": 41,
    "fraction_clipped": 0.0,
    "a_err": 0.0,
    "crps_a": 2.211652794292509,
    "coverage_95": 0.5576694411414982,
    "ci_width": 0.0,
    "mean_std": 0.0,
    "cal_levels": [
      0.1,
      0.19444444444444445,
      0.28888888888888886,
      0.3833333333333333,
      0.47777777777777775,
      0.5722222222222222,
      0.6666666666666666,
      0.7611111111111111,
      0.8555555555555555,
      0.95
    ],
    "cal_empirical": [
      0.5576694411414982,
      0.5576694411414982,
      0.5576694411414982,
      0.5576694411414982,
      0.5576694411414982,
      0.5576694411414982,
      0.5576694411414982,
      0.5576694411414982,
      0.5576694411414982,
      0.5576694411414982
    ],
    "sigma": null,
    "nll_a": 6.111023063689588,
    "u_err": NaN,
    "chi2_ppc": null,
    "chi2_ppc_pvalue": null,
    "map_a_err": 0.4199220836162567,
    "map_u_err": 0.16090591251850128,
    "label": "",
    "map_time_s": 12.6745445728302,
    "hessian_time_s": 5.696506500244141,
    "sampling_time_s": 0.9609766006469727,
    "spearman_rho_error_std": NaN,
    "spearman_pvalue_error_std": NaN
  },
  "map_time_s": null,
  "total_time_s": null,
  "sweep_value": null,
  "is_sweep_baseline": null
}