{
  "experiment": "map_laplace",
  "problem": "darcy_continuous",
  "experiment_type": "single",
  "timestamp": "2026-06-12T04:43:14",
  "seed": 7,
  "test_idx": 1,
  "prior": null,
  "prior_ood": null,
  "condition": null,
  "conditions": null,
  "sweep_var": null,
  "baseline": null,
  "sweep_conditions": null,
  "laplace": {
    "n_samples": 8000,
    "map_max_iter": 1000,
    "hessian_reg_lambda": 0.0001,
    "neg_log_posterior_at_map": 0.408372959048001,
    "grad_norm_at_map": 3.6805604916839116,
    "map_converged": true,
    "hessian_min_eigenvalue": 29.40940541224199,
    "hessian_condition_number": 189.95947429974365,
    "n_negative_eigenvalues": 0,
    "fraction_clipped": 0.0247500017285347,
    "a_err": 0.011606299318373203,
    "crps_a": 0.016291464519953284,
    "coverage_95": 1.0,
    "ci_width": 0.2208958521511799,
    "mean_std": 0.05596003649621676,
    "cal_levels": [
      0.1,
      0.19444444444444445,
      0.28888888888888886,
      0.3833333333333333,
      0.47777777777777775,
      0.5722222222222222,
      0.6666666666666666,
      0.7611111111111111,
      0.8555555555555555,
      0.95
    ],
    "cal_empirical": [
      0.2211652794292509,
      0.3686087990487515,
      0.4934601664684899,
      0.6099881093935791,
      0.7764565992865636,
      0.8906064209274673,
      0.9369797859690844,
      0.9750297265160524,
      0.995243757431629,
      1.0
    ],
    "sigma": null,
    "nll_a": -1.917054069722081,
    "u_err": 0.01718752272427082,
    "chi2_ppc": null,
    "chi2_ppc_pvalue": null,
    "map_a_err": 0.002512137871235609,
    "map_u_err": 0.0026546120643615723,
    "label": "",
    "map_time_s": 10.843247413635254,
    "hessian_time_s": 4.564435243606567,
    "sampling_time_s": 0.6863057613372803,
    "spearman_rho_error_std": 0.22676784508884062,
    "spearman_pvalue_error_std": 2.86497112749644e-11
  },
  "map_time_s": null,
  "total_time_s": null,
  "sweep_value": null,
  "is_sweep_baseline": null
}