{
  "experiment": "map_laplace",
  "problem": "darcy_piecewise",
  "experiment_type": "single",
  "timestamp": "2026-06-12T05:45:52",
  "seed": 7,
  "test_idx": 1,
  "prior": null,
  "prior_ood": null,
  "condition": null,
  "conditions": null,
  "sweep_var": null,
  "baseline": null,
  "sweep_conditions": null,
  "laplace": {
    "n_samples": 20000,
    "map_max_iter": 1000,
    "hessian_reg_lambda": 0.0001,
    "neg_log_posterior_at_map": 0.37182607561758213,
    "grad_norm_at_map": 0.33296030669998194,
    "map_converged": true,
    "hessian_min_eigenvalue": -0.44894404087365425,
    "hessian_condition_number": 9.084657594409236,
    "n_negative_eigenvalues": 57,
    "fraction_clipped": 0.0,
    "a_err": 0.0,
    "crps_a": 2.3781212841854935,
    "coverage_95": 0.5243757431629013,
    "ci_width": 0.0,
    "mean_std": 0.0,
    "cal_levels": [
      0.1,
      0.19444444444444445,
      0.28888888888888886,
      0.3833333333333333,
      0.47777777777777775,
      0.5722222222222222,
      0.6666666666666666,
      0.7611111111111111,
      0.8555555555555555,
      0.95
    ],
    "cal_empirical": [
      0.5243757431629013,
      0.5243757431629013,
      0.5243757431629013,
      0.5243757431629013,
      0.5243757431629013,
      0.5243757431629013,
      0.5243757431629013,
      0.5243757431629013,
      0.5243757431629013,
      0.5243757431629013
    ],
    "sigma": null,
    "nll_a": 6.570992466332853,
    "u_err": NaN,
    "chi2_ppc": null,
    "chi2_ppc_pvalue": null,
    "map_a_err": 0.5869565010070801,
    "map_u_err": 0.14527975022792816,
    "label": "",
    "map_time_s": 14.173606872558594,
    "hessian_time_s": 6.301515102386475,
    "sampling_time_s": 0.8471696376800537,
    "spearman_rho_error_std": NaN,
    "spearman_pvalue_error_std": NaN
  },
  "map_time_s": null,
  "total_time_s": null,
  "sweep_value": null,
  "is_sweep_baseline": null
}