{
  "experiment": "map_laplace",
  "problem": "darcy_piecewise",
  "experiment_type": "single",
  "timestamp": "2026-06-12T05:44:21",
  "seed": 123,
  "test_idx": 0,
  "prior": null,
  "prior_ood": null,
  "condition": null,
  "conditions": null,
  "sweep_var": null,
  "baseline": null,
  "sweep_conditions": null,
  "laplace": {
    "n_samples": 20000,
    "map_max_iter": 1000,
    "hessian_reg_lambda": 0.0001,
    "neg_log_posterior_at_map": 0.32620823755242745,
    "grad_norm_at_map": 0.15937027299234494,
    "map_converged": true,
    "hessian_min_eigenvalue": -0.10759320134410268,
    "hessian_condition_number": 107.6736867811688,
    "n_negative_eigenvalues": 61,
    "fraction_clipped": 0.0,
    "a_err": 0.0,
    "crps_a": 2.9072532699167657,
    "coverage_95": 0.41854934601664684,
    "ci_width": 0.0,
    "mean_std": 0.0,
    "cal_levels": [
      0.1,
      0.19444444444444445,
      0.28888888888888886,
      0.3833333333333333,
      0.47777777777777775,
      0.5722222222222222,
      0.6666666666666666,
      0.7611111111111111,
      0.8555555555555555,
      0.95
    ],
    "cal_empirical": [
      0.41854934601664684,
      0.41854934601664684,
      0.41854934601664684,
      0.41854934601664684,
      0.41854934601664684,
      0.41854934601664684,
      0.41854934601664684,
      0.41854934601664684,
      0.41854934601664684,
      0.41854934601664684
    ],
    "sigma": null,
    "nll_a": 8.033038067591802,
    "u_err": NaN,
    "chi2_ppc": null,
    "chi2_ppc_pvalue": null,
    "map_a_err": 0.5482735633850098,
    "map_u_err": 0.20515477657318115,
    "label": "",
    "map_time_s": 13.55121636390686,
    "hessian_time_s": 6.026504039764404,
    "sampling_time_s": 0.7985537052154541,
    "spearman_rho_error_std": NaN,
    "spearman_pvalue_error_std": NaN
  },
  "map_time_s": null,
  "total_time_s": null,
  "sweep_value": null,
  "is_sweep_baseline": null
}