{
  "experiment": "map_laplace",
  "problem": "darcy_continuous",
  "experiment_type": "single",
  "timestamp": "2026-06-12T04:43:02",
  "seed": 123,
  "test_idx": 2,
  "prior": null,
  "prior_ood": null,
  "condition": null,
  "conditions": null,
  "sweep_var": null,
  "baseline": null,
  "sweep_conditions": null,
  "laplace": {
    "n_samples": 8000,
    "map_max_iter": 1000,
    "hessian_reg_lambda": 0.0001,
    "neg_log_posterior_at_map": 0.2298245032334006,
    "grad_norm_at_map": 2.5686778118660785,
    "map_converged": true,
    "hessian_min_eigenvalue": 36.211132013483734,
    "hessian_condition_number": 392.9150230867859,
    "n_negative_eigenvalues": 0,
    "fraction_clipped": 0.0,
    "a_err": 0.02299080230295658,
    "crps_a": 0.02672076400137461,
    "coverage_95": 0.9964328180737217,
    "ci_width": 0.3669421909263123,
    "mean_std": 0.09189637561461164,
    "cal_levels": [
      0.1,
      0.19444444444444445,
      0.28888888888888886,
      0.3833333333333333,
      0.47777777777777775,
      0.5722222222222222,
      0.6666666666666666,
      0.7611111111111111,
      0.8555555555555555,
      0.95
    ],
    "cal_empirical": [
      0.08085612366230678,
      0.14387633769322236,
      0.2342449464922711,
      0.39001189060642094,
      0.6016646848989299,
      0.7990487514863258,
      0.9191438763376932,
      0.9607609988109393,
      0.9845422116527943,
      0.9964328180737217
    ],
    "sigma": null,
    "nll_a": -1.3650622903880452,
    "u_err": 0.006445722654461861,
    "chi2_ppc": null,
    "chi2_ppc_pvalue": null,
    "map_a_err": 0.00483117438852787,
    "map_u_err": 0.0010882463539019227,
    "label": "",
    "map_time_s": 10.526085615158081,
    "hessian_time_s": 4.335065603256226,
    "sampling_time_s": 0.6628551483154297,
    "spearman_rho_error_std": 0.6249917790598634,
    "spearman_pvalue_error_std": 2.5434854005622148e-92
  },
  "map_time_s": null,
  "total_time_s": null,
  "sweep_value": null,
  "is_sweep_baseline": null
}