{
  "experiment": "map_laplace",
  "problem": "darcy_continuous",
  "experiment_type": "single",
  "timestamp": "2026-06-12T04:43:07",
  "seed": 7,
  "test_idx": 0,
  "prior": null,
  "prior_ood": null,
  "condition": null,
  "conditions": null,
  "sweep_var": null,
  "baseline": null,
  "sweep_conditions": null,
  "laplace": {
    "n_samples": 8000,
    "map_max_iter": 1000,
    "hessian_reg_lambda": 0.0001,
    "neg_log_posterior_at_map": 1.7044004662060188,
    "grad_norm_at_map": 3.755656834934218,
    "map_converged": true,
    "hessian_min_eigenvalue": 11.18076720734293,
    "hessian_condition_number": 134.08499968725835,
    "n_negative_eigenvalues": 0,
    "fraction_clipped": 0.026125000789761543,
    "a_err": 0.035713840276002884,
    "crps_a": 0.04312293385290696,
    "coverage_95": 0.9916765755053508,
    "ci_width": 0.4093360818595212,
    "mean_std": 0.10764088713760328,
    "cal_levels": [
      0.1,
      0.19444444444444445,
      0.28888888888888886,
      0.3833333333333333,
      0.47777777777777775,
      0.5722222222222222,
      0.6666666666666666,
      0.7611111111111111,
      0.8555555555555555,
      0.95
    ],
    "cal_empirical": [
      0.06539833531510107,
      0.1248513674197384,
      0.19143876337693222,
      0.29607609988109396,
      0.4244946492271106,
      0.5838287752675386,
      0.6944114149821641,
      0.8228299643281808,
      0.9286563614744352,
      0.9916765755053508
    ],
    "sigma": null,
    "nll_a": -1.0960341788766577,
    "u_err": 0.03811132535338402,
    "chi2_ppc": null,
    "chi2_ppc_pvalue": null,
    "map_a_err": 0.014082059264183044,
    "map_u_err": 0.0222999919205904,
    "label": "",
    "map_time_s": 10.976119756698608,
    "hessian_time_s": 4.4179911613464355,
    "sampling_time_s": 0.6823098659515381,
    "spearman_rho_error_std": 0.6776733791231293,
    "spearman_pvalue_error_std": 4.011517577234527e-114
  },
  "map_time_s": null,
  "total_time_s": null,
  "sweep_value": null,
  "is_sweep_baseline": null
}