{
  "experiment": "map_laplace",
  "problem": "darcy_continuous",
  "generated_at": "2026-06-18T12:17:10",
  "total_runs": 9,
  "valid_runs": 9,
  "failed_runs": 0,
  "failed_details": [],
  "per_instance": {
    "0": {
      "n_seeds": 3,
      "seeds": [
        7,
        42,
        123
      ],
      "metric_summaries": {
        "a_err": {
          "mean": 0.03196037436525027,
          "std": 0.00344761284177969,
          "min": 0.02893487922847271,
          "max": 0.035713840276002884,
          "n": 3,
          "values": [
            0.035713840276002884,
            0.031232403591275215,
            0.02893487922847271
          ]
        },
        "u_err": {
          "mean": 0.033704837784171104,
          "std": 0.0038887330861658944,
          "min": 0.030753666535019875,
          "max": 0.03811132535338402,
          "n": 3,
          "values": [
            0.03811132535338402,
            0.03224952146410942,
            0.030753666535019875
          ]
        },
        "crps_a": {
          "mean": 0.03819777085832134,
          "std": 0.005037428262966876,
          "min": 0.03305512208349411,
          "max": 0.04312293385290696,
          "n": 3,
          "values": [
            0.04312293385290696,
            0.03841525663856294,
            0.03305512208349411
          ]
        },
        "coverage_95": {
          "mean": 0.9932619896948078,
          "std": 0.002746017927180112,
          "min": 0.9916765755053508,
          "max": 0.9964328180737217,
          "n": 3,
          "values": [
            0.9916765755053508,
            0.9964328180737217,
            0.9916765755053508
          ]
        },
        "ci_width": {
          "mean": 0.38104420432329905,
          "std": 0.028582029847160517,
          "min": 0.3521806000035276,
          "max": 0.4093360818595212,
          "n": 3,
          "values": [
            0.4093360818595212,
            0.3521806000035276,
            0.38161593110684844
          ]
        },
        "mean_std": {
          "mean": 0.09995939486646284,
          "std": 0.007880176890516536,
          "min": 0.09189452808960666,
          "max": 0.10764088713760328,
          "n": 3,
          "values": [
            0.10764088713760328,
            0.09189452808960666,
            0.1003427693721786
          ]
        },
        "nll_a": {
          "mean": -1.186219044679432,
          "std": 0.07866452884133707,
          "min": -1.240699000306823,
          "max": -1.0960341788766577,
          "n": 3,
          "values": [
            -1.0960341788766577,
            -1.2219239548548153,
            -1.240699000306823
          ]
        },
        "map_a_err": {
          "mean": 0.012778896527985731,
          "std": 0.003984030466739309,
          "min": 0.008306474424898624,
          "max": 0.015948155894875526,
          "n": 3,
          "values": [
            0.014082059264183044,
            0.015948155894875526,
            0.008306474424898624
          ]
        },
        "map_u_err": {
          "mean": 0.02262850229938825,
          "std": 0.0013152158046555481,
          "min": 0.021508680656552315,
          "max": 0.024076834321022034,
          "n": 3,
          "values": [
            0.0222999919205904,
            0.024076834321022034,
            0.021508680656552315
          ]
        },
        "spearman_rho_error_std": {
          "mean": 0.6327638390532919,
          "std": 0.03899947630620565,
          "min": 0.6074265249692647,
          "max": 0.6776733791231293,
          "n": 3,
          "values": [
            0.6776733791231293,
            0.6074265249692647,
            0.6131916130674818
          ]
        },
        "spearman_pvalue_error_std": {
          "mean": 2.0144825037112982e-86,
          "std": 3.442754560324422e-86,
          "min": 4.011517577234527e-114,
          "max": 5.98971198740268e-86,
          "n": 3,
          "values": [
            4.011517577234527e-114,
            5.98971198740268e-86,
            5.373552373121498e-88
          ]
        }
      }
    },
    "1": {
      "n_seeds": 3,
      "seeds": [
        7,
        42,
        123
      ],
      "metric_summaries": {
        "a_err": {
          "mean": 0.013176340609788895,
          "std": 0.001746073532665119,
          "min": 0.011606299318373203,
          "max": 0.015056806616485119,
          "n": 3,
          "values": [
            0.011606299318373203,
            0.012865915894508362,
            0.015056806616485119
          ]
        },
        "u_err": {
          "mean": 0.01976257748901844,
          "std": 0.0028636646407651854,
          "min": 0.01718752272427082,
          "max": 0.02284660004079342,
          "n": 3,
          "values": [
            0.01718752272427082,
            0.01925360970199108,
            0.02284660004079342
          ]
        },
        "crps_a": {
          "mean": 0.017660958005000966,
          "std": 0.0016510725561337681,
          "min": 0.016291464519953284,
          "max": 0.019494358864927893,
          "n": 3,
          "values": [
            0.016291464519953284,
            0.017197050630121724,
            0.019494358864927893
          ]
        },
        "coverage_95": {
          "mean": 1.0,
          "std": 0.0,
          "min": 1.0,
          "max": 1.0,
          "n": 3,
          "values": [
            1.0,
            1.0,
            1.0
          ]
        },
        "ci_width": {
          "mean": 0.23091184728795486,
          "std": 0.013957974952046249,
          "min": 0.2208958521511799,
          "max": 0.24685533505235208,
          "n": 3,
          "values": [
            0.2208958521511799,
            0.22498435466033248,
            0.24685533505235208
          ]
        },
        "mean_std": {
          "mean": 0.05878164539462044,
          "std": 0.0038101218849716577,
          "min": 0.05596003649621676,
          "max": 0.0631157906034117,
          "n": 3,
          "values": [
            0.05596003649621676,
            0.057269109084232855,
            0.0631157906034117
          ]
        },
        "nll_a": {
          "mean": -1.8525541367331473,
          "std": 0.0782778053539802,
          "min": -1.917054069722081,
          "max": -1.7654659190416109,
          "n": 3,
          "values": [
            -1.917054069722081,
            -1.8751424214357502,
            -1.7654659190416109
          ]
        },
        "map_a_err": {
          "mean": 0.0026158663677051663,
          "std": 0.0010253294034482108,
          "min": 0.0016463439678773284,
          "max": 0.0036891172640025616,
          "n": 3,
          "values": [
            0.002512137871235609,
            0.0016463439678773284,
            0.0036891172640025616
          ]
        },
        "map_u_err": {
          "mean": 0.002669390601416429,
          "std": 6.251483070699514e-05,
          "min": 0.0026155891828238964,
          "max": 0.002737970557063818,
          "n": 3,
          "values": [
            0.0026546120643615723,
            0.0026155891828238964,
            0.002737970557063818
          ]
        },
        "spearman_rho_error_std": {
          "mean": 0.27666406958929995,
          "std": 0.044920169619533115,
          "min": 0.22676784508884062,
          "max": 0.3138839675326326,
          "n": 3,
          "values": [
            0.22676784508884062,
            0.2893403961464267,
            0.3138839675326326
          ]
        },
        "spearman_pvalue_error_std": {
          "mean": 9.549907453277172e-12,
          "std": 1.6540915316881173e-11,
          "min": 1.1015493776543936e-20,
          "max": 2.86497112749644e-11,
          "n": 3,
          "values": [
            2.86497112749644e-11,
            1.1073851623471451e-17,
            1.1015493776543936e-20
          ]
        }
      }
    },
    "2": {
      "n_seeds": 3,
      "seeds": [
        7,
        42,
        123
      ],