{
  "experiment": "map_laplace",
  "problem": "darcy_continuous",
  "experiment_type": "single",
  "timestamp": "2026-06-12T04:43:50",
  "seed": 7,
  "test_idx": 2,
  "prior": null,
  "prior_ood": null,
  "condition": null,
  "conditions": null,
  "sweep_var": null,
  "baseline": null,
  "sweep_conditions": null,
  "laplace": {
    "n_samples": 8000,
    "map_max_iter": 1000,
    "hessian_reg_lambda": 0.0001,
    "neg_log_posterior_at_map": 0.22560536978395898,
    "grad_norm_at_map": 1.2472078493342031,
    "map_converged": true,
    "hessian_min_eigenvalue": 31.526932288299843,
    "hessian_condition_number": 406.0133619869675,
    "n_negative_eigenvalues": 0,
    "fraction_clipped": 0.0,
    "a_err": 0.027672650292515755,
    "crps_a": 0.030911858344611402,
    "coverage_95": 0.9964328180737217,
    "ci_width": 0.39951346289233886,
    "mean_std": 0.10016493920391374,
    "cal_levels": [
      0.1,
      0.19444444444444445,
      0.28888888888888886,
      0.3833333333333333,
      0.47777777777777775,
      0.5722222222222222,
      0.6666666666666666,
      0.7611111111111111,
      0.8555555555555555,
      0.95
    ],
    "cal_empirical": [
      0.08323424494649227,
      0.12604042806183116,
      0.18430439952437574,
      0.3091557669441142,
      0.4577883472057075,
      0.6575505350772889,
      0.8382877526753865,
      0.9500594530321046,
      0.9797859690844233,
      0.9964328180737217
    ],
    "sigma": null,
    "nll_a": -1.252533171023843,
    "u_err": 0.007149297744035721,
    "chi2_ppc": null,
    "chi2_ppc_pvalue": null,
    "map_a_err": 0.006050966214388609,
    "map_u_err": 0.001155942678451538,
    "label": "",
    "map_time_s": 10.545797348022461,
    "hessian_time_s": 4.332873344421387,
    "sampling_time_s": 0.6640982627868652,
    "spearman_rho_error_std": 0.7032615243458855,
    "spearman_pvalue_error_std": 1.8864357254807203e-126
  },
  "map_time_s": null,
  "total_time_s": null,
  "sweep_value": null,
  "is_sweep_baseline": null
}