{
  "experiment": "map_laplace",
  "problem": "darcy_continuous",
  "experiment_type": "single",
  "timestamp": "2026-06-12T04:42:18",
  "seed": 123,
  "test_idx": 0,
  "prior": null,
  "prior_ood": null,
  "condition": null,
  "conditions": null,
  "sweep_var": null,
  "baseline": null,
  "sweep_conditions": null,
  "laplace": {
    "n_samples": 8000,
    "map_max_iter": 1000,
    "hessian_reg_lambda": 0.0001,
    "neg_log_posterior_at_map": 1.9256370015117812,
    "grad_norm_at_map": 3.1397825343748162,
    "map_converged": true,
    "hessian_min_eigenvalue": 10.493126288955976,
    "hessian_condition_number": 222.02576945145066,
    "n_negative_eigenvalues": 0,
    "fraction_clipped": 0.020125001668930054,
    "a_err": 0.02893487922847271,
    "crps_a": 0.03305512208349411,
    "coverage_95": 0.9916765755053508,
    "ci_width": 0.38161593110684844,
    "mean_std": 0.1003427693721786,
    "cal_levels": [
      0.1,
      0.19444444444444445,
      0.28888888888888886,
      0.3833333333333333,
      0.47777777777777775,
      0.5722222222222222,
      0.6666666666666666,
      0.7611111111111111,
      0.8555555555555555,
      0.95
    ],
    "cal_empirical": [
      0.10939357907253269,
      0.2437574316290131,
      0.36028537455410226,
      0.49108204518430437,
      0.6099881093935791,
      0.6896551724137931,
      0.7574316290130797,
      0.8228299643281808,
      0.9322235434007135,
      0.9916765755053508
    ],
    "sigma": null,
    "nll_a": -1.240699000306823,
    "u_err": 0.030753666535019875,
    "chi2_ppc": null,
    "chi2_ppc_pvalue": null,
    "map_a_err": 0.008306474424898624,
    "map_u_err": 0.021508680656552315,
    "label": "",
    "map_time_s": 10.87372612953186,
    "hessian_time_s": 4.536671161651611,
    "sampling_time_s": 0.6780095100402832,
    "spearman_rho_error_std": 0.6131916130674818,
    "spearman_pvalue_error_std": 5.373552373121498e-88
  },
  "map_time_s": null,
  "total_time_s": null,
  "sweep_value": null,
  "is_sweep_baseline": null
}