{
  "experiment": "map_laplace",
  "problem": "darcy_piecewise_5v1000",
  "experiment_type": "single",
  "timestamp": "2026-06-12T05:07:50",
  "seed": 7,
  "test_idx": 0,
  "prior": null,
  "prior_ood": null,
  "condition": null,
  "conditions": null,
  "sweep_var": null,
  "baseline": null,
  "sweep_conditions": null,
  "laplace": {
    "n_samples": 20000,
    "map_max_iter": 1000,
    "hessian_reg_lambda": 0.0001,
    "neg_log_posterior_at_map": 0.9984959494191431,
    "grad_norm_at_map": 0.31302121332090904,
    "map_converged": true,
    "hessian_min_eigenvalue": -0.09837339690151273,
    "hessian_condition_number": 411.0366623210771,
    "n_negative_eigenvalues": 36,
    "fraction_clipped": 0.0,
    "a_err": 0.0,
    "crps_a": 563.1629013079668,
    "coverage_95": 0.4340071343638526,
    "ci_width": 0.0,
    "mean_std": 0.0,
    "cal_levels": [
      0.1,
      0.19444444444444445,
      0.28888888888888886,
      0.3833333333333333,
      0.47777777777777775,
      0.5722222222222222,
      0.6666666666666666,
      0.7611111111111111,
      0.8555555555555555,
      0.95
    ],
    "cal_empirical": [
      0.4340071343638526,
      0.4340071343638526,
      0.4340071343638526,
      0.4340071343638526,
      0.4340071343638526,
      0.4340071343638526,
      0.4340071343638526,
      0.4340071343638526,
      0.4340071343638526,
      0.4340071343638526
    ],
    "sigma": null,
    "nll_a": 7.819480844936002,
    "u_err": NaN,
    "chi2_ppc": null,
    "chi2_ppc_pvalue": null,
    "map_a_err": 0.7523249387741089,
    "map_u_err": 0.9659072160720825,
    "label": "",
    "map_time_s": 12.453489542007446,
    "hessian_time_s": 5.407266616821289,
    "sampling_time_s": 0.7702591419219971,
    "spearman_rho_error_std": NaN,
    "spearman_pvalue_error_std": NaN
  },
  "map_time_s": null,
  "total_time_s": null,
  "sweep_value": null,
  "is_sweep_baseline": null
}