{
  "experiment": "map_laplace",
  "problem": "darcy_piecewise_5v100",
  "experiment_type": "single",
  "timestamp": "2026-06-12T05:27:44",
  "seed": 7,
  "test_idx": 0,
  "prior": null,
  "prior_ood": null,
  "condition": null,
  "conditions": null,
  "sweep_var": null,
  "baseline": null,
  "sweep_conditions": null,
  "laplace": {
    "n_samples": 20000,
    "map_max_iter": 1000,
    "hessian_reg_lambda": 0.0001,
    "neg_log_posterior_at_map": 0.7892188375075143,
    "grad_norm_at_map": 0.4247738197087952,
    "map_converged": true,
    "hessian_min_eigenvalue": -0.3961750459286907,
    "hessian_condition_number": 79.68191510531102,
    "n_negative_eigenvalues": 33,
    "fraction_clipped": 0.0,
    "a_err": 0.0,
    "crps_a": 53.769322235434004,
    "coverage_95": 0.4340071343638526,
    "ci_width": 0.0,
    "mean_std": 0.0,
    "cal_levels": [
      0.1,
      0.19444444444444445,
      0.28888888888888886,
      0.3833333333333333,
      0.47777777777777775,
      0.5722222222222222,
      0.6666666666666666,
      0.7611111111111111,
      0.8555555555555555,
      0.95
    ],
    "cal_empirical": [
      0.4340071343638526,
      0.4340071343638526,
      0.4340071343638526,
      0.4340071343638526,
      0.4340071343638526,
      0.4340071343638526,
      0.4340071343638526,
      0.4340071343638526,
      0.4340071343638526,
      0.4340071343638526
    ],
    "sigma": null,
    "nll_a": 7.819480844936002,
    "u_err": NaN,
    "chi2_ppc": null,
    "chi2_ppc_pvalue": null,
    "map_a_err": 0.7523249387741089,
    "map_u_err": 0.730879008769989,
    "label": "",
    "map_time_s": 14.455642461776733,
    "hessian_time_s": 6.19460654258728,
    "sampling_time_s": 0.8934907913208008,
    "spearman_rho_error_std": NaN,
    "spearman_pvalue_error_std": NaN
  },
  "map_time_s": null,
  "total_time_s": null,
  "sweep_value": null,
  "is_sweep_baseline": null
}