{
  "experiment": "map_laplace",
  "problem": "darcy_piecewise",
  "experiment_type": "single",
  "timestamp": "2026-06-12T05:39:17",
  "seed": 42,
  "test_idx": 0,
  "prior": null,
  "prior_ood": null,
  "condition": null,
  "conditions": null,
  "sweep_var": null,
  "baseline": null,
  "sweep_conditions": null,
  "laplace": {
    "n_samples": 20000,
    "map_max_iter": 1000,
    "hessian_reg_lambda": 0.0001,
    "neg_log_posterior_at_map": 0.3000637115141436,
    "grad_norm_at_map": 0.7677810673739035,
    "map_converged": true,
    "hessian_min_eigenvalue": -3.559427424498799,
    "hessian_condition_number": 1.6050790443805236,
    "n_negative_eigenvalues": 66,
    "fraction_clipped": 0.0,
    "a_err": 0.0,
    "crps_a": 2.9072532699167657,
    "coverage_95": 0.41854934601664684,
    "ci_width": 0.0,
    "mean_std": 0.0,
    "cal_levels": [
      0.1,
      0.19444444444444445,
      0.28888888888888886,
      0.3833333333333333,
      0.47777777777777775,
      0.5722222222222222,
      0.6666666666666666,
      0.7611111111111111,
      0.8555555555555555,
      0.95
    ],
    "cal_empirical": [
      0.41854934601664684,
      0.41854934601664684,
      0.41854934601664684,
      0.41854934601664684,
      0.41854934601664684,
      0.41854934601664684,
      0.41854934601664684,
      0.41854934601664684,
      0.41854934601664684,
      0.41854934601664684
    ],
    "sigma": null,
    "nll_a": 8.033038067591802,
    "u_err": NaN,
    "chi2_ppc": null,
    "chi2_ppc_pvalue": null,
    "map_a_err": 0.8097425699234009,
    "map_u_err": 0.08752473443746567,
    "label": "",
    "map_time_s": 14.656232595443726,
    "hessian_time_s": 6.381592750549316,
    "sampling_time_s": 0.8963334560394287,
    "spearman_rho_error_std": NaN,
    "spearman_pvalue_error_std": NaN
  },
  "map_time_s": null,
  "total_time_s": null,
  "sweep_value": null,
  "is_sweep_baseline": null
}