{
  "experiment": "map_laplace",
  "problem": "eit",
  "experiment_type": "single",
  "timestamp": "2026-06-12T05:28:15",
  "seed": 7,
  "test_idx": 1,
  "prior": null,
  "prior_ood": null,
  "condition": null,
  "conditions": null,
  "sweep_var": null,
  "baseline": null,
  "sweep_conditions": null,
  "laplace": {
    "n_samples": 8000,
    "map_max_iter": 1000,
    "hessian_reg_lambda": 0.0001,
    "neg_log_posterior_at_map": 1.5145772415322365,
    "grad_norm_at_map": 16.535659071153226,
    "map_converged": true,
    "hessian_min_eigenvalue": 668.1239564492166,
    "hessian_condition_number": 392.69124217819444,
    "n_negative_eigenvalues": 0,
    "fraction_clipped": 0.0,
    "a_err": 0.008625466376543045,
    "crps_a": 0.03449768107706032,
    "coverage_95": 1.0,
    "ci_width": 0.5699914427554593,
    "mean_std": 0.1456845802427603,
    "cal_levels": [
      0.1,
      0.19444444444444445,
      0.28888888888888886,
      0.3833333333333333,
      0.47777777777777775,
      0.5722222222222222,
      0.6666666666666666,
      0.7611111111111111,
      0.8555555555555555,
      0.95
    ],
    "cal_empirical": [
      0.4794921875,
      0.677734375,
      0.8525390625,
      0.9169921875,
      0.9677734375,
      0.990234375,
      0.9970703125,
      1.0,
      1.0,
      1.0
    ],
    "sigma": null,
    "nll_a": -1.01806952766146,
    "u_err": 0.001573573099449277,
    "chi2_ppc": null,
    "chi2_ppc_pvalue": null,
    "map_a_err": 0.0060364496894180775,
    "map_u_err": 0.0016210813773795962,
    "label": "",
    "map_time_s": 14.638393878936768,
    "hessian_time_s": 6.571962118148804,
    "sampling_time_s": 0.8119597434997559,
    "spearman_rho_error_std": -0.47465808507975105,
    "spearman_pvalue_error_std": 1.1653140698057821e-58
  },
  "map_time_s": null,
  "total_time_s": null,
  "sweep_value": null,
  "is_sweep_baseline": null
}