{
  "experiment": "map_laplace",
  "problem": "eit",
  "generated_at": "2026-06-18T12:17:10",
  "total_runs": 9,
  "valid_runs": 9,
  "failed_runs": 0,
  "failed_details": [],
  "per_instance": {
    "0": {
      "n_seeds": 3,
      "seeds": [
        7,
        42,
        123
      ],
      "metric_summaries": {
        "a_err": {
          "mean": 0.009476024967928728,
          "std": 0.0001517014685420371,
          "min": 0.009302151389420033,
          "max": 0.009581382386386395,
          "n": 3,
          "values": [
            0.009302151389420033,
            0.009581382386386395,
            0.009544541127979755
          ]
        },
        "u_err": {
          "mean": 0.0016821437748149037,
          "std": 3.153026253924766e-05,
          "min": 0.0016534390160813928,
          "max": 0.0017158916452899575,
          "n": 3,
          "values": [
            0.0016534390160813928,
            0.001677100663073361,
            0.0017158916452899575
          ]
        },
        "crps_a": {
          "mean": 0.03506223502111647,
          "std": 0.0007624231934094214,
          "min": 0.03449866090510246,
          "max": 0.03592975007714635,
          "n": 3,
          "values": [
            0.03449866090510246,
            0.03475829408110058,
            0.03592975007714635
          ]
        },
        "coverage_95": {
          "mean": 1.0,
          "std": 0.0,
          "min": 1.0,
          "max": 1.0,
          "n": 3,
          "values": [
            1.0,
            1.0,
            1.0
          ]
        },
        "ci_width": {
          "mean": 0.5773234059163618,
          "std": 0.013650130976369494,
          "min": 0.5674563729454982,
          "max": 0.5929015135604976,
          "n": 3,
          "values": [
            0.5674563729454982,
            0.5716123312430894,
            0.5929015135604976
          ]
        },
        "mean_std": {
          "mean": 0.14693272375529054,
          "std": 0.0032970968139915406,
          "min": 0.1449189883154955,
          "max": 0.15073771577276998,
          "n": 3,
          "values": [
            0.1449189883154955,
            0.14514146717760618,
            0.15073771577276998
          ]
        },
        "nll_a": {
          "mean": -0.9956565014458477,
          "std": 0.018052233584442925,
          "min": -1.0080523868021118,
          "max": -0.9749451285369585,
          "n": 3,
          "values": [
            -1.0080523868021118,
            -1.0039719889984728,
            -0.9749451285369585
          ]
        },
        "map_a_err": {
          "mean": 0.005245006022353967,
          "std": 0.00027480949593876335,
          "min": 0.004928446840494871,
          "max": 0.00542233744636178,
          "n": 3,
          "values": [
            0.00542233744636178,
            0.004928446840494871,
            0.00538423378020525
          ]
        },
        "map_u_err": {
          "mean": 0.0018758423781643312,
          "std": 2.401821669331434e-05,
          "min": 0.00184884003829211,
          "max": 0.00189482350833714,
          "n": 3,
          "values": [
            0.0018838635878637433,
            0.00184884003829211,
            0.00189482350833714
          ]
        },
        "spearman_rho_error_std": {
          "mean": -0.5354724864697328,
          "std": 0.024927268678696594,
          "min": -0.55207009736428,
          "max": -0.5068080676453758,
          "n": 3,
          "values": [
            -0.5475392943995422,
            -0.55207009736428,
            -0.5068080676453758
          ]
        },
        "spearman_pvalue_error_std": {
          "mean": 2.1512369955645523e-68,
          "std": 3.726051775439301e-68,
          "min": 9.510012189433201e-83,
          "max": 6.453710986693279e-68,
          "n": 3,
          "values": [
            3.684962208754385e-81,
            9.510012189433201e-83,
            6.453710986693279e-68
          ]
        }
      }
    },
    "1": {
      "n_seeds": 3,
      "seeds": [
        7,
        42,
        123
      ],
      "metric_summaries": {
        "a_err": {
          "mean": 0.008830631772677103,
          "std": 0.0004557078993035405,
          "min": 0.008513571694493294,
          "max": 0.009352857246994972,
          "n": 3,
          "values": [
            0.008625466376543045,
            0.008513571694493294,
            0.009352857246994972
          ]
        },
        "u_err": {
          "mean": 0.0016370929079130292,
          "std": 6.201749169200262e-05,
          "min": 0.001573573099449277,
          "max": 0.0016974901081994176,
          "n": 3,
          "values": [
            0.001573573099449277,
            0.001640215516090393,
            0.0016974901081994176
          ]
        },
        "crps_a": {
          "mean": 0.0354419226462968,
          "std": 0.0016167409387171513,
          "min": 0.03449768107706032,
          "max": 0.03730873234143179,
          "n": 3,
          "values": [
            0.03449768107706032,
            0.0345193545203983,
            0.03730873234143179
          ]
        },
        "coverage_95": {
          "mean": 1.0,
          "std": 0.0,
          "min": 1.0,
          "max": 1.0,
          "n": 3,
          "values": [
            1.0,
            1.0,
            1.0
          ]
        },
        "ci_width": {
          "mean": 0.5853466506218679,
          "std": 0.028297684539477494,
          "min": 0.56804582098068,
          "max": 0.6180026881294644,
          "n": 3,
          "values": [
            0.5699914427554593,
            0.56804582098068,
            0.6180026881294644
          ]
        },
        "mean_std": {
          "mean": 0.14915235016640357,
          "std": 0.007145554045483264,
          "min": 0.14440241901158304,
          "max": 0.15737005124486736,
          "n": 3,
          "values": [
            0.1456845802427603,
            0.14440241901158304,
            0.15737005124486736
          ]
        },
        "nll_a": {
          "mean": -1.0007998652770616,
          "std": 0.04450012210149103,
          "min": -1.0340766069245242,
          "max": -0.9502534612452005,
          "n": 3,
          "values": [
            -1.01806952766146,
            -1.0340766069245242,
            -0.9502534612452005
          ]
        },
        "map_a_err": {
          "mean": 0.006043413033088048,
          "std": 5.169327504408846e-05,
          "min": 0.005995554383844137,
          "max": 0.00609823502600193,
          "n": 3,
          "values": [
            0.0060364496894180775,
            0.005995554383844137,
            0.00609823502600193
          ]
        },
        "map_u_err": {
          "mean": 0.0016288812039420009,
          "std": 1.6513530266386108e-05,
          "min": 0.0016177123179659247,
          "max": 0.0016478499164804816,
          "n": 3,
          "values": [
            0.0016210813773795962,
            0.0016177123179659247,
            0.0016478499164804816
          ]
        },
        "spearman_rho_error_std": {
          "mean": -0.42070872970459905,
          "std": 0.04970553677780223,
          "min": -0.47465808507975105,
          "max": -0.37677113135684137,
          "n": 3,
          "values": [
            -0.47465808507975105,
            -0.41069697267720473,
            -0.37677113135684137
          ]
        },
        "spearman_pvalue_error_std": {
          "mean": 2.315483513194577e-36,
          "std": 4.0105345607982356e-36,
          "min": 1.1653140698057821e-58,
          "max": 6.946449929736882e-36,
          "n": 3,
          "values": [
            1.1653140698057821e-58,
            6.0984684878782986e-43,
            6.946449929736882e-36
          ]
        }
      }
    },
    "2": {
      "n_seeds": 3,
      "seeds": [
        7,
        42,
        123
      ],
      "metric_summaries": {
        "a_err": {
          "mean": 0.013191053022940954,
          "std": 0.0009519668687931201,