{
  "experiment": "map_laplace",
  "problem": "eit",
  "experiment_type": "single",
  "timestamp": "2026-06-12T05:25:09",
  "seed": 42,
  "test_idx": 0,
  "prior": null,
  "prior_ood": null,
  "condition": null,
  "conditions": null,
  "sweep_var": null,
  "baseline": null,
  "sweep_conditions": null,
  "laplace": {
    "n_samples": 8000,
    "map_max_iter": 1000,
    "hessian_reg_lambda": 0.0001,
    "neg_log_posterior_at_map": 1.6425753621415669,
    "grad_norm_at_map": 20.846947678618786,
    "map_converged": true,
    "hessian_min_eigenvalue": 712.4418024949344,
    "hessian_condition_number": 344.36759041111617,
    "n_negative_eigenvalues": 0,
    "fraction_clipped": 0.0,
    "a_err": 0.009581382386386395,
    "crps_a": 0.03475829408110058,
    "coverage_95": 1.0,
    "ci_width": 0.5716123312430894,
    "mean_std": 0.14514146717760618,
    "cal_levels": [
      0.1,
      0.19444444444444445,
      0.28888888888888886,
      0.3833333333333333,
      0.47777777777777775,
      0.5722222222222222,
      0.6666666666666666,
      0.7611111111111111,
      0.8555555555555555,
      0.95
    ],
    "cal_empirical": [
      0.390625,
      0.63671875,
      0.796875,
      0.916015625,
      0.9716796875,
      0.9912109375,
      0.998046875,
      1.0,
      1.0,
      1.0
    ],
    "sigma": null,
    "nll_a": -1.0039719889984728,
    "u_err": 0.001677100663073361,
    "chi2_ppc": null,
    "chi2_ppc_pvalue": null,
    "map_a_err": 0.004928446840494871,
    "map_u_err": 0.00184884003829211,
    "label": "",
    "map_time_s": 14.273772478103638,
    "hessian_time_s": 5.487361669540405,
    "sampling_time_s": 0.7055113315582275,
    "spearman_rho_error_std": -0.55207009736428,
    "spearman_pvalue_error_std": 9.510012189433201e-83
  },
  "map_time_s": null,
  "total_time_s": null,
  "sweep_value": null,
  "is_sweep_baseline": null
}