{
  "experiment": "map_laplace",
  "problem": "eit",
  "experiment_type": "single",
  "timestamp": "2026-06-12T05:27:26",
  "seed": 123,
  "test_idx": 2,
  "prior": null,
  "prior_ood": null,
  "condition": null,
  "conditions": null,
  "sweep_var": null,
  "baseline": null,
  "sweep_conditions": null,
  "laplace": {
    "n_samples": 8000,
    "map_max_iter": 1000,
    "hessian_reg_lambda": 0.0001,
    "neg_log_posterior_at_map": 1.817205005603807,
    "grad_norm_at_map": 22.177016992677395,
    "map_converged": true,
    "hessian_min_eigenvalue": 296.69858656054123,
    "hessian_condition_number": 651.950314840419,
    "n_negative_eigenvalues": 0,
    "fraction_clipped": 0.0,
    "a_err": 0.013336610980331898,
    "crps_a": 0.04328606403743245,
    "coverage_95": 1.0,
    "ci_width": 0.7068460450579915,
    "mean_std": 0.1798740304366479,
    "cal_levels": [
      0.1,
      0.19444444444444445,
      0.28888888888888886,
      0.3833333333333333,
      0.47777777777777775,
      0.5722222222222222,
      0.6666666666666666,
      0.7611111111111111,
      0.8555555555555555,
      0.95
    ],
    "cal_empirical": [
      0.3837890625,
      0.595703125,
      0.7392578125,
      0.86328125,
      0.943359375,
      0.990234375,
      1.0,
      1.0,
      1.0,
      1.0
    ],
    "sigma": null,
    "nll_a": -0.7777239757936623,
    "u_err": 0.0021937715355306864,
    "chi2_ppc": null,
    "chi2_ppc_pvalue": null,
    "map_a_err": 0.005098567809909582,
    "map_u_err": 0.002171379281207919,
    "label": "",
    "map_time_s": 12.079622745513916,
    "hessian_time_s": 4.746337413787842,
    "sampling_time_s": 0.6358096599578857,
    "spearman_rho_error_std": -0.6199465010550032,
    "spearman_pvalue_error_std": 9.111304378628784e-110
  },
  "map_time_s": null,
  "total_time_s": null,
  "sweep_value": null,
  "is_sweep_baseline": null
}