{
  "experiment": "map_laplace",
  "problem": "eit",
  "experiment_type": "single",
  "timestamp": "2026-06-12T05:27:00",
  "seed": 123,
  "test_idx": 0,
  "prior": null,
  "prior_ood": null,
  "condition": null,
  "conditions": null,
  "sweep_var": null,
  "baseline": null,
  "sweep_conditions": null,
  "laplace": {
    "n_samples": 8000,
    "map_max_iter": 1000,
    "hessian_reg_lambda": 0.0001,
    "neg_log_posterior_at_map": 1.617983531975839,
    "grad_norm_at_map": 6.964292462355187,
    "map_converged": true,
    "hessian_min_eigenvalue": 548.4464003344914,
    "hessian_condition_number": 472.4154295338632,
    "n_negative_eigenvalues": 0,
    "fraction_clipped": 0.0,
    "a_err": 0.009544541127979755,
    "crps_a": 0.03592975007714635,
    "coverage_95": 1.0,
    "ci_width": 0.5929015135604976,
    "mean_std": 0.15073771577276998,
    "cal_levels": [
      0.1,
      0.19444444444444445,
      0.28888888888888886,
      0.3833333333333333,
      0.47777777777777775,
      0.5722222222222222,
      0.6666666666666666,
      0.7611111111111111,
      0.8555555555555555,
      0.95
    ],
    "cal_empirical": [
      0.4228515625,
      0.642578125,
      0.826171875,
      0.912109375,
      0.9677734375,
      0.990234375,
      0.998046875,
      1.0,
      1.0,
      1.0
    ],
    "sigma": null,
    "nll_a": -0.9749451285369585,
    "u_err": 0.0017158916452899575,
    "chi2_ppc": null,
    "chi2_ppc_pvalue": null,
    "map_a_err": 0.00538423378020525,
    "map_u_err": 0.00189482350833714,
    "label": "",
    "map_time_s": 14.299917697906494,
    "hessian_time_s": 5.6411356925964355,
    "sampling_time_s": 0.7208466529846191,
    "spearman_rho_error_std": -0.5068080676453758,
    "spearman_pvalue_error_std": 6.453710986693279e-68
  },
  "map_time_s": null,
  "total_time_s": null,
  "sweep_value": null,
  "is_sweep_baseline": null
}