{
  "experiment": "map_laplace",
  "problem": "eit",
  "experiment_type": "single",
  "timestamp": "2026-06-12T05:28:01",
  "seed": 7,
  "test_idx": 0,
  "prior": null,
  "prior_ood": null,
  "condition": null,
  "conditions": null,
  "sweep_var": null,
  "baseline": null,
  "sweep_conditions": null,
  "laplace": {
    "n_samples": 8000,
    "map_max_iter": 1000,
    "hessian_reg_lambda": 0.0001,
    "neg_log_posterior_at_map": 1.5429872462037268,
    "grad_norm_at_map": 11.138224806493433,
    "map_converged": true,
    "hessian_min_eigenvalue": 709.475127858241,
    "hessian_condition_number": 358.53970445377405,
    "n_negative_eigenvalues": 0,
    "fraction_clipped": 0.0,
    "a_err": 0.009302151389420033,
    "crps_a": 0.03449866090510246,
    "coverage_95": 1.0,
    "ci_width": 0.5674563729454982,
    "mean_std": 0.1449189883154955,
    "cal_levels": [
      0.1,
      0.19444444444444445,
      0.28888888888888886,
      0.3833333333333333,
      0.47777777777777775,
      0.5722222222222222,
      0.6666666666666666,
      0.7611111111111111,
      0.8555555555555555,
      0.95
    ],
    "cal_empirical": [
      0.408203125,
      0.6337890625,
      0.837890625,
      0.9140625,
      0.970703125,
      0.990234375,
      0.998046875,
      1.0,
      1.0,
      1.0
    ],
    "sigma": null,
    "nll_a": -1.0080523868021118,
    "u_err": 0.0016534390160813928,
    "chi2_ppc": null,
    "chi2_ppc_pvalue": null,
    "map_a_err": 0.00542233744636178,
    "map_u_err": 0.0018838635878637433,
    "label": "",
    "map_time_s": 14.01868200302124,
    "hessian_time_s": 5.650721788406372,
    "sampling_time_s": 0.6945252418518066,
    "spearman_rho_error_std": -0.5475392943995422,
    "spearman_pvalue_error_std": 3.684962208754385e-81
  },
  "map_time_s": null,
  "total_time_s": null,
  "sweep_value": null,
  "is_sweep_baseline": null
}