{
  "experiment": "map_laplace",
  "problem": "eit",
  "experiment_type": "single",
  "timestamp": "2026-06-12T05:26:10",
  "seed": 42,
  "test_idx": 2,
  "prior": null,
  "prior_ood": null,
  "condition": null,
  "conditions": null,
  "sweep_var": null,
  "baseline": null,
  "sweep_conditions": null,
  "laplace": {
    "n_samples": 8000,
    "map_max_iter": 1000,
    "hessian_reg_lambda": 0.0001,
    "neg_log_posterior_at_map": 1.4911532279648396,
    "grad_norm_at_map": 31.342060968576316,
    "map_converged": true,
    "hessian_min_eigenvalue": 385.05405653517204,
    "hessian_condition_number": 492.5708175722991,
    "n_negative_eigenvalues": 0,
    "fraction_clipped": 0.0,
    "a_err": 0.012174690142273903,
    "crps_a": 0.04006742598398898,
    "coverage_95": 1.0,
    "ci_width": 0.6472320406867101,
    "mean_std": 0.16449332345218043,
    "cal_levels": [
      0.1,
      0.19444444444444445,
      0.28888888888888886,
      0.3833333333333333,
      0.47777777777777775,
      0.5722222222222222,
      0.6666666666666666,
      0.7611111111111111,
      0.8555555555555555,
      0.95
    ],
    "cal_empirical": [
      0.3974609375,
      0.595703125,
      0.7333984375,
      0.853515625,
      0.9482421875,
      0.990234375,
      1.0,
      1.0,
      1.0,
      1.0
    ],
    "sigma": null,
    "nll_a": -0.8711838363369204,
    "u_err": 0.0022883787751197815,
    "chi2_ppc": null,
    "chi2_ppc_pvalue": null,
    "map_a_err": 0.005015081260353327,
    "map_u_err": 0.002189787570387125,
    "label": "",
    "map_time_s": 14.596503257751465,
    "hessian_time_s": 5.7761070728302,
    "sampling_time_s": 0.7282810211181641,
    "spearman_rho_error_std": -0.5182720410735998,
    "spearman_pvalue_error_std": 1.831441417640866e-71
  },
  "map_time_s": null,
  "total_time_s": null,
  "sweep_value": null,
  "is_sweep_baseline": null
}