{
  "experiment": "map_laplace",
  "problem": "eit",
  "experiment_type": "single",
  "timestamp": "2026-06-12T05:28:25",
  "seed": 7,
  "test_idx": 2,
  "prior": null,
  "prior_ood": null,
  "condition": null,
  "conditions": null,
  "sweep_var": null,
  "baseline": null,
  "sweep_conditions": null,
  "laplace": {
    "n_samples": 8000,
    "map_max_iter": 1000,
    "hessian_reg_lambda": 0.0001,
    "neg_log_posterior_at_map": 1.6048710698917585,
    "grad_norm_at_map": 10.644646594496285,
    "map_converged": true,
    "hessian_min_eigenvalue": 421.87126149823416,
    "hessian_condition_number": 427.48961163541253,
    "n_negative_eigenvalues": 0,
    "fraction_clipped": 0.0,
    "a_err": 0.01406185794621706,
    "crps_a": 0.041252259860951046,
    "coverage_95": 1.0,
    "ci_width": 0.6641545732174434,
    "mean_std": 0.169885782690566,
    "cal_levels": [
      0.1,
      0.19444444444444445,
      0.28888888888888886,
      0.3833333333333333,
      0.47777777777777775,
      0.5722222222222222,
      0.6666666666666666,
      0.7611111111111111,
      0.8555555555555555,
      0.95
    ],
    "cal_empirical": [
      0.3310546875,
      0.572265625,
      0.7119140625,
      0.8564453125,
      0.9423828125,
      0.9921875,
      1.0,
      1.0,
      1.0,
      1.0
    ],
    "sigma": null,
    "nll_a": -0.8179853736361622,
    "u_err": 0.0022303881123661995,
    "chi2_ppc": null,
    "chi2_ppc_pvalue": null,
    "map_a_err": 0.00500216381624341,
    "map_u_err": 0.0022035653237253428,
    "label": "",
    "map_time_s": 12.080055236816406,
    "hessian_time_s": 4.739543199539185,
    "sampling_time_s": 0.638800859451294,
    "spearman_rho_error_std": -0.44329203472569906,
    "spearman_pvalue_error_std": 1.5643156415915511e-50
  },
  "map_time_s": null,
  "total_time_s": null,
  "sweep_value": null,
  "is_sweep_baseline": null
}