{
  "experiment": "map_laplace",
  "problem": "eit",
  "experiment_type": "single",
  "timestamp": "2026-06-12T05:25:59",
  "seed": 42,
  "test_idx": 1,
  "prior": null,
  "prior_ood": null,
  "condition": null,
  "conditions": null,
  "sweep_var": null,
  "baseline": null,
  "sweep_conditions": null,
  "laplace": {
    "n_samples": 8000,
    "map_max_iter": 1000,
    "hessian_reg_lambda": 0.0001,
    "neg_log_posterior_at_map": 1.4610013594783684,
    "grad_norm_at_map": 18.948761198701433,
    "map_converged": true,
    "hessian_min_eigenvalue": 642.8511796200604,
    "hessian_condition_number": 415.2243929686907,
    "n_negative_eigenvalues": 0,
    "fraction_clipped": 0.0,
    "a_err": 0.008513571694493294,
    "crps_a": 0.0345193545203983,
    "coverage_95": 1.0,
    "ci_width": 0.56804582098068,
    "mean_std": 0.14440241901158304,
    "cal_levels": [
      0.1,
      0.19444444444444445,
      0.28888888888888886,
      0.3833333333333333,
      0.47777777777777775,
      0.5722222222222222,
      0.6666666666666666,
      0.7611111111111111,
      0.8555555555555555,
      0.95
    ],
    "cal_empirical": [
      0.4794921875,
      0.6728515625,
      0.837890625,
      0.916015625,
      0.96875,
      0.990234375,
      0.9970703125,
      1.0,
      1.0,
      1.0
    ],
    "sigma": null,
    "nll_a": -1.0340766069245242,
    "u_err": 0.001640215516090393,
    "chi2_ppc": null,
    "chi2_ppc_pvalue": null,
    "map_a_err": 0.005995554383844137,
    "map_u_err": 0.0016177123179659247,
    "label": "",
    "map_time_s": 14.167892694473267,
    "hessian_time_s": 5.636213779449463,
    "sampling_time_s": 0.7029285430908203,
    "spearman_rho_error_std": -0.41069697267720473,
    "spearman_pvalue_error_std": 6.0984684878782986e-43
  },
  "map_time_s": null,
  "total_time_s": null,
  "sweep_value": null,
  "is_sweep_baseline": null
}