{
  "experiment": "map_laplace",
  "problem": "eit",
  "experiment_type": "single",
  "timestamp": "2026-06-12T05:27:12",
  "seed": 123,
  "test_idx": 1,
  "prior": null,
  "prior_ood": null,
  "condition": null,
  "conditions": null,
  "sweep_var": null,
  "baseline": null,
  "sweep_conditions": null,
  "laplace": {
    "n_samples": 8000,
    "map_max_iter": 1000,
    "hessian_reg_lambda": 0.0001,
    "neg_log_posterior_at_map": 1.5719816830865807,
    "grad_norm_at_map": 26.062862421885498,
    "map_converged": true,
    "hessian_min_eigenvalue": 451.7401893728895,
    "hessian_condition_number": 594.8141949808245,
    "n_negative_eigenvalues": 0,
    "fraction_clipped": 0.0,
    "a_err": 0.009352857246994972,
    "crps_a": 0.03730873234143179,
    "coverage_95": 1.0,
    "ci_width": 0.6180026881294644,
    "mean_std": 0.15737005124486736,
    "cal_levels": [
      0.1,
      0.19444444444444445,
      0.28888888888888886,
      0.3833333333333333,
      0.47777777777777775,
      0.5722222222222222,
      0.6666666666666666,
      0.7611111111111111,
      0.8555555555555555,
      0.95
    ],
    "cal_empirical": [
      0.5029296875,
      0.6875,
      0.8447265625,
      0.9150390625,
      0.96484375,
      0.990234375,
      0.998046875,
      1.0,
      1.0,
      1.0
    ],
    "sigma": null,
    "nll_a": -0.9502534612452005,
    "u_err": 0.0016974901081994176,
    "chi2_ppc": null,
    "chi2_ppc_pvalue": null,
    "map_a_err": 0.00609823502600193,
    "map_u_err": 0.0016478499164804816,
    "label": "",
    "map_time_s": 14.460570573806763,
    "hessian_time_s": 5.775969982147217,
    "sampling_time_s": 0.7052280902862549,
    "spearman_rho_error_std": -0.37677113135684137,
    "spearman_pvalue_error_std": 6.946449929736882e-36
  },
  "map_time_s": null,
  "total_time_s": null,
  "sweep_value": null,
  "is_sweep_baseline": null
}